url,lastmod,sitemap
https://funeral.com/blogs/the-journal,2026-10-03T00:32:20-05:00,https://funeral.com/sitemap_blogs_1.xml
https://funeral.com/blogs/podcasts,2026-08-07T03:19:11-05:00,https://funeral.com/sitemap_blogs_1.xml
https://funeral.com/blogs/videos,2026-08-06T04:00:56-05:00,https://funeral.com/sitemap_blogs_1.xml
https://funeral.com/blogs/the-journal/an-in-depth-guide-to-scattering-cremation-ashes-from-an-urn,2026-01-29T13:46:09-06:00,https://funeral.com/sitemap_blogs_1.xml
https://funeral.com/blogs/the-journal/discover-unique-cremation-urn-designs-for-a-personalized-tribute,2026-01-29T13:46:11-06:00,https://funeral.com/sitemap_blogs_1.xml
https://funeral.com/blogs/the-journal/eco-friendly-cremation-urns-honoring-your-loved-one-and-the-environment,2026-01-29T13:46:13-06:00,https://funeral.com/sitemap_blogs_1.xml
https://funeral.com/blogs/the-journal/navigating-grief-understanding-the-stages-of-pet-loss,2026-01-29T13:46:15-06:00,https://funeral.com/sitemap_blogs_1.xml
https://funeral.com/blogs/the-journal/personalized-urns-making-a-unique-tribute-to-your-loved-one,2026-01-29T13:46:17-06:00,https://funeral.com/sitemap_blogs_1.xml
https://funeral.com/blogs/the-journal/green-funerals-eco-friendly-options-for-saying-goodbye,2026-01-29T13:46:21-06:00,https://funeral.com/sitemap_blogs_1.xml
https://funeral.com/blogs/the-journal/how-to-choose-the-perfect-keepsake-jewelry-for-your-loved-one,2026-01-29T13:46:23-06:00,https://funeral.com/sitemap_blogs_1.xml
https://funeral.com/blogs/the-journal/the-importance-of-size-and-capacity-in-choosing-a-cremation-urn,2026-01-29T13:46:25-06:00,https://funeral.com/sitemap_blogs_1.xml
https://funeral.com/blogs/the-journal/selecting-an-urn-for-your-pet-honoring-our-furry-friends,2026-01-29T13:46:27-06:00,https://funeral.com/sitemap_blogs_1.xml
https://funeral.com/blogs/the-journal/how-to-move-forward-after-losing-a-pet-steps-to-healing,2026-01-29T13:46:28-06:00,https://funeral.com/sitemap_blogs_1.xml
https://funeral.com/blogs/the-journal/why-choose-a-biodegradable-urn-for-your-loved-one,2026-01-29T13:46:30-06:00,https://funeral.com/sitemap_blogs_1.xml
https://funeral.com/blogs/the-journal/eco-conscious-choices-biodegradable-urns-for-ashes,2026-01-29T13:46:31-06:00,https://funeral.com/sitemap_blogs_1.xml
https://funeral.com/blogs/the-journal/memorializing-with-art-uv-printed-urns-for-a-lasting-tribute,2026-01-29T13:46:33-06:00,https://funeral.com/sitemap_blogs_1.xml
https://funeral.com/blogs/the-journal/custom-engraved-urns-adding-a-touch-of-elegance-to-memorials,2026-01-29T13:46:34-06:00,https://funeral.com/sitemap_blogs_1.xml
https://funeral.com/blogs/the-journal/the-benefits-of-biodegradable-urns-for-sustainable-memorial-practices,2026-01-29T13:46:36-06:00,https://funeral.com/sitemap_blogs_1.xml
https://funeral.com/blogs/the-journal/the-significance-of-custom-engraved-urns-in-memorializing-loved-ones,2026-01-29T13:46:37-06:00,https://funeral.com/sitemap_blogs_1.xml
https://funeral.com/blogs/the-journal/why-biodegradable-urns-are-a-sustainable-choice-for-memorials,2026-01-29T13:46:39-06:00,https://funeral.com/sitemap_blogs_1.xml
https://funeral.com/blogs/the-journal/how-to-plan-a-meaningful-funeral-service,2026-01-29T13:46:40-06:00,https://funeral.com/sitemap_blogs_1.xml
https://funeral.com/blogs/the-journal/the-importance-of-pre-planning-your-funeral,2026-01-29T13:46:42-06:00,https://funeral.com/sitemap_blogs_1.xml
https://funeral.com/blogs/the-journal/honoring-pet-loss-choosing-the-best-urn-for-your-companion,2026-01-29T13:46:43-06:00,https://funeral.com/sitemap_blogs_1.xml
https://funeral.com/blogs/the-journal/what-is-a-biodegradable-urn-and-how-does-it-work,2026-01-29T13:46:45-06:00,https://funeral.com/sitemap_blogs_1.xml
https://funeral.com/blogs/the-journal/what-is-the-difference-between-a-funeral-and-a-memorial-service,2026-01-29T13:46:46-06:00,https://funeral.com/sitemap_blogs_1.xml
https://funeral.com/blogs/the-journal/how-do-i-choose-the-right-size-urn-for-ashes,2026-01-29T13:46:48-06:00,https://funeral.com/sitemap_blogs_1.xml
https://funeral.com/blogs/the-journal/navigating-grief-what-to-expect-and-how-to-cope,2026-01-29T13:46:52-06:00,https://funeral.com/sitemap_blogs_1.xml
https://funeral.com/blogs/the-journal/creative-ways-to-display-a-loved-one-s-urn-at-home,2026-01-29T13:46:53-06:00,https://funeral.com/sitemap_blogs_1.xml
https://funeral.com/blogs/the-journal/how-to-plan-a-funeral-in-7-steps-honoring-a-life-with-care,2026-01-29T13:46:55-06:00,https://funeral.com/sitemap_blogs_1.xml
https://funeral.com/blogs/the-journal/cremation-vs-burial-which-is-right-for-your-family,2026-01-29T13:46:57-06:00,https://funeral.com/sitemap_blogs_1.xml
https://funeral.com/blogs/the-journal/helping-children-understand-death-and-grieve,2026-01-29T13:47:04-06:00,https://funeral.com/sitemap_blogs_1.xml
https://funeral.com/blogs/the-journal/a-piece-of-them-always-with-you-why-families-choose-keepsake-urns,2026-01-29T13:47:06-06:00,https://funeral.com/sitemap_blogs_1.xml
https://funeral.com/blogs/the-journal/grieving-the-loss-of-a-pet-coping-with-the-heartbreak-of-saying-goodbye,2026-01-29T13:47:13-06:00,https://funeral.com/sitemap_blogs_1.xml
https://funeral.com/blogs/the-journal/saying-goodbye-how-to-prepare-for-the-death-of-an-aging-pet,2026-01-29T13:47:17-06:00,https://funeral.com/sitemap_blogs_1.xml
https://funeral.com/blogs/the-journal/when-grief-feels-overwhelming-how-to-cope-after-the-loss-of-a-loved-one,2026-01-29T13:47:18-06:00,https://funeral.com/sitemap_blogs_1.xml
https://funeral.com/blogs/the-journal/writing-a-eulogy-how-to-capture-a-life-in-words,2026-01-29T13:47:20-06:00,https://funeral.com/sitemap_blogs_1.xml
https://funeral.com/blogs/the-journal/why-pre-planning-a-funeral-is-a-gift-to-your-family,2026-01-29T13:47:22-06:00,https://funeral.com/sitemap_blogs_1.xml
https://funeral.com/blogs/the-journal/when-the-funeral-is-over-how-to-navigate-life-after-the-loss,2026-01-29T13:47:23-06:00,https://funeral.com/sitemap_blogs_1.xml
https://funeral.com/blogs/the-journal/pet-urns-for-ashes-a-complete-guide-for-dog-and-cat-owners,2026-08-01T01:42:41-05:00,https://funeral.com/sitemap_blogs_1.xml
https://funeral.com/blogs/the-journal/from-ashes-to-art-cremation-jewelry,2026-01-29T13:47:27-06:00,https://funeral.com/sitemap_blogs_1.xml
https://funeral.com/blogs/the-journal/traditional-burial-vs-cremation,2026-01-29T13:47:28-06:00,https://funeral.com/sitemap_blogs_1.xml
https://funeral.com/blogs/the-journal/the-meaning-of-the-color-red-in-grief-funerals-and-memorials,2026-03-11T23:33:31-05:00,https://funeral.com/sitemap_blogs_1.xml
https://funeral.com/blogs/the-journal/blue-cremation-urns-designing-a-calm-ocean-inspired-memorial,2026-01-29T13:47:33-06:00,https://funeral.com/sitemap_blogs_1.xml
https://funeral.com/blogs/the-journal/graveside-service-cremation-service-or-celebration-of-life,2026-01-29T13:47:35-06:00,https://funeral.com/sitemap_blogs_1.xml
https://funeral.com/blogs/the-journal/what-happens-at-a-funeral-service,2026-01-29T13:47:39-06:00,https://funeral.com/sitemap_blogs_1.xml
https://funeral.com/blogs/the-journal/what-to-expect-at-a-cremation-service-a-compassionate-first-time-guide,2026-01-29T13:47:40-06:00,https://funeral.com/sitemap_blogs_1.xml
https://funeral.com/blogs/the-journal/how-to-transfer-ashes-into-a-cremation-urn,2026-01-29T13:47:42-06:00,https://funeral.com/sitemap_blogs_1.xml
https://funeral.com/blogs/the-journal/cremation-faqs-honest-answers-to-the-questions-families-ask-most,2026-01-29T13:47:45-06:00,https://funeral.com/sitemap_blogs_1.xml
https://funeral.com/blogs/the-journal/what-happens-during-cremation,2026-01-29T13:47:46-06:00,https://funeral.com/sitemap_blogs_1.xml
https://funeral.com/blogs/the-journal/how-much-does-cremation-cost-average-prices-and-budget-friendly-options,2026-01-29T13:47:49-06:00,https://funeral.com/sitemap_blogs_1.xml
https://funeral.com/blogs/the-journal/what-is-direct-burial-how-it-works-who-it-s-for-and-how-it-differs-from-cremation,2026-01-29T13:47:51-06:00,https://funeral.com/sitemap_blogs_1.xml
https://funeral.com/blogs/the-journal/cremation-jewelry-101-what-it-is-how-it-s-made-and-who-it-s-right-for,2026-01-29T13:47:53-06:00,https://funeral.com/sitemap_blogs_1.xml
https://funeral.com/blogs/the-journal/how-to-choose-a-cremation-urn-that-actually-fits-your-plans-home-burial-scattering-travel,2026-01-29T13:47:55-06:00,https://funeral.com/sitemap_blogs_1.xml
https://funeral.com/blogs/the-journal/keeping-ashes-at-home-how-to-do-it-safely-respectfully-and-legally,2026-03-13T02:08:30-05:00,https://funeral.com/sitemap_blogs_1.xml
https://funeral.com/blogs/the-journal/a-short-history-of-when-coffins-started-being-used-in-burials,2026-01-29T13:47:59-06:00,https://funeral.com/sitemap_blogs_1.xml
https://funeral.com/blogs/the-journal/a-simple-guide-to-coffins-types-materials-and-traditions,2026-01-29T13:48:00-06:00,https://funeral.com/sitemap_blogs_1.xml
https://funeral.com/blogs/the-journal/a-simple-explanation-of-why-some-ashes-smell-and-some-dont,2026-03-08T03:57:28-05:00,https://funeral.com/sitemap_blogs_1.xml
https://funeral.com/blogs/the-journal/memory-boxes-and-keepsake-ideas-what-to-save-when-you-don-t-want-a-big-urn,2026-01-29T13:48:04-06:00,https://funeral.com/sitemap_blogs_1.xml
https://funeral.com/blogs/the-journal/understanding-what-happens-during-a-water-burial-ceremony,2026-01-29T13:48:05-06:00,https://funeral.com/sitemap_blogs_1.xml
https://funeral.com/blogs/the-journal/beautiful-ideas-for-using-ashes-in-a-garden-memorial-space,2026-03-21T23:19:49-05:00,https://funeral.com/sitemap_blogs_1.xml
https://funeral.com/blogs/the-journal/beautiful-ways-on-how-to-make-ashes-into-jewelry-you-can-wear,2026-01-29T13:48:09-06:00,https://funeral.com/sitemap_blogs_1.xml
https://funeral.com/blogs/the-journal/choosing-the-right-urn-for-dog-ashes-sizes-styles-and-tips,2026-01-29T13:48:11-06:00,https://funeral.com/sitemap_blogs_1.xml
https://funeral.com/blogs/the-journal/creative-and-loving-ideas-for-dog-ashes-to-honor-your-pet,2026-01-29T13:48:13-06:00,https://funeral.com/sitemap_blogs_1.xml
https://funeral.com/blogs/the-journal/understanding-where-do-people-get-cremated-options-and-processes,2026-01-29T13:48:18-06:00,https://funeral.com/sitemap_blogs_1.xml
https://funeral.com/blogs/the-journal/creative-urn-ideas-for-ashes-memorial-options-for-loved-ones,2026-01-29T13:48:22-06:00,https://funeral.com/sitemap_blogs_1.xml
https://funeral.com/blogs/the-journal/patterns-and-symbols-on-cremation-urns-what-they-mean-and-how-to-choose-one,2026-01-29T13:48:24-06:00,https://funeral.com/sitemap_blogs_1.xml
https://funeral.com/blogs/the-journal/a-helpful-guide-on-how-to-bury-a-pet-in-your-backyard-legally,2026-03-08T04:11:45-05:00,https://funeral.com/sitemap_blogs_1.xml
https://funeral.com/blogs/the-journal/a-faith-based-look-at-whether-dogs-go-to-heaven-when-they-die,2026-01-29T13:48:29-06:00,https://funeral.com/sitemap_blogs_1.xml
https://funeral.com/blogs/the-journal/a-look-at-where-dogs-go-when-they-die-according-to-the-bible,2026-03-12T18:55:38-05:00,https://funeral.com/sitemap_blogs_1.xml
https://funeral.com/blogs/the-journal/why-memorials-matter-how-monuments-memorial-parks-and-online-tributes-help-us-remember,2026-01-29T13:48:32-06:00,https://funeral.com/sitemap_blogs_1.xml
https://funeral.com/blogs/the-journal/burying-a-pet-with-respect-legal-safe-and-heartfelt-methods,2026-04-09T07:57:47-05:00,https://funeral.com/sitemap_blogs_1.xml
https://funeral.com/blogs/the-journal/american-flag-history-and-meaning-stars-stripes-colors-and-flag-etiquette,2026-01-29T13:48:36-06:00,https://funeral.com/sitemap_blogs_1.xml
https://funeral.com/blogs/the-journal/coping-when-your-guinea-pig-died-why-it-hurts-so-much-and-how-to-heal,2026-03-18T00:33:39-05:00,https://funeral.com/sitemap_blogs_1.xml
https://funeral.com/blogs/the-journal/pet-sympathy-gifts-meaningful-ways-to-offer-comfort-when-a-friend-loses-a-beloved-animal,2026-05-25T00:21:30-05:00,https://funeral.com/sitemap_blogs_1.xml
https://funeral.com/blogs/the-journal/what-is-embalming-process-safety-and-when-it-s-needed,2026-01-29T13:48:40-06:00,https://funeral.com/sitemap_blogs_1.xml
https://funeral.com/blogs/the-journal/what-it-really-costs-to-cremate-a-cat,2026-01-29T13:48:42-06:00,https://funeral.com/sitemap_blogs_1.xml
https://funeral.com/blogs/the-journal/where-do-dogs-go-when-they-die-comforting-ideas-grief-support-and-ways-to-remember,2026-01-29T13:48:44-06:00,https://funeral.com/sitemap_blogs_1.xml
https://funeral.com/blogs/the-journal/funeral-flower-messages-and-ribbon-wording-what-to-say-on-wreaths-sprays-and-bouquets,2026-03-07T19:17:24-06:00,https://funeral.com/sitemap_blogs_1.xml
https://funeral.com/blogs/the-journal/pet-cremation-options-explained-communal-partitioned-and-private-cremation,2026-01-29T13:48:48-06:00,https://funeral.com/sitemap_blogs_1.xml
https://funeral.com/blogs/the-journal/the-rainbow-bridge-poem-explained-comfort-origins-and-how-it-helps-with-pet-loss,2026-01-29T13:48:49-06:00,https://funeral.com/sitemap_blogs_1.xml
https://funeral.com/blogs/the-journal/how-to-transport-human-remains,2026-01-29T13:48:51-06:00,https://funeral.com/sitemap_blogs_1.xml
https://funeral.com/blogs/the-journal/how-to-write-an-obituary-step-by-step-guide-with-examples-and-templates,2026-01-29T13:48:52-06:00,https://funeral.com/sitemap_blogs_1.xml
https://funeral.com/blogs/the-journal/how-much-does-a-funeral-cost-complete-funeral-price-breakdown-and-ways-to-save,2026-01-29T13:48:54-06:00,https://funeral.com/sitemap_blogs_1.xml
https://funeral.com/blogs/the-journal/memorial-donations-in-lieu-of-flowers-how-to-request-and-manage-gifts-in-someone-s-honor,2026-03-08T15:13:53-05:00,https://funeral.com/sitemap_blogs_1.xml
https://funeral.com/blogs/the-journal/life-insurance-and-funeral-costs-how-payouts-can-help-and-what-to-watch-for,2026-01-29T13:48:58-06:00,https://funeral.com/sitemap_blogs_1.xml
https://funeral.com/blogs/the-journal/organ-donation-and-body-donation-to-science-how-they-affect-funeral-and-cremation-plans,2026-01-29T13:49:00-06:00,https://funeral.com/sitemap_blogs_1.xml
https://funeral.com/blogs/the-journal/advance-directives-and-living-wills-making-medical-wishes-clear-before-the-end-of-life,2026-01-29T13:49:01-06:00,https://funeral.com/sitemap_blogs_1.xml
https://funeral.com/blogs/the-journal/dating-and-new-relationships-after-the-death-of-a-spouse-guilt-timing-and-talking-with-family,2026-01-29T13:49:03-06:00,https://funeral.com/sitemap_blogs_1.xml
https://funeral.com/blogs/the-journal/should-children-attend-funerals-age-by-age-considerations-preparation-and-alternatives-1,2026-01-29T13:49:04-06:00,https://funeral.com/sitemap_blogs_1.xml
https://funeral.com/blogs/the-journal/headstone-epitaph-ideas-beautiful-words-quotes-and-short-sayings-for-gravestones,2026-03-11T02:56:20-05:00,https://funeral.com/sitemap_blogs_1.xml
https://funeral.com/blogs/the-journal/coping-with-the-loss-of-a-dog-grief-rainbow-bridge-rituals-and-memorial-ideas,2026-01-29T13:49:09-06:00,https://funeral.com/sitemap_blogs_1.xml
https://funeral.com/blogs/the-journal/pet-cremation-cost-by-size-small-medium-and-large-dog-and-cat-price-guide,2026-03-18T16:52:18-05:00,https://funeral.com/sitemap_blogs_1.xml
https://funeral.com/blogs/the-journal/burying-a-pet-at-home-legal-rules-safety-tips-and-alternatives-to-consider,2026-01-29T13:49:14-06:00,https://funeral.com/sitemap_blogs_1.xml
https://funeral.com/blogs/the-journal/headstone-quotes-and-sayings-choosing-the-right-words-for-a-loved-one-s-grave,2026-01-29T13:49:15-06:00,https://funeral.com/sitemap_blogs_1.xml
https://funeral.com/blogs/the-journal/gravesite-decoration-ideas-flowers-flags-and-seasonal-tributes-that-last,2026-01-29T13:49:18-06:00,https://funeral.com/sitemap_blogs_1.xml
https://funeral.com/blogs/the-journal/mailing-cremated-remains-usps-rules-required-kits-and-how-to-ship-ashes-safely,2026-03-11T00:36:41-05:00,https://funeral.com/sitemap_blogs_1.xml
https://funeral.com/blogs/the-journal/choosing-the-right-urn-size-capacity-guide-for-adults-children-and-pets,2026-03-25T16:56:42-05:00,https://funeral.com/sitemap_blogs_1.xml
https://funeral.com/blogs/the-journal/preplanning-a-funeral-benefits-costs-and-questions-to-ask-before-you-sign,2026-01-29T13:49:23-06:00,https://funeral.com/sitemap_blogs_1.xml
https://funeral.com/blogs/the-journal/catholic-funeral-mass-explained-rituals-prayers-and-what-families-can-expect,2026-03-24T20:58:23-05:00,https://funeral.com/sitemap_blogs_1.xml
https://funeral.com/blogs/the-journal/what-to-wear-to-a-funeral-wake-or-celebration-of-life-dress-code-made-simple,2026-03-06T23:39:07-06:00,https://funeral.com/sitemap_blogs_1.xml
https://funeral.com/blogs/the-journal/cat-euthanasia-and-cremation-costs-what-to-expect-at-the-vet-and-crematory,2026-03-21T17:18:10-05:00,https://funeral.com/sitemap_blogs_1.xml
https://funeral.com/blogs/the-journal/coping-with-the-loss-of-a-pet-grief-stages-support-and-memorial-ideas,2026-01-29T13:49:31-06:00,https://funeral.com/sitemap_blogs_1.xml
https://funeral.com/blogs/the-journal/religions-and-cremation-how-different-faiths-view-cremation-vs-burial,2026-01-29T13:49:34-06:00,https://funeral.com/sitemap_blogs_1.xml
https://funeral.com/blogs/the-journal/funeral-music-ideas-choosing-songs-for-services-viewings-and-celebrations-of-life,2026-01-29T13:50:19-06:00,https://funeral.com/sitemap_blogs_1.xml
https://funeral.com/blogs/the-journal/what-is-a-wake-differences-between-a-wake-viewing-visitation-and-funeral-service,2026-01-29T13:50:22-06:00,https://funeral.com/sitemap_blogs_1.xml
https://funeral.com/blogs/the-journal/memorial-service-vs-celebration-of-life-key-differences-and-how-to-choose,2026-01-29T13:50:24-06:00,https://funeral.com/sitemap_blogs_1.xml
https://funeral.com/blogs/the-journal/cheerful-and-uplifting-funeral-songs-when-families-want-a-more-positive-tone,2026-01-29T13:50:30-06:00,https://funeral.com/sitemap_blogs_1.xml
https://funeral.com/blogs/the-journal/funeral-poems-and-readings-choosing-words-that-bring-comfort-and-honor-a-life,2026-01-29T13:50:32-06:00,https://funeral.com/sitemap_blogs_1.xml
https://funeral.com/blogs/the-journal/scattering-ashes-laws-locations-and-meaningful-ideas-for-saying-goodbye,2026-01-29T13:50:34-06:00,https://funeral.com/sitemap_blogs_1.xml
https://funeral.com/blogs/the-journal/traveling-with-cremated-remains-tsa-rules-airline-policies-and-practical-tips,2026-01-29T13:50:36-06:00,https://funeral.com/sitemap_blogs_1.xml
https://funeral.com/blogs/the-journal/memorial-day-cemetery-decorations-creative-tips-for-honoring-loved-ones,2026-01-29T13:50:37-06:00,https://funeral.com/sitemap_blogs_1.xml
https://funeral.com/blogs/the-journal/final-letters-and-ethical-wills-passing-on-values-stories-and-messages-of-love,2026-01-29T13:50:40-06:00,https://funeral.com/sitemap_blogs_1.xml
https://funeral.com/blogs/the-journal/digital-legacy-planning-passwords-social-media-accounts-and-online-memories,2026-01-29T13:50:42-06:00,https://funeral.com/sitemap_blogs_1.xml
https://funeral.com/blogs/the-journal/should-children-attend-funerals-age-by-age-guidance-and-how-to-prepare-them,2026-01-29T13:50:44-06:00,https://funeral.com/sitemap_blogs_1.xml
https://funeral.com/blogs/the-journal/grief-support-groups-and-counseling-finding-help-that-matches-your-needs,2026-01-29T13:50:46-06:00,https://funeral.com/sitemap_blogs_1.xml
https://funeral.com/blogs/the-journal/cremation-jewelry-care-guide-cleaning-wearing-and-keeping-ashes-secure,2026-01-29T13:50:47-06:00,https://funeral.com/sitemap_blogs_1.xml
https://funeral.com/blogs/the-journal/pet-urn-types-and-materials-choosing-the-right-urn-for-your-dog-or-cat,2026-01-29T13:50:49-06:00,https://funeral.com/sitemap_blogs_1.xml
https://funeral.com/blogs/the-journal/how-to-support-a-grieving-friend-what-helps-what-hurts-and-small-gestures-that-matter,2026-01-29T13:50:58-06:00,https://funeral.com/sitemap_blogs_1.xml
https://funeral.com/blogs/the-journal/pets-at-funerals-and-memorials-when-it-works-when-it-doesn-t-and-how-to-prepare,2026-01-29T13:50:59-06:00,https://funeral.com/sitemap_blogs_1.xml
https://funeral.com/blogs/the-journal/siblings-and-inheritance-preventing-conflict-over-money-keepsakes-and-care-decisions,2026-01-29T13:51:01-06:00,https://funeral.com/sitemap_blogs_1.xml
https://funeral.com/blogs/the-journal/living-alone-after-the-death-of-a-spouse-safety-routine-and-rebuilding-daily-life,2026-01-29T13:51:04-06:00,https://funeral.com/sitemap_blogs_1.xml
https://funeral.com/blogs/the-journal/blended-families-and-step-relationships-navigating-grief-roles-and-funeral-decisions,2026-01-29T13:51:07-06:00,https://funeral.com/sitemap_blogs_1.xml
https://funeral.com/blogs/the-journal/planning-a-funeral-on-a-budget-honoring-a-life-without-overspending,2026-01-29T13:51:08-06:00,https://funeral.com/sitemap_blogs_1.xml
https://funeral.com/blogs/the-journal/when-family-disagrees-about-what-to-do-with-ashes-compromise-legal-rights-and-creative-solutions,2026-01-29T13:51:10-06:00,https://funeral.com/sitemap_blogs_1.xml
https://funeral.com/blogs/the-journal/what-to-do-when-a-loved-one-dies-practical-steps-cremation-urns-and-memorial-options,2026-01-29T13:51:13-06:00,https://funeral.com/sitemap_blogs_1.xml
https://funeral.com/blogs/the-journal/best-funeral-poems-and-how-they-fit-with-cremation-urns-ashes-and-everyday-grief,2026-01-29T13:51:15-06:00,https://funeral.com/sitemap_blogs_1.xml
https://funeral.com/blogs/the-journal/cremation-urns-pet-urns-and-cremation-jewelry-a-gentle-guide-to-keeping-ashes-close,2026-01-29T13:51:17-06:00,https://funeral.com/sitemap_blogs_1.xml
https://funeral.com/blogs/the-journal/veteran-funeral-benefits-a-warm-practical-guide-to-va-burial-cremation-and-honors,2026-01-29T13:51:18-06:00,https://funeral.com/sitemap_blogs_1.xml
https://funeral.com/blogs/the-journal/social-security-benefits-after-a-death,2026-01-29T13:51:20-06:00,https://funeral.com/sitemap_blogs_1.xml
https://funeral.com/blogs/the-journal/best-poems-for-funerals-how-words-ashes-and-memory-come-together,2026-01-29T13:51:21-06:00,https://funeral.com/sitemap_blogs_1.xml
https://funeral.com/blogs/the-journal/how-to-choose-a-funeral-home,2026-01-29T13:51:23-06:00,https://funeral.com/sitemap_blogs_1.xml
https://funeral.com/blogs/the-journal/grieving-a-parent-vs-grieving-a-spouse-or-partner-why-each-loss-can-feel-different,2026-01-29T13:51:26-06:00,https://funeral.com/sitemap_blogs_1.xml
https://funeral.com/blogs/the-journal/lgbtq-partners-and-chosen-family-ensuring-wishes-are-respected-in-death-and-memorials,2026-01-29T13:51:27-06:00,https://funeral.com/sitemap_blogs_1.xml
https://funeral.com/blogs/the-journal/cremation-urns-pet-urns-and-cremation-jewelry-a-gentle-guide-to-your-options,2026-01-29T13:51:28-06:00,https://funeral.com/sitemap_blogs_1.xml
https://funeral.com/blogs/the-journal/faith-spirituality-and-doubt-in-grief-when-beliefs-are-comforting-and-when-they-are-challenged,2026-01-29T13:51:35-06:00,https://funeral.com/sitemap_blogs_1.xml
https://funeral.com/blogs/the-journal/unique-memorial-keepsakes-from-fingerprint-jewelry-to-artwork-made-with-ashes,2026-01-29T13:51:37-06:00,https://funeral.com/sitemap_blogs_1.xml
https://funeral.com/blogs/the-journal/casket-choices-explained-materials-features-rental-options-and-saving-on-costs,2026-01-29T13:51:39-06:00,https://funeral.com/sitemap_blogs_1.xml
https://funeral.com/blogs/the-journal/caring-for-cremation-urns-cleaning-display-and-long-term-protection,2026-01-29T13:51:40-06:00,https://funeral.com/sitemap_blogs_1.xml
https://funeral.com/blogs/the-journal/planning-a-funeral-from-out-of-town-long-distance-coordination-made-easier,2026-01-29T13:51:41-06:00,https://funeral.com/sitemap_blogs_1.xml
https://funeral.com/blogs/the-journal/holding-a-second-memorial-or-anniversary-gathering-remembering-a-loved-one-later-on,2026-01-29T13:51:43-06:00,https://funeral.com/sitemap_blogs_1.xml
https://funeral.com/blogs/the-journal/talking-about-end-of-life-wishes-with-family-conversation-starters-and-common-roadblocks,2026-01-29T13:51:46-06:00,https://funeral.com/sitemap_blogs_1.xml
https://funeral.com/blogs/the-journal/how-to-write-and-deliver-a-eulogy-tips-examples-and-handling-emotions,2026-01-29T13:51:48-06:00,https://funeral.com/sitemap_blogs_1.xml
https://funeral.com/blogs/the-journal/choosing-a-memorial-charity-turning-in-lieu-of-flowers-into-a-living-tribute,2026-01-29T13:51:50-06:00,https://funeral.com/sitemap_blogs_1.xml
https://funeral.com/blogs/the-journal/supporting-a-surviving-parent-after-the-other-parent-dies-boundaries-roles-and-emotional-care,2026-01-29T13:51:52-06:00,https://funeral.com/sitemap_blogs_1.xml
https://funeral.com/blogs/the-journal/closing-accounts-and-subscriptions-after-a-death-step-by-step-help-for-everyday-bills,2026-01-29T13:51:54-06:00,https://funeral.com/sitemap_blogs_1.xml
https://funeral.com/blogs/the-journal/how-to-choose-a-funeral-home-questions-to-ask-red-flags-and-comparing-local-options,2026-01-29T13:51:56-06:00,https://funeral.com/sitemap_blogs_1.xml
https://funeral.com/blogs/the-journal/green-burial-and-natural-burial-grounds-eco-friendly-alternatives-to-traditional-funerals,2026-01-29T13:51:57-06:00,https://funeral.com/sitemap_blogs_1.xml
https://funeral.com/blogs/the-journal/preplanning-your-own-funeral-or-cremation-benefits-decisions-and-what-to-put-in-writing,2026-01-29T13:51:59-06:00,https://funeral.com/sitemap_blogs_1.xml
https://funeral.com/blogs/the-journal/choosing-a-pet-urn-for-ashes-how-to-make-it-feel-like-them,2026-01-29T13:52:01-06:00,https://funeral.com/sitemap_blogs_1.xml
https://funeral.com/blogs/the-journal/poems-to-honor-the-loss-of-a-loved-one,2026-01-29T13:52:02-06:00,https://funeral.com/sitemap_blogs_1.xml
https://funeral.com/blogs/the-journal/veterans-funeral-benefits-and-military-honors-what-families-need-to-know,2026-01-29T13:52:04-06:00,https://funeral.com/sitemap_blogs_1.xml
https://funeral.com/blogs/the-journal/important-papers-to-organize-before-and-after-a-death-documents-passwords-and-where-to-store-them,2026-01-29T13:52:06-06:00,https://funeral.com/sitemap_blogs_1.xml
https://funeral.com/blogs/the-journal/what-to-do-when-someone-dies-at-home-step-by-step-guide-for-expected-and-unexpected-deaths,2026-01-29T13:52:08-06:00,https://funeral.com/sitemap_blogs_1.xml
https://funeral.com/blogs/the-journal/child-and-teen-grief-how-to-support-younger-people-after-a-death-in-the-family,2026-01-29T13:52:10-06:00,https://funeral.com/sitemap_blogs_1.xml
https://funeral.com/blogs/the-journal/companion-urns-and-double-headstones-planning-memorials-for-two-people,2026-03-22T17:23:06-05:00,https://funeral.com/sitemap_blogs_1.xml
https://funeral.com/blogs/the-journal/miscarriage-stillbirth-and-infant-loss-memorial-options-and-gentle-support,2026-03-19T23:47:20-05:00,https://funeral.com/sitemap_blogs_1.xml
https://funeral.com/blogs/the-journal/columbariums-and-scattering-gardens-final-resting-places-beyond-traditional-graves,2026-01-29T13:52:16-06:00,https://funeral.com/sitemap_blogs_1.xml
https://funeral.com/blogs/the-journal/holiday-grief-coping-with-birthdays-anniversaries-and-special-days-after-a-loss,2026-01-29T13:52:18-06:00,https://funeral.com/sitemap_blogs_1.xml
https://funeral.com/blogs/the-journal/sorting-a-loved-one-s-belongings-where-to-start-and-how-to-make-it-less-overwhelming,2026-01-29T13:52:20-06:00,https://funeral.com/sitemap_blogs_1.xml
https://funeral.com/blogs/the-journal/debt-after-death-what-happens-to-credit-cards-loans-and-medical-bills,2026-01-29T13:52:21-06:00,https://funeral.com/sitemap_blogs_1.xml
https://funeral.com/blogs/the-journal/cremation-jewelry-for-men-and-women-style-discretion-and-how-to-choose,2026-01-29T13:52:23-06:00,https://funeral.com/sitemap_blogs_1.xml
https://funeral.com/blogs/the-journal/planning-a-memorial-slideshow-photo-selection-music-and-technical-tips,2026-03-21T18:34:50-05:00,https://funeral.com/sitemap_blogs_1.xml
https://funeral.com/blogs/the-journal/hospice-vs-palliative-care-how-they-differ-and-how-they-support-families-near-the-end-of-life,2026-01-29T13:52:28-06:00,https://funeral.com/sitemap_blogs_1.xml
https://funeral.com/blogs/the-journal/anticipatory-grief-coping-with-emotions-when-a-loved-one-is-dying,2026-01-29T13:52:29-06:00,https://funeral.com/sitemap_blogs_1.xml
https://funeral.com/blogs/the-journal/creating-a-memorial-space-at-home-altars-photo-displays-and-everyday-reminders,2026-01-29T13:52:31-06:00,https://funeral.com/sitemap_blogs_1.xml
https://funeral.com/blogs/the-journal/grief-in-the-workplace-how-managers-and-coworkers-can-respond-with-compassion,2026-01-29T13:52:33-06:00,https://funeral.com/sitemap_blogs_1.xml
https://funeral.com/blogs/the-journal/when-a-death-is-sudden-coping-with-shock-autopsies-and-unanswered-questions,2026-01-29T13:52:35-06:00,https://funeral.com/sitemap_blogs_1.xml
https://funeral.com/blogs/the-journal/when-a-loved-one-dies-far-away-repatriation-paperwork-and-remote-mourning,2026-01-29T13:52:36-06:00,https://funeral.com/sitemap_blogs_1.xml
https://funeral.com/blogs/the-journal/remembering-together-at-a-distance-virtual-vigils-video-calls-and-shared-online-rituals,2026-01-29T13:52:37-06:00,https://funeral.com/sitemap_blogs_1.xml
https://funeral.com/blogs/the-journal/memorializing-a-loved-one-on-social-media-posts-tributes-and-privacy-choices,2026-01-29T13:52:39-06:00,https://funeral.com/sitemap_blogs_1.xml
https://funeral.com/blogs/the-journal/ashes-at-home-safety-etiquette-and-talking-with-family-about-long-term-plans,2026-01-29T13:52:41-06:00,https://funeral.com/sitemap_blogs_1.xml
https://funeral.com/blogs/the-journal/estate-planning-basics-after-a-death-wills-probate-and-what-executors-actually-do,2026-01-29T13:52:42-06:00,https://funeral.com/sitemap_blogs_1.xml
https://funeral.com/blogs/the-journal/how-much-does-a-funeral-cost,2026-01-29T13:52:44-06:00,https://funeral.com/sitemap_blogs_1.xml
https://funeral.com/blogs/the-journal/cremation-urns-pet-urns-and-cremation-jewelry-a-practical-guide-for-real-families,2026-01-29T13:52:46-06:00,https://funeral.com/sitemap_blogs_1.xml
https://funeral.com/blogs/the-journal/pet-loss-grief-vs-human-loss-why-the-pain-can-feel-the-same,2026-01-29T13:52:47-06:00,https://funeral.com/sitemap_blogs_1.xml
https://funeral.com/blogs/the-journal/explaining-pet-euthanasia-to-children-gentle-language-for-a-very-hard-topic,2026-01-29T13:52:50-06:00,https://funeral.com/sitemap_blogs_1.xml
https://funeral.com/blogs/the-journal/talking-about-pet-loss-in-therapy-what-to-expect-and-how-it-can-help,2026-01-29T13:52:51-06:00,https://funeral.com/sitemap_blogs_1.xml
https://funeral.com/blogs/the-journal/choosing-between-a-church-funeral-and-a-nonreligious-venue-questions-to-consider,2026-01-29T13:52:54-06:00,https://funeral.com/sitemap_blogs_1.xml
https://funeral.com/blogs/the-journal/blending-different-faith-traditions-in-one-funeral-practical-ideas-and-respectful-compromises,2026-01-29T13:52:56-06:00,https://funeral.com/sitemap_blogs_1.xml
https://funeral.com/blogs/the-journal/is-it-okay-to-take-photos-at-a-funeral-etiquette-boundaries-and-alternatives,2026-01-29T13:52:58-06:00,https://funeral.com/sitemap_blogs_1.xml
https://funeral.com/blogs/the-journal/going-back-to-work-after-a-death-or-pet-loss-managing-grief-in-a-workplace-setting,2026-01-29T13:53:00-06:00,https://funeral.com/sitemap_blogs_1.xml
https://funeral.com/blogs/the-journal/why-losing-a-pet-hurts-so-deeply-and-why-your-grief-is-real,2026-01-29T13:53:03-06:00,https://funeral.com/sitemap_blogs_1.xml
https://funeral.com/blogs/the-journal/should-you-see-or-hold-your-pet-after-they-have-passed-what-people-say-helps,2026-01-29T13:53:06-06:00,https://funeral.com/sitemap_blogs_1.xml
https://funeral.com/blogs/the-journal/coordinating-memorial-dates-for-both-pets-and-people-avoiding-overwhelm-while-honoring-everyone,2026-01-29T13:53:10-06:00,https://funeral.com/sitemap_blogs_1.xml
https://funeral.com/blogs/the-journal/pet-cremation-a-practical-emotional-guide-for-families,2026-04-09T07:51:35-05:00,https://funeral.com/sitemap_blogs_1.xml
https://funeral.com/blogs/the-journal/pet-urns-pet-keepsake-jewelry-choosing-a-memorial-that-feels-right,2026-04-09T07:59:05-05:00,https://funeral.com/sitemap_blogs_1.xml
https://funeral.com/blogs/the-journal/cultural-differences-in-grieving-and-funerals-learning-from-traditions-around-the-world,2026-01-29T13:53:15-06:00,https://funeral.com/sitemap_blogs_1.xml
https://funeral.com/blogs/the-journal/when-you-couldn-t-afford-treatment-coping-with-financial-guilt-after-a-pet-s-death,2026-01-29T13:53:18-06:00,https://funeral.com/sitemap_blogs_1.xml
https://funeral.com/blogs/the-journal/pet-cremation-costs-and-how-to-compare-local-providers,2026-01-29T13:53:19-06:00,https://funeral.com/sitemap_blogs_1.xml
https://funeral.com/blogs/the-journal/how-to-know-when-it-s-time-to-say-goodbye-making-end-of-life-decisions-for-a-pet,2026-01-29T13:53:22-06:00,https://funeral.com/sitemap_blogs_1.xml
https://funeral.com/blogs/the-journal/self-care-in-grief-sleep-nutrition-movement-and-gentle-routines-when-you-feel-numb-or-overwhelmed,2026-01-29T13:53:24-06:00,https://funeral.com/sitemap_blogs_1.xml
https://funeral.com/blogs/the-journal/how-to-plan-a-celebration-of-life-step-by-step-guide,2026-08-01T02:12:51-05:00,https://funeral.com/sitemap_blogs_1.xml
https://funeral.com/blogs/the-journal/planning-a-celebration-of-life-without-a-body-or-ashes-present-ideas-and-etiquette,2026-01-29T13:53:27-06:00,https://funeral.com/sitemap_blogs_1.xml
https://funeral.com/blogs/the-journal/should-you-watch-your-pet-s-cremation-what-families-need-to-know,2026-01-29T13:53:28-06:00,https://funeral.com/sitemap_blogs_1.xml
https://funeral.com/blogs/the-journal/the-shock-of-losing-a-pet-suddenly-emotional-reactions-guilt-and-what-helps,2026-01-29T13:53:30-06:00,https://funeral.com/sitemap_blogs_1.xml
https://funeral.com/blogs/the-journal/helping-kids-create-their-own-memorials-drawings-letters-crafts-and-comfort-items,2026-01-29T13:53:32-06:00,https://funeral.com/sitemap_blogs_1.xml
https://funeral.com/blogs/the-journal/understanding-pet-cremation-how-it-works-what-to-expect-and-how-to-decide,2026-01-29T13:53:33-06:00,https://funeral.com/sitemap_blogs_1.xml
https://funeral.com/blogs/the-journal/online-grief-groups-vs-in-person-support-which-works-better-after-a-loss,2026-01-29T13:53:35-06:00,https://funeral.com/sitemap_blogs_1.xml
https://funeral.com/blogs/the-journal/remembering-with-food-memorial-meals-favorite-recipes-and-family-traditions-after-a-death,2026-01-29T13:53:37-06:00,https://funeral.com/sitemap_blogs_1.xml
https://funeral.com/blogs/the-journal/the-first-night-without-your-pet-what-people-actually-experience,2026-01-29T13:53:39-06:00,https://funeral.com/sitemap_blogs_1.xml
https://funeral.com/blogs/the-journal/grief-and-romantic-relationships-supporting-each-other-handling-conflict-and-when-to-seek-help,2026-01-29T13:53:40-06:00,https://funeral.com/sitemap_blogs_1.xml
https://funeral.com/blogs/the-journal/nighttime-is-the-hardest-coping-with-pet-loss-when-the-house-feels-too-quiet,2026-01-29T13:53:42-06:00,https://funeral.com/sitemap_blogs_1.xml
https://funeral.com/blogs/the-journal/how-to-support-a-friend-who-lost-a-pet-what-to-say-and-what-not-to-say,2026-01-29T13:53:44-06:00,https://funeral.com/sitemap_blogs_1.xml
https://funeral.com/blogs/the-journal/from-collars-to-paw-prints-meaningful-memorial-ideas-for-a-pet-who-has-died,2026-01-29T13:55:00-06:00,https://funeral.com/sitemap_blogs_1.xml
https://funeral.com/blogs/the-journal/how-to-talk-about-pet-loss-with-people-who-dont-get-it,2026-01-29T13:55:02-06:00,https://funeral.com/sitemap_blogs_1.xml
https://funeral.com/blogs/the-journal/why-you-still-cry-over-a-pet-you-lost-years-ago-and-how-to-honor-that-love,2026-01-29T13:55:03-06:00,https://funeral.com/sitemap_blogs_1.xml
https://funeral.com/blogs/the-journal/the-final-walk-stories-of-community-support-for-dying-dogs,2026-01-29T13:55:05-06:00,https://funeral.com/sitemap_blogs_1.xml
https://funeral.com/blogs/the-journal/burial-plot-benefits-why-a-cemetery-place-still-matters-in-a-cremation-first-world,2026-01-29T13:55:07-06:00,https://funeral.com/sitemap_blogs_1.xml
https://funeral.com/blogs/the-journal/do-people-have-memorials-for-dogs,2026-01-29T13:55:11-06:00,https://funeral.com/sitemap_blogs_1.xml
https://funeral.com/blogs/the-journal/home-funerals-and-family-led-care-legal-basics-preparation-and-when-it-makes-sense,2026-01-29T13:55:13-06:00,https://funeral.com/sitemap_blogs_1.xml
https://funeral.com/blogs/the-journal/when-you-inherit-a-pet-legal-responsibilities-emotional-adjustments-and-planning-ahead,2026-01-29T13:55:16-06:00,https://funeral.com/sitemap_blogs_1.xml
https://funeral.com/blogs/the-journal/handling-photos-videos-and-voicemails-after-a-death-saving-editing-and-setting-boundaries,2026-01-29T13:55:19-06:00,https://funeral.com/sitemap_blogs_1.xml
https://funeral.com/blogs/the-journal/scattering-ashes-vs-keeping-an-urn-at-home-emotional-practical-and-legal-things-to-consider,2026-01-29T13:55:21-06:00,https://funeral.com/sitemap_blogs_1.xml
https://funeral.com/blogs/the-journal/pet-loss-for-veterinary-staff-and-techs-grief-behind-the-exam-room-door,2026-01-29T13:55:22-06:00,https://funeral.com/sitemap_blogs_1.xml
https://funeral.com/blogs/the-journal/trauma-anniversaries-and-difficult-dates-birthdays-death-dates-and-other-times-grief-spikes,2026-01-29T13:55:25-06:00,https://funeral.com/sitemap_blogs_1.xml
https://funeral.com/blogs/the-journal/pet-loss-and-couples-how-to-stay-close-instead-of-drifting-apart,2026-01-29T13:55:27-06:00,https://funeral.com/sitemap_blogs_1.xml
https://funeral.com/blogs/the-journal/horse-loss-the-unique-pain-of-losing-a-1-000lb-partner,2026-01-29T13:55:29-06:00,https://funeral.com/sitemap_blogs_1.xml
https://funeral.com/blogs/the-journal/creating-art-as-pet-loss-therapy-painting-drawing-and-creative-expression,2026-01-29T13:55:31-06:00,https://funeral.com/sitemap_blogs_1.xml
https://funeral.com/blogs/the-journal/memorial-tattoos-and-body-art-symbol-ideas-safety-and-emotional-considerations,2026-01-29T13:55:33-06:00,https://funeral.com/sitemap_blogs_1.xml
https://funeral.com/blogs/the-journal/what-pet-ashes-look-like-color-texture-and-what-s-normal,2026-03-11T15:48:32-05:00,https://funeral.com/sitemap_blogs_1.xml
https://funeral.com/blogs/the-journal/how-much-does-pet-cremation-cost-price-ranges-options-and-ways-to-save,2026-01-29T13:55:37-06:00,https://funeral.com/sitemap_blogs_1.xml
https://funeral.com/blogs/the-journal/what-to-put-on-your-dog-s-grave-meaningful-dog-memorial-ideas-and-tribute-guide,2026-01-29T13:55:39-06:00,https://funeral.com/sitemap_blogs_1.xml
https://funeral.com/blogs/the-journal/euthanasia-vs-natural-death-understanding-your-options,2026-01-29T13:55:41-06:00,https://funeral.com/sitemap_blogs_1.xml
https://funeral.com/blogs/the-journal/when-kids-blame-themselves-after-a-pet-dies-how-to-reassure-and-support-them,2026-01-29T13:55:43-06:00,https://funeral.com/sitemap_blogs_1.xml
https://funeral.com/blogs/the-journal/disenfranchised-grief-when-your-loss-isn-t-recognized-or-taken-seriously,2026-01-29T13:55:45-06:00,https://funeral.com/sitemap_blogs_1.xml
https://funeral.com/blogs/the-journal/grieving-exotic-pets-birds-rabbits-reptiles-and-more,2026-01-29T13:55:47-06:00,https://funeral.com/sitemap_blogs_1.xml
https://funeral.com/blogs/the-journal/staying-in-the-room-why-your-presence-matters-during-the-final-injection,2026-01-29T13:55:50-06:00,https://funeral.com/sitemap_blogs_1.xml
https://funeral.com/blogs/the-journal/when-one-person-took-care-of-the-pet-more-uneven-grief-levels-in-a-household,2026-01-29T13:55:52-06:00,https://funeral.com/sitemap_blogs_1.xml
https://funeral.com/blogs/the-journal/missed-signs-forgiving-yourself-for-not-catching-the-illness-sooner,2026-01-29T13:55:54-06:00,https://funeral.com/sitemap_blogs_1.xml
https://funeral.com/blogs/the-journal/when-your-pet-was-your-routine-rebuilding-daily-life-after-a-loss,2026-01-29T13:55:56-06:00,https://funeral.com/sitemap_blogs_1.xml
https://funeral.com/blogs/the-journal/why-some-pets-feel-like-soulmates-understanding-deep-attachments-in-pet-loss,2026-01-29T13:55:57-06:00,https://funeral.com/sitemap_blogs_1.xml
https://funeral.com/blogs/the-journal/grieving-the-loss-of-a-dog-why-dog-bonds-run-so-deep,2026-01-29T13:55:59-06:00,https://funeral.com/sitemap_blogs_1.xml
https://funeral.com/blogs/the-journal/losing-a-reptile-or-exotic-pet-when-people-don-t-understand-your-grief,2026-01-29T13:56:00-06:00,https://funeral.com/sitemap_blogs_1.xml
https://funeral.com/blogs/the-journal/losing-a-horse-the-grief-of-losing-a-partner-not-just-an-animal,2026-01-29T13:56:02-06:00,https://funeral.com/sitemap_blogs_1.xml
https://funeral.com/blogs/the-journal/the-first-christmas-without-them-surviving-the-holidays,2026-01-29T13:56:05-06:00,https://funeral.com/sitemap_blogs_1.xml
https://funeral.com/blogs/the-journal/digital-legacies-creating-a-virtual-memorial-for-your-pet,2026-01-29T13:56:07-06:00,https://funeral.com/sitemap_blogs_1.xml
https://funeral.com/blogs/the-journal/taxidermy-and-preservation-is-it-creepy-or-comforting,2026-01-29T13:56:09-06:00,https://funeral.com/sitemap_blogs_1.xml
https://funeral.com/blogs/the-journal/do-animals-have-souls-perspectives-from-different-religions,2026-01-29T13:56:11-06:00,https://funeral.com/sitemap_blogs_1.xml
https://funeral.com/blogs/the-journal/the-guilt-of-relief-why-it-s-okay-to-feel-relieved-their-suffering-is-over,2026-01-29T13:56:14-06:00,https://funeral.com/sitemap_blogs_1.xml
https://funeral.com/blogs/the-journal/dreaming-of-your-deceased-pet-psychology-or-visitation,2026-03-07T15:24:49-06:00,https://funeral.com/sitemap_blogs_1.xml
https://funeral.com/blogs/the-journal/when-grief-turns-into-depression-knowing-when-to-seek-professional-help,2026-01-29T13:56:19-06:00,https://funeral.com/sitemap_blogs_1.xml
https://funeral.com/blogs/the-journal/christianity-and-pets-will-i-see-fido-in-heaven,2026-01-29T13:56:21-06:00,https://funeral.com/sitemap_blogs_1.xml
https://funeral.com/blogs/the-journal/what-is-an-urn-used-for-a-gentle-guide-to-modern-memorials,2026-01-29T13:56:23-06:00,https://funeral.com/sitemap_blogs_1.xml
https://funeral.com/blogs/the-journal/is-it-okay-to-wear-cremation-jewelry,2026-03-19T22:15:01-05:00,https://funeral.com/sitemap_blogs_1.xml
https://funeral.com/blogs/the-journal/when-the-vet-makes-a-mistake-handling-anger-and-grief,2026-01-29T13:56:26-06:00,https://funeral.com/sitemap_blogs_1.xml
https://funeral.com/blogs/the-journal/losing-a-pet-during-a-divorce-the-battle-for-ashes,2026-01-29T13:56:28-06:00,https://funeral.com/sitemap_blogs_1.xml
https://funeral.com/blogs/the-journal/pet-cremation-cost-what-to-expect-and-how-to-plan-a-loving-goodbye,2026-01-29T13:56:29-06:00,https://funeral.com/sitemap_blogs_1.xml
https://funeral.com/blogs/the-journal/epitaph-examples-gentle-words-for-urns-headstones-and-jewelry,2026-01-29T13:56:33-06:00,https://funeral.com/sitemap_blogs_1.xml
https://funeral.com/blogs/the-journal/understanding-dog-cremation-cost-what-to-expect-and-how-to-honor-your-pet,2026-01-29T13:56:34-06:00,https://funeral.com/sitemap_blogs_1.xml
https://funeral.com/blogs/the-journal/pet-loss-support-groups-are-they-right-for-you,2026-01-29T13:56:37-06:00,https://funeral.com/sitemap_blogs_1.xml
https://funeral.com/blogs/the-journal/planning-a-pet-memorial-service-ideas-for-ceremonies-at-home-outside-or-online,2026-01-29T13:56:38-06:00,https://funeral.com/sitemap_blogs_1.xml
https://funeral.com/blogs/the-journal/death-certificates-why-you-need-them-how-many-copies-to-order-and-how-to-get-replacements,2026-01-29T13:56:40-06:00,https://funeral.com/sitemap_blogs_1.xml
https://funeral.com/blogs/the-journal/social-security-and-death-survivor-benefits-one-time-payments-and-what-to-report,2026-01-29T13:56:42-06:00,https://funeral.com/sitemap_blogs_1.xml
https://funeral.com/blogs/the-journal/celebrating-their-birthday-after-they-re-gone,2026-01-29T13:56:44-06:00,https://funeral.com/sitemap_blogs_1.xml
https://funeral.com/blogs/the-journal/how-to-write-a-eulogy-that-sounds-like-your-loved-one,2026-01-29T13:56:46-06:00,https://funeral.com/sitemap_blogs_1.xml
https://funeral.com/blogs/the-journal/when-a-bird-dies-understanding-the-unique-grief-of-avian-companionship,2026-01-29T13:56:47-06:00,https://funeral.com/sitemap_blogs_1.xml
https://funeral.com/blogs/the-journal/funeral-costs-broken-down-what-you-re-paying-for-and-how-to-compare-price-lists,2026-01-29T13:56:49-06:00,https://funeral.com/sitemap_blogs_1.xml
https://funeral.com/blogs/the-journal/the-guilt-of-being-happy-again-why-joy-isnt-a-betrayal,2026-01-29T13:56:51-06:00,https://funeral.com/sitemap_blogs_1.xml
https://funeral.com/blogs/the-journal/what-do-the-stripes-on-the-american-flag-mean-history-symbolism-and-proper-use-at-graves,2026-01-29T13:56:53-06:00,https://funeral.com/sitemap_blogs_1.xml
https://funeral.com/blogs/the-journal/balancing-children-s-activities-and-school-with-grief-attendance-homework-and-gentle-flexibility,2026-01-29T13:56:55-06:00,https://funeral.com/sitemap_blogs_1.xml
https://funeral.com/blogs/the-journal/pet-loss-after-a-sudden-death-vs-long-illness-why-grief-can-feel-different,2026-01-29T13:56:57-06:00,https://funeral.com/sitemap_blogs_1.xml
https://funeral.com/blogs/the-journal/when-a-loved-one-dies-by-suicide-gentle-guidance-for-language-memorials-and-support,2026-01-29T13:56:59-06:00,https://funeral.com/sitemap_blogs_1.xml
https://funeral.com/blogs/the-journal/how-to-cope-with-the-loss-of-a-dog-gentle-steps-for-the-hardest-goodbye,2026-01-29T13:57:00-06:00,https://funeral.com/sitemap_blogs_1.xml
https://funeral.com/blogs/the-journal/do-pets-know-they-are-dying-gentle-thoughts-for-worried-pet-parents,2026-01-29T13:57:02-06:00,https://funeral.com/sitemap_blogs_1.xml
https://funeral.com/blogs/the-journal/grieving-the-loss-of-a-cat-healing-when-your-quiet-companion-is-gone,2026-01-29T13:57:03-06:00,https://funeral.com/sitemap_blogs_1.xml
https://funeral.com/blogs/the-journal/pet-euthanasia-guilt-what-to-do-when-you-keep-asking-did-i-do-the-right-thing,2026-01-29T13:57:05-06:00,https://funeral.com/sitemap_blogs_1.xml
https://funeral.com/blogs/the-journal/pet-loss-and-mental-health-anxiety-depression-and-when-to-seek-extra-support,2026-01-29T13:57:06-06:00,https://funeral.com/sitemap_blogs_1.xml
https://funeral.com/blogs/the-journal/traumatic-pet-loss-coping-with-accidents-and-unpreventable-tragedies,2026-01-29T13:57:08-06:00,https://funeral.com/sitemap_blogs_1.xml
https://funeral.com/blogs/the-journal/pet-cremation-vs-burial-how-to-choose-what-feels-right-for-your-family,2026-01-29T13:57:10-06:00,https://funeral.com/sitemap_blogs_1.xml
https://funeral.com/blogs/the-journal/writing-a-goodbye-letter-to-your-pet-prompts-and-examples-to-help-you-start,2026-03-19T21:22:58-05:00,https://funeral.com/sitemap_blogs_1.xml
https://funeral.com/blogs/the-journal/pre-grieving-a-pet-coping-when-you-know-goodbye-is-coming-soon,2026-01-29T13:57:15-06:00,https://funeral.com/sitemap_blogs_1.xml
https://funeral.com/blogs/the-journal/rainbow-bridge-and-beyond-spiritual-and-religious-views-on-where-pets-go,2026-01-29T13:57:17-06:00,https://funeral.com/sitemap_blogs_1.xml
https://funeral.com/blogs/the-journal/faith-and-pet-loss-what-different-traditions-say-about-animals-and-the-afterlife,2026-01-29T13:57:20-06:00,https://funeral.com/sitemap_blogs_1.xml
https://funeral.com/blogs/the-journal/helping-kids-create-a-pet-memorial-simple-crafts-and-rituals,2026-01-29T13:57:22-06:00,https://funeral.com/sitemap_blogs_1.xml
https://funeral.com/blogs/the-journal/pet-loss-in-the-age-of-social-media-the-comfort-and-pressure-of-public-grieving,2026-01-29T13:57:24-06:00,https://funeral.com/sitemap_blogs_1.xml
https://funeral.com/blogs/the-journal/is-it-okay-to-bury-your-pet-at-home-legal-safety-and-emotional-considerations,2026-01-29T13:57:26-06:00,https://funeral.com/sitemap_blogs_1.xml
https://funeral.com/blogs/the-journal/when-your-pet-dies-at-home-what-to-do-next-practically-and-emotionally,2026-05-25T04:44:32-05:00,https://funeral.com/sitemap_blogs_1.xml
https://funeral.com/blogs/the-journal/when-a-small-pet-dies-why-hamsters-guinea-pigs-rabbits-and-other-little-ones-leave-such-a-big-hole,2026-01-29T13:57:30-06:00,https://funeral.com/sitemap_blogs_1.xml
https://funeral.com/blogs/the-journal/how-to-create-a-pet-memorial-garden-at-home-design-ideas-plants-and-personal-touches,2026-01-29T13:57:32-06:00,https://funeral.com/sitemap_blogs_1.xml
https://funeral.com/blogs/the-journal/pet-loss-and-pregnancy-or-postpartum-grieving-while-caring-for-a-baby,2026-03-17T22:00:05-05:00,https://funeral.com/sitemap_blogs_1.xml
https://funeral.com/blogs/the-journal/honoring-your-pet-through-volunteering-turning-grief-into-quiet-action,2026-01-29T13:57:37-06:00,https://funeral.com/sitemap_blogs_1.xml
https://funeral.com/blogs/the-journal/what-is-a-good-gift-for-someone-who-has-lost-a-loved-one,2026-01-29T13:57:38-06:00,https://funeral.com/sitemap_blogs_1.xml
https://funeral.com/blogs/the-journal/grieving-the-loss-of-a-cat-the-quiet-deep-bond-you-re-mourning,2026-01-29T13:57:40-06:00,https://funeral.com/sitemap_blogs_1.xml
https://funeral.com/blogs/the-journal/scattering-pet-ashes-symbolic-places-and-gentle-guidelines,2026-01-29T13:57:42-06:00,https://funeral.com/sitemap_blogs_1.xml
https://funeral.com/blogs/the-journal/et-aftercare-options-explained-home-burial-cemetery-burial-cremation-and-alternatives,2026-01-29T13:57:44-06:00,https://funeral.com/sitemap_blogs_1.xml
https://funeral.com/blogs/the-journal/feeling-guilty-about-loving-a-new-pet-after-a-loss,2026-01-29T13:57:45-06:00,https://funeral.com/sitemap_blogs_1.xml
https://funeral.com/blogs/the-journal/talking-to-children-about-a-pet-s-death-honest-gentle-guidance-for-families,2026-01-29T13:57:47-06:00,https://funeral.com/sitemap_blogs_1.xml
https://funeral.com/blogs/the-journal/helping-your-family-agree-on-when-to-adopt-another-pet,2026-01-29T13:57:49-06:00,https://funeral.com/sitemap_blogs_1.xml
https://funeral.com/blogs/the-journal/how-soon-is-too-soon-to-get-another-pet-emotional-timing-explained,2026-01-29T13:57:52-06:00,https://funeral.com/sitemap_blogs_1.xml
https://funeral.com/blogs/the-journal/sleeping-after-a-pet-dies-why-nights-are-so-hard-and-how-to-cope,2026-03-11T03:28:13-05:00,https://funeral.com/sitemap_blogs_1.xml
https://funeral.com/blogs/the-journal/when-a-pet-dies-in-an-accident-trauma-guilt-and-how-to-begin-healing,2026-03-19T20:38:57-05:00,https://funeral.com/sitemap_blogs_1.xml
https://funeral.com/blogs/the-journal/the-loneliness-of-losing-a-pet-when-you-live-alone,2026-01-29T13:57:58-06:00,https://funeral.com/sitemap_blogs_1.xml
https://funeral.com/blogs/the-journal/losing-a-service-dog-or-emotional-support-animal-a-unique-kind-of-grief,2026-01-29T13:58:00-06:00,https://funeral.com/sitemap_blogs_1.xml
https://funeral.com/blogs/the-journal/paw-prints-clay-prints-and-ink-prints-creating-pet-keepsakes-that-last,2026-01-29T13:58:01-06:00,https://funeral.com/sitemap_blogs_1.xml
https://funeral.com/blogs/the-journal/creating-a-pet-memory-book-or-photo-album-telling-their-story-one-page-at-a-time,2026-01-29T13:58:04-06:00,https://funeral.com/sitemap_blogs_1.xml
https://funeral.com/blogs/the-journal/making-a-memory-box-for-your-pet-what-to-include-and-why-it-helps,2026-01-29T13:58:06-06:00,https://funeral.com/sitemap_blogs_1.xml
https://funeral.com/blogs/the-journal/how-to-hold-a-pet-memorial-service-with-family-and-friends,2026-01-29T13:58:08-06:00,https://funeral.com/sitemap_blogs_1.xml
https://funeral.com/blogs/the-journal/group-goodbyes-including-family-and-friends-in-a-pets-final-moments,2026-01-29T13:58:10-06:00,https://funeral.com/sitemap_blogs_1.xml
https://funeral.com/blogs/the-journal/pet-loss-and-spiritual-signs-comforting-visits-and-symbolic-moments,2026-03-12T17:10:55-05:00,https://funeral.com/sitemap_blogs_1.xml
https://funeral.com/blogs/the-journal/giving-away-pet-items-when-to-hold-on-and-when-to-let-go,2026-01-29T13:58:16-06:00,https://funeral.com/sitemap_blogs_1.xml
https://funeral.com/blogs/the-journal/healing-rituals-for-the-first-30-days-after-a-pet-dies,2026-01-29T13:58:19-06:00,https://funeral.com/sitemap_blogs_1.xml
https://funeral.com/blogs/the-journal/cultural-views-on-pet-death-around-the-world,2026-01-29T13:58:21-06:00,https://funeral.com/sitemap_blogs_1.xml
https://funeral.com/blogs/the-journal/budgeting-for-end-of-life-pet-care,2026-01-29T13:58:23-06:00,https://funeral.com/sitemap_blogs_1.xml
https://funeral.com/blogs/the-journal/do-pets-go-to-heaven-how-different-religions-and-traditions-answer-the-question,2026-01-29T13:59:37-06:00,https://funeral.com/sitemap_blogs_1.xml
https://funeral.com/blogs/the-journal/coping-with-the-loss-of-a-pet-grief-stages-rituals-and-when-to-seek-support,2026-01-29T13:59:39-06:00,https://funeral.com/sitemap_blogs_1.xml
https://funeral.com/blogs/the-journal/how-long-does-pet-loss-grief-last-what-research-and-real-stories-suggest,2026-01-29T13:59:41-06:00,https://funeral.com/sitemap_blogs_1.xml
https://funeral.com/blogs/the-journal/why-pet-loss-feels-so-lonely-and-how-to-find-people-who-truly-get-it,2026-01-29T13:59:43-06:00,https://funeral.com/sitemap_blogs_1.xml
https://funeral.com/blogs/the-journal/honoring-a-pet-in-your-will-or-estate-plan,2026-05-25T03:43:59-05:00,https://funeral.com/sitemap_blogs_1.xml
https://funeral.com/blogs/the-journal/creating-a-memory-box-for-your-pet-what-to-include,2026-01-29T13:59:47-06:00,https://funeral.com/sitemap_blogs_1.xml
https://funeral.com/blogs/the-journal/compassion-fatigue-and-pet-loss-when-rescuers-and-shelter-workers-are-grieving,2026-01-29T13:59:49-06:00,https://funeral.com/sitemap_blogs_1.xml
https://funeral.com/blogs/the-journal/where-do-dogs-go-when-they-die-comforting-answers-for-grieving-pet-parents,2026-01-29T13:59:51-06:00,https://funeral.com/sitemap_blogs_1.xml
https://funeral.com/blogs/the-journal/planting-a-tree-or-garden-in-memory-of-a-pet,2026-01-29T13:59:53-06:00,https://funeral.com/sitemap_blogs_1.xml
https://funeral.com/blogs/the-journal/pet-cremation-jewelry-wearing-a-piece-of-your-best-friend-close,2026-01-29T13:59:54-06:00,https://funeral.com/sitemap_blogs_1.xml
https://funeral.com/blogs/the-journal/keeping-a-portion-of-ashes-in-a-keepsake-urn-why-many-families-choose-this,2026-01-29T13:59:57-06:00,https://funeral.com/sitemap_blogs_1.xml
https://funeral.com/blogs/the-journal/how-to-write-a-pet-eulogy-honoring-their-life-in-words,2026-01-29T14:00:00-06:00,https://funeral.com/sitemap_blogs_1.xml
https://funeral.com/blogs/the-journal/meaningful-ways-to-memorialize-a-pet-at-home,2026-04-09T01:59:22-05:00,https://funeral.com/sitemap_blogs_1.xml
https://funeral.com/blogs/the-journal/creating-a-pet-memorial-corner-photos-urns-keepsakes-and-rituals,2026-01-29T14:00:04-06:00,https://funeral.com/sitemap_blogs_1.xml
https://funeral.com/blogs/the-journal/scattering-pet-ashes-places-permissions-and-emotional-meaning,2026-01-29T14:00:06-06:00,https://funeral.com/sitemap_blogs_1.xml
https://funeral.com/blogs/the-journal/home-burial-vs-pet-cremation-legal-and-emotional-considerations,2026-01-29T14:00:08-06:00,https://funeral.com/sitemap_blogs_1.xml
https://funeral.com/blogs/the-journal/choosing-a-pet-urn-sizes-materials-and-what-fits-your-pet-s-ashes,2026-01-29T14:00:10-06:00,https://funeral.com/sitemap_blogs_1.xml
https://funeral.com/blogs/the-journal/cleaning-the-house-after-a-pet-dies-grief-messes-and-making-space-for-memory,2026-03-18T16:27:39-05:00,https://funeral.com/sitemap_blogs_1.xml
https://funeral.com/blogs/the-journal/explaining-a-pet-s-death-to-other-pets-in-the-home,2026-01-29T14:00:16-06:00,https://funeral.com/sitemap_blogs_1.xml
https://funeral.com/blogs/the-journal/how-to-talk-to-your-vet-about-pet-euthanasia-and-aftercare-options,2026-01-29T14:00:18-06:00,https://funeral.com/sitemap_blogs_1.xml
https://funeral.com/blogs/the-journal/helping-children-understand-the-death-of-a-pet-gentle-words-that-help,2026-01-29T14:00:20-06:00,https://funeral.com/sitemap_blogs_1.xml
https://funeral.com/blogs/the-journal/parents-losing-the-family-pet-making-space-for-their-grief-too,2026-04-09T07:55:01-05:00,https://funeral.com/sitemap_blogs_1.xml
https://funeral.com/blogs/the-journal/how-to-support-a-partner-after-a-pet-loss-different-grief-styles-same-love,2026-01-29T14:00:23-06:00,https://funeral.com/sitemap_blogs_1.xml
https://funeral.com/blogs/the-journal/guilt-after-pet-euthanasia-what-s-normal-what-isn-t-and-how-to-heal,2026-01-29T14:00:25-06:00,https://funeral.com/sitemap_blogs_1.xml
https://funeral.com/blogs/the-journal/how-much-does-pet-cremation-cost-current-price-ranges-and-what-affects-the-total,2026-01-29T14:00:27-06:00,https://funeral.com/sitemap_blogs_1.xml
https://funeral.com/blogs/the-journal/pet-cremation-cost-by-state-what-to-expect-and-how-to-compare-quotes,2026-01-29T14:00:29-06:00,https://funeral.com/sitemap_blogs_1.xml
https://funeral.com/blogs/the-journal/is-backyard-pet-burial-legal-pet-burial-laws-by-state-and-safer-alternatives,2026-01-29T14:00:31-06:00,https://funeral.com/sitemap_blogs_1.xml
https://funeral.com/blogs/the-journal/memorializing-a-pet-at-home-altars-photos-candles-and-everyday-rituals,2026-01-29T14:00:33-06:00,https://funeral.com/sitemap_blogs_1.xml
https://funeral.com/blogs/the-journal/planting-a-garden-for-your-pet-living-memorial-ideas-for-dog-and-cat-lovers,2026-01-29T14:00:37-06:00,https://funeral.com/sitemap_blogs_1.xml
https://funeral.com/blogs/the-journal/pet-loss-and-the-rainbow-bridge-comforting-story-or-painful-myth,2026-03-17T20:26:34-05:00,https://funeral.com/sitemap_blogs_1.xml
https://funeral.com/blogs/the-journal/pet-memorial-ideas-for-cemeteries-and-at-home-stones-markers-and-everyday-keepsakes,2026-01-29T14:00:40-06:00,https://funeral.com/sitemap_blogs_1.xml
https://funeral.com/blogs/the-journal/grieving-a-pet-from-afar-long-distance-loss-and-saying-goodbye-remotely,2026-01-29T14:00:42-06:00,https://funeral.com/sitemap_blogs_1.xml
https://funeral.com/blogs/the-journal/when-people-don-t-understand-your-pet-grief-coping-with-it-was-only-a-dog,2026-01-29T14:00:45-06:00,https://funeral.com/sitemap_blogs_1.xml
https://funeral.com/blogs/the-journal/preparing-your-heart-for-the-death-of-an-aging-pet,2026-01-29T14:00:47-06:00,https://funeral.com/sitemap_blogs_1.xml
https://funeral.com/blogs/the-journal/how-to-journal-through-pet-loss-prompts-practices-and-healing-techniques,2026-01-29T14:00:49-06:00,https://funeral.com/sitemap_blogs_1.xml
https://funeral.com/blogs/the-journal/helping-neurodivergent-kids-and-teens-cope-with-pet-loss,2026-01-29T14:00:51-06:00,https://funeral.com/sitemap_blogs_1.xml
https://funeral.com/blogs/the-journal/how-to-tell-children-a-pet-has-died-when-they-weren-t-there,2026-05-25T05:16:32-05:00,https://funeral.com/sitemap_blogs_1.xml
https://funeral.com/blogs/the-journal/the-neurology-of-attachment-why-your-brain-panics-when-your-pet-is-gone,2026-01-29T14:00:55-06:00,https://funeral.com/sitemap_blogs_1.xml
https://funeral.com/blogs/the-journal/christian-comfort-after-pet-loss-bible-verses-prayers-and-gentle-ways-to-remember,2026-05-27T20:38:23-05:00,https://funeral.com/sitemap_blogs_1.xml
https://funeral.com/blogs/the-journal/how-to-create-a-peaceful-final-day-for-your-pet,2026-01-29T14:00:59-06:00,https://funeral.com/sitemap_blogs_1.xml
https://funeral.com/blogs/the-journal/pet-loss-for-people-with-disabilities-unique-needs-and-support,2026-01-29T14:01:01-06:00,https://funeral.com/sitemap_blogs_1.xml
https://funeral.com/blogs/the-journal/can-our-dead-pets-visit-us-grief-dreams-and-interpreting-unusual-experiences,2026-01-29T14:01:03-06:00,https://funeral.com/sitemap_blogs_1.xml
https://funeral.com/blogs/the-journal/wearing-pet-ashes-vs-keeping-them-at-home-how-to-decide-what-feels-right,2026-01-29T14:01:20-06:00,https://funeral.com/sitemap_blogs_1.xml
https://funeral.com/blogs/the-journal/gardening-for-grief-planting-a-memorial-tree-or-flower-bed,2026-01-29T14:01:22-06:00,https://funeral.com/sitemap_blogs_1.xml
https://funeral.com/blogs/the-journal/stages-of-grief-after-losing-a-pet-what-they-really-feel-like-and-how-to-cope,2026-01-29T14:01:24-06:00,https://funeral.com/sitemap_blogs_1.xml
https://funeral.com/blogs/the-journal/when-pet-grief-feels-overwhelming-mental-health-insights-and-when-to-get-extra-help,2026-01-29T14:01:25-06:00,https://funeral.com/sitemap_blogs_1.xml
https://funeral.com/blogs/the-journal/how-to-choose-a-pet-urn-or-memorial-a-simple-guide-when-you-re-grieving,2026-01-29T14:01:27-06:00,https://funeral.com/sitemap_blogs_1.xml
https://funeral.com/blogs/the-journal/explaining-pet-death-to-children-without-saying-they-went-to-sleep,2026-01-29T14:01:28-06:00,https://funeral.com/sitemap_blogs_1.xml
https://funeral.com/blogs/the-journal/how-to-plan-a-pet-funeral-or-memorial-ceremonies-costs-and-comforting-rituals,2026-01-29T14:01:30-06:00,https://funeral.com/sitemap_blogs_1.xml
https://funeral.com/blogs/the-journal/scattering-pet-ashes-legal-guidelines-meaningful-locations-and-ceremony-ideas,2026-01-29T14:01:32-06:00,https://funeral.com/sitemap_blogs_1.xml
https://funeral.com/blogs/the-journal/helping-seniors-cope-with-pet-loss-grief-loneliness-and-everyday-support,2026-04-09T01:42:11-05:00,https://funeral.com/sitemap_blogs_1.xml
https://funeral.com/blogs/the-journal/how-do-i-choose-the-right-size-urn-for-my-pet,2026-01-29T14:01:34-06:00,https://funeral.com/sitemap_blogs_1.xml
https://funeral.com/blogs/the-journal/pet-cremation-memorial-faq,2026-01-29T14:01:36-06:00,https://funeral.com/sitemap_blogs_1.xml
https://funeral.com/blogs/the-journal/what-is-the-difference-between-an-urn-a-keepsake-urn-and-cremation-jewelry,2026-01-29T14:01:38-06:00,https://funeral.com/sitemap_blogs_1.xml
https://funeral.com/blogs/the-journal/can-i-put-some-ashes-in-jewelry-and-use-the-rest-in-an-urn-or-scattering,2026-01-29T14:01:40-06:00,https://funeral.com/sitemap_blogs_1.xml
https://funeral.com/blogs/the-journal/is-it-normal-to-feel-this-devastated-after-my-pet-dies,2026-01-29T14:01:42-06:00,https://funeral.com/sitemap_blogs_1.xml
https://funeral.com/blogs/the-journal/the-ethics-of-cloning-your-deceased-pet,2026-01-29T14:01:44-06:00,https://funeral.com/sitemap_blogs_1.xml
https://funeral.com/blogs/the-journal/how-long-does-pet-grief-usually-last,2026-01-29T14:01:46-06:00,https://funeral.com/sitemap_blogs_1.xml
https://funeral.com/blogs/the-journal/what-are-some-simple-memorial-rituals-i-can-do-at-home,2026-01-29T14:01:48-06:00,https://funeral.com/sitemap_blogs_1.xml
https://funeral.com/blogs/the-journal/atheism-and-pet-loss-finding-comfort-without-an-afterlife,2026-01-29T14:01:50-06:00,https://funeral.com/sitemap_blogs_1.xml
https://funeral.com/blogs/the-journal/pet-loss-for-highly-sensitive-people-why-grief-hits-so-hard,2026-01-29T14:01:53-06:00,https://funeral.com/sitemap_blogs_1.xml
https://funeral.com/blogs/the-journal/how-to-bond-with-a-new-pet-when-your-heart-is-still-broken,2026-01-29T14:01:55-06:00,https://funeral.com/sitemap_blogs_1.xml
https://funeral.com/blogs/the-journal/when-families-disagree-about-euthanasia-navigating-conflict-when-a-pet-is-suffering,2026-01-29T14:01:57-06:00,https://funeral.com/sitemap_blogs_1.xml
https://funeral.com/blogs/the-journal/i-dont-want-another-pet-ever-again-is-this-feeling-permanent,2026-01-29T14:02:02-06:00,https://funeral.com/sitemap_blogs_1.xml
https://funeral.com/blogs/the-journal/christian-views-on-pets-in-heaven-what-pastors-theologians-and-ordinary-believers-say,2026-03-19T23:50:30-05:00,https://funeral.com/sitemap_blogs_1.xml
https://funeral.com/blogs/the-journal/how-much-does-pet-cremation-really-cost-comparing-quotes-from-vets-and-crematories,2026-01-29T14:02:06-06:00,https://funeral.com/sitemap_blogs_1.xml
https://funeral.com/blogs/the-journal/choosing-the-right-urn-for-pet-ashes-sizes-styles-and-personalization-options,2026-01-29T14:02:10-06:00,https://funeral.com/sitemap_blogs_1.xml
https://funeral.com/blogs/the-journal/the-rebound-pet-why-you-shouldn-t-get-a-lookalike,2026-01-29T14:02:12-06:00,https://funeral.com/sitemap_blogs_1.xml
https://funeral.com/blogs/the-journal/pet-burial-laws-by-state-what-you-need-to-know-before-burying-a-pet,2026-03-08T01:48:56-06:00,https://funeral.com/sitemap_blogs_1.xml
https://funeral.com/blogs/the-journal/what-does-the-bible-say-about-pets-and-animals-in-heaven,2026-01-29T14:02:20-06:00,https://funeral.com/sitemap_blogs_1.xml
https://funeral.com/blogs/the-journal/how-can-i-support-an-older-adult-who-has-lost-a-pet,2026-01-29T14:02:22-06:00,https://funeral.com/sitemap_blogs_1.xml
https://funeral.com/blogs/the-journal/how-can-i-explain-a-pet-s-death-to-children,2026-01-29T14:02:23-06:00,https://funeral.com/sitemap_blogs_1.xml
https://funeral.com/blogs/the-journal/pet-loss-memorial-center,2026-01-29T14:02:25-06:00,https://funeral.com/sitemap_blogs_1.xml
https://funeral.com/blogs/the-journal/how-much-does-it-cost-to-cremate-a-cat-average-prices-options-and-what-to-expect,2026-01-29T14:02:27-06:00,https://funeral.com/sitemap_blogs_1.xml
https://funeral.com/blogs/the-journal/average-funeral-and-cremation-costs-today-updated-price-guide-and-ways-to-compare,2026-01-29T14:02:28-06:00,https://funeral.com/sitemap_blogs_1.xml
https://funeral.com/blogs/the-journal/is-embalming-required-for-a-funeral-laws-myths-and-alternatives-explained,2026-01-29T14:02:30-06:00,https://funeral.com/sitemap_blogs_1.xml
https://funeral.com/blogs/the-journal/plants-and-flowers-for-graves-low-maintenance-choices-to-honor-a-loved-one,2026-03-10T20:56:35-05:00,https://funeral.com/sitemap_blogs_1.xml
https://funeral.com/blogs/the-journal/keepsake-urns-and-sharing-urns-when-families-want-to-divide-ashes,2026-01-29T14:02:33-06:00,https://funeral.com/sitemap_blogs_1.xml
https://funeral.com/blogs/the-journal/graveside-service-guide-what-happens-at-the-cemetery-and-how-to-plan-one,2026-01-29T14:02:35-06:00,https://funeral.com/sitemap_blogs_1.xml
https://funeral.com/blogs/the-journal/my-pet-is-getting-older-and-declining-what-should-i-be-thinking-about-now,2026-01-29T14:02:36-06:00,https://funeral.com/sitemap_blogs_1.xml
https://funeral.com/blogs/the-journal/should-i-plan-pet-cremation-in-advance-or-just-wait-until-my-pet-dies,2026-01-29T14:02:40-06:00,https://funeral.com/sitemap_blogs_1.xml
https://funeral.com/blogs/the-journal/what-really-happens-when-my-vet-handles-the-cremation-for-me,2026-01-29T14:02:42-06:00,https://funeral.com/sitemap_blogs_1.xml
https://funeral.com/blogs/the-journal/what-should-i-do-if-my-pet-dies-at-home,2026-01-29T14:02:43-06:00,https://funeral.com/sitemap_blogs_1.xml
https://funeral.com/blogs/the-journal/how-quickly-do-i-have-to-decide-about-cremation-or-burial,2026-01-29T14:02:45-06:00,https://funeral.com/sitemap_blogs_1.xml
https://funeral.com/blogs/the-journal/cremation-vs-traditional-burial-pros-cons-costs-and-family-considerations,2026-01-29T14:02:48-06:00,https://funeral.com/sitemap_blogs_1.xml
https://funeral.com/blogs/the-journal/short-notice-funerals-and-quick-cremation-services-what-s-realistic-on-a-tight-timeline,2026-01-29T14:02:49-06:00,https://funeral.com/sitemap_blogs_1.xml
https://funeral.com/blogs/the-journal/bereavement-leave-and-time-off-work-after-a-death-what-employees-should-know,2026-01-29T14:02:51-06:00,https://funeral.com/sitemap_blogs_1.xml
https://funeral.com/blogs/the-journal/what-should-i-put-on-my-dog-s-grave,2026-01-29T14:02:53-06:00,https://funeral.com/sitemap_blogs_1.xml
https://funeral.com/blogs/the-journal/grieving-a-pet-while-living-alone-filling-the-silence-with-compassion,2026-01-29T14:02:54-06:00,https://funeral.com/sitemap_blogs_1.xml
https://funeral.com/blogs/the-journal/when-your-child-wants-another-pet-right-away-how-to-respond-with-care,2026-01-29T14:02:56-06:00,https://funeral.com/sitemap_blogs_1.xml
https://funeral.com/blogs/the-journal/how-to-honor-a-pet-s-birthday-or-adoption-day-after-they-re-gone,2026-01-29T14:02:57-06:00,https://funeral.com/sitemap_blogs_1.xml
https://funeral.com/blogs/the-journal/what-actually-happens-during-pet-cremation,2026-01-29T14:02:59-06:00,https://funeral.com/sitemap_blogs_1.xml
https://funeral.com/blogs/the-journal/tombstone-words-in-a-cremation-first-world-what-to-write-where-to-place-a-marker-and-how-ashes-fit,2026-01-29T14:03:01-06:00,https://funeral.com/sitemap_blogs_1.xml
https://funeral.com/blogs/the-journal/what-to-put-on-a-pet-memorial-stone,2026-01-29T14:03:03-06:00,https://funeral.com/sitemap_blogs_1.xml
https://funeral.com/blogs/the-journal/cremation-jewelry-a-gentle-practical-guide-to-keeping-someone-close,2026-01-29T14:03:05-06:00,https://funeral.com/sitemap_blogs_1.xml
https://funeral.com/blogs/the-journal/embalming-what-it-is-when-it-helps-and-when-you-can-skip-it,2026-01-29T14:03:06-06:00,https://funeral.com/sitemap_blogs_1.xml
https://funeral.com/blogs/the-journal/are-you-ready-for-a-new-dog-7-signs-you-re-not-and-why-that-s-okay,2026-01-29T14:03:08-06:00,https://funeral.com/sitemap_blogs_1.xml
https://funeral.com/blogs/the-journal/grieving-the-loss-of-a-pet-why-it-hurts-so-much-and-how-to-cope-day-by-day,2026-01-29T14:03:10-06:00,https://funeral.com/sitemap_blogs_1.xml
https://funeral.com/blogs/the-journal/finding-a-pet-loss-counselor-what-credentials-to-look-for,2026-01-29T14:03:13-06:00,https://funeral.com/sitemap_blogs_1.xml
https://funeral.com/blogs/the-journal/coping-with-the-quiet-house-after-a-pet-dies-how-to-adjust-to-the-silence,2026-03-20T21:03:14-05:00,https://funeral.com/sitemap_blogs_1.xml
https://funeral.com/blogs/the-journal/crying-for-weeks-after-a-pet-dies-is-it-normal-what-does-healing-look-like,2026-01-29T14:04:36-06:00,https://funeral.com/sitemap_blogs_1.xml
https://funeral.com/blogs/the-journal/what-happens-at-a-visitation-or-viewing,2026-01-29T14:04:38-06:00,https://funeral.com/sitemap_blogs_1.xml
https://funeral.com/blogs/the-journal/is-it-bad-luck-to-keep-ashes-in-the-house-comfort-myths-and-practical-choices,2026-03-11T20:56:46-05:00,https://funeral.com/sitemap_blogs_1.xml
https://funeral.com/blogs/the-journal/how-long-does-cremation-take-and-what-families-can-expect-next,2026-01-29T14:04:41-06:00,https://funeral.com/sitemap_blogs_1.xml
https://funeral.com/blogs/the-journal/direct-cremation-what-it-is-who-it-s-for-and-how-it-works,2026-01-29T14:04:43-06:00,https://funeral.com/sitemap_blogs_1.xml
https://funeral.com/blogs/the-journal/what-to-do-right-now-after-a-pet-dies,2026-01-29T14:04:45-06:00,https://funeral.com/sitemap_blogs_1.xml
https://funeral.com/blogs/the-journal/headstone-symbols-and-icons-common-images-and-what-they-mean,2026-01-29T14:04:47-06:00,https://funeral.com/sitemap_blogs_1.xml
https://funeral.com/blogs/the-journal/online-memorial-websites-how-they-work-what-to-include-and-privacy-tips,2026-01-29T14:04:49-06:00,https://funeral.com/sitemap_blogs_1.xml
https://funeral.com/blogs/the-journal/green-cremation-and-alkaline-hydrolysis-newer-options-beyond-flame-cremation,2026-01-29T14:04:50-06:00,https://funeral.com/sitemap_blogs_1.xml
https://funeral.com/blogs/the-journal/when-you-disagree-with-a-loved-one-s-funeral-or-cremation-choices-respecting-wishes-while-caring-for-yourself,2026-01-29T14:04:53-06:00,https://funeral.com/sitemap_blogs_1.xml
https://funeral.com/blogs/the-journal/when-a-loved-one-dies-by-suicide-compassionate-guidance-language-and-support-resources,2026-01-29T14:04:55-06:00,https://funeral.com/sitemap_blogs_1.xml
https://funeral.com/blogs/the-journal/nature-based-rituals-for-grief-walks-water-trees-and-simple-outdoor-practices,2026-01-29T14:04:57-06:00,https://funeral.com/sitemap_blogs_1.xml
https://funeral.com/blogs/the-journal/what-size-cremation-urn-do-i-need-easy-guide-to-matching-urn-capacity-to-body-weight,2026-01-29T14:04:59-06:00,https://funeral.com/sitemap_blogs_1.xml
https://funeral.com/blogs/the-journal/remembering-through-music-playlists-live-performances-and-songs-that-become-theirs,2026-01-29T14:05:00-06:00,https://funeral.com/sitemap_blogs_1.xml
https://funeral.com/blogs/the-journal/helping-a-friend-or-relative-with-funeral-planning-what-s-actually-helpful-vs-overstepping,2026-01-29T14:05:02-06:00,https://funeral.com/sitemap_blogs_1.xml
https://funeral.com/blogs/the-journal/when-will-my-pet-s-ashes-be-returned-what-to-expect-and-what-to-do-when-they-arrive,2026-01-29T14:05:03-06:00,https://funeral.com/sitemap_blogs_1.xml
https://funeral.com/blogs/the-journal/good-sympathy-gifts-that-actually-help,2026-01-29T14:05:05-06:00,https://funeral.com/sitemap_blogs_1.xml
https://funeral.com/blogs/the-journal/what-is-a-mini-urn-called,2026-01-29T14:05:07-06:00,https://funeral.com/sitemap_blogs_1.xml
https://funeral.com/blogs/the-journal/is-cremation-jewelry-a-good-idea,2026-01-29T14:05:08-06:00,https://funeral.com/sitemap_blogs_1.xml
https://funeral.com/blogs/the-journal/aquamation-the-eco-friendly-alternative-to-pet-cremation,2026-01-29T14:05:11-06:00,https://funeral.com/sitemap_blogs_1.xml
https://funeral.com/blogs/the-journal/the-what-if-loop-how-to-stop-replaying-their-final-moments,2026-01-29T14:05:15-06:00,https://funeral.com/sitemap_blogs_1.xml
https://funeral.com/blogs/the-journal/phantom-noises-why-you-still-hear-their-nails-on-the-floor,2026-01-29T14:05:17-06:00,https://funeral.com/sitemap_blogs_1.xml
https://funeral.com/blogs/the-journal/moving-a-grave-laws-permits-and-costs-of-exhuming-and-reburying-a-loved-one,2026-03-12T19:25:26-05:00,https://funeral.com/sitemap_blogs_1.xml
https://funeral.com/blogs/the-journal/the-quality-of-life-scale-an-objective-tool-for-a-subjective-heartbreak,2026-01-29T14:05:21-06:00,https://funeral.com/sitemap_blogs_1.xml
https://funeral.com/blogs/the-journal/home-memorial-corners-and-altars-how-to-set-up-maintain-and-adjust-them-as-grief-changes,2026-01-29T14:05:23-06:00,https://funeral.com/sitemap_blogs_1.xml
https://funeral.com/blogs/the-journal/how-to-choose-a-pet-portrait-paw-print-or-jewelry-memorial-that-feels-personal,2026-01-29T14:05:25-06:00,https://funeral.com/sitemap_blogs_1.xml
https://funeral.com/blogs/the-journal/headstone-sayings-for-babies-and-children-gentle-epitaph-ideas-for-little-lives,2026-03-17T23:43:40-05:00,https://funeral.com/sitemap_blogs_1.xml
https://funeral.com/blogs/the-journal/digital-legacy-planning-passwords-social-media-and-what-happens-to-your-online-life-after-death,2026-01-29T14:05:29-06:00,https://funeral.com/sitemap_blogs_1.xml
https://funeral.com/blogs/the-journal/do-animals-go-to-heaven-faith-perspectives-grief-and-what-to-do-when-an-animal-dies,2026-01-29T14:05:31-06:00,https://funeral.com/sitemap_blogs_1.xml
https://funeral.com/blogs/the-journal/what-to-do-with-wedding-rings-and-jewelry-after-a-death-options-for-keeping-wearing-and-repurposing,2026-03-21T23:08:07-05:00,https://funeral.com/sitemap_blogs_1.xml
https://funeral.com/blogs/the-journal/when-the-vet-bill-comes-after-the-loss-financial-stress-and-grief,2026-01-29T14:05:35-06:00,https://funeral.com/sitemap_blogs_1.xml
https://funeral.com/blogs/the-journal/after-the-obituary-updating-online-profiles-directories-and-community-groups-about-a-death,2026-01-29T14:05:37-06:00,https://funeral.com/sitemap_blogs_1.xml
https://funeral.com/blogs/the-journal/money-grief-and-impulse-decisions-big-purchases-gifts-and-avoiding-long-term-regrets,2026-01-29T14:05:39-06:00,https://funeral.com/sitemap_blogs_1.xml
https://funeral.com/blogs/the-journal/grieving-a-childhood-pet-as-an-adult-why-the-pain-resurfaces,2026-01-29T14:05:40-06:00,https://funeral.com/sitemap_blogs_1.xml
https://funeral.com/blogs/the-journal/memorial-service-a-gentle-practical-guide-to-planning-one-that-feels-like-them,2026-01-29T14:05:42-06:00,https://funeral.com/sitemap_blogs_1.xml
https://funeral.com/blogs/the-journal/dog-urns-by-breed-choosing-a-memorial-that-feels-like-them,2026-01-29T14:05:44-06:00,https://funeral.com/sitemap_blogs_1.xml
https://funeral.com/blogs/the-journal/pet-loss-and-workplace-compassion-how-employers-can-support-staff,2026-01-29T14:05:46-06:00,https://funeral.com/sitemap_blogs_1.xml
https://funeral.com/blogs/the-journal/should-you-keep-cremated-ashes-at-home,2026-03-19T08:03:31-05:00,https://funeral.com/sitemap_blogs_1.xml
https://funeral.com/blogs/the-journal/men-and-pet-loss-breaking-the-stigma-of-male-grief,2026-01-29T14:05:49-06:00,https://funeral.com/sitemap_blogs_1.xml
https://funeral.com/blogs/the-journal/introducing-a-new-pet-to-a-grieving-pack-timing-and-territory,2026-01-29T14:05:51-06:00,https://funeral.com/sitemap_blogs_1.xml
https://funeral.com/blogs/the-journal/what-is-the-best-type-of-urn-for-ashes,2026-01-29T14:05:52-06:00,https://funeral.com/sitemap_blogs_1.xml
https://funeral.com/blogs/the-journal/why-do-people-wear-urn-necklaces,2026-01-29T14:05:54-06:00,https://funeral.com/sitemap_blogs_1.xml
https://funeral.com/blogs/the-journal/commissioning-pet-portraits-how-to-choose-the-right-artist,2026-01-29T14:05:56-06:00,https://funeral.com/sitemap_blogs_1.xml
https://funeral.com/blogs/the-journal/memorial-service-how-to-plan-a-meaningful-tribute-and-what-to-do-with-ashes-afterward,2026-01-29T14:05:57-06:00,https://funeral.com/sitemap_blogs_1.xml
https://funeral.com/blogs/the-journal/small-animal-loss-grieving-hamsters-rats-and-guinea-pigs,2026-01-29T14:05:59-06:00,https://funeral.com/sitemap_blogs_1.xml
https://funeral.com/blogs/the-journal/what-is-the-point-of-a-memory-box,2026-01-29T14:06:00-06:00,https://funeral.com/sitemap_blogs_1.xml
https://funeral.com/blogs/the-journal/signs-from-the-other-side-stories-of-after-death-communication,2026-01-29T14:06:02-06:00,https://funeral.com/sitemap_blogs_1.xml
https://funeral.com/blogs/the-journal/is-it-good-to-keep-dog-ashes-at-home,2026-03-18T16:10:34-05:00,https://funeral.com/sitemap_blogs_1.xml
https://funeral.com/blogs/the-journal/headstone-regulations-and-cemetery-rules-size-limits-materials-and-what-s-allowed,2026-01-29T14:06:06-06:00,https://funeral.com/sitemap_blogs_1.xml
https://funeral.com/blogs/the-journal/cemetery-fees-explained-opening-and-closing-perpetual-care-and-other-common-charges,2026-03-11T02:42:57-05:00,https://funeral.com/sitemap_blogs_1.xml
https://funeral.com/blogs/the-journal/urn-necklaces-and-ashes-pendants-styles-filling-tips-and-personalization-ideas,2026-01-29T14:06:10-06:00,https://funeral.com/sitemap_blogs_1.xml
https://funeral.com/blogs/the-journal/the-science-of-energy-where-does-the-love-go-when-they-die,2026-01-29T14:06:13-06:00,https://funeral.com/sitemap_blogs_1.xml
https://funeral.com/blogs/the-journal/what-to-write-in-a-sympathy-card-messages-for-friends-coworkers-and-acquaintances,2026-03-11T16:24:56-05:00,https://funeral.com/sitemap_blogs_1.xml
https://funeral.com/blogs/the-journal/traveling-to-a-funeral-etiquette-planning-and-making-the-most-of-time-with-family,2026-03-22T16:20:13-05:00,https://funeral.com/sitemap_blogs_1.xml
https://funeral.com/blogs/the-journal/when-a-death-is-expected-after-a-long-illness-fatigue-relief-and-complicated-emotions,2026-01-29T14:06:19-06:00,https://funeral.com/sitemap_blogs_1.xml
https://funeral.com/blogs/the-journal/adopting-after-loss-dealing-with-the-fear-of-losing-another,2026-01-29T14:06:21-06:00,https://funeral.com/sitemap_blogs_1.xml
https://funeral.com/blogs/the-journal/journaling-prompts-to-help-process-the-loss-of-a-companion-animal,2026-01-29T14:06:22-06:00,https://funeral.com/sitemap_blogs_1.xml
https://funeral.com/blogs/the-journal/creating-a-ritual-lighting-a-candle-every-monday,2026-01-29T14:06:24-06:00,https://funeral.com/sitemap_blogs_1.xml
https://funeral.com/blogs/the-journal/turning-ashes-into-diamonds-glass-and-vinyl-records,2026-01-29T14:06:25-06:00,https://funeral.com/sitemap_blogs_1.xml
https://funeral.com/blogs/the-journal/what-to-do-with-their-belongings-to-donate-keep-or-throw-away,2026-01-29T14:06:27-06:00,https://funeral.com/sitemap_blogs_1.xml
https://funeral.com/blogs/the-journal/cremation-vs-burial-a-guide-to-aftercare-options,2026-01-29T14:06:29-06:00,https://funeral.com/sitemap_blogs_1.xml
https://funeral.com/blogs/the-journal/witnessing-a-pet-cremation-what-to-expect-how-long-it-takes-and-how-to-decide,2026-01-29T14:06:30-06:00,https://funeral.com/sitemap_blogs_1.xml
https://funeral.com/blogs/the-journal/pet-cremation-for-birds-and-small-pets-options-when-ashes-are-minimal-and-how-to-memorialize,2026-01-29T14:06:33-06:00,https://funeral.com/sitemap_blogs_1.xml
https://funeral.com/blogs/the-journal/exotic-pet-loss-why-grieving-a-reptile-or-bird-is-valid,2026-01-29T14:06:34-06:00,https://funeral.com/sitemap_blogs_1.xml
https://funeral.com/blogs/the-journal/ceramic-vs-metal-vs-wood-pet-urns-pros-cons-durability-best-use-cases,2026-01-29T14:06:37-06:00,https://funeral.com/sitemap_blogs_1.xml
https://funeral.com/blogs/the-journal/senior-to-puppy-the-shock-of-raising-a-baby-after-caring-for-a-senior,2026-03-08T21:18:37-05:00,https://funeral.com/sitemap_blogs_1.xml
https://funeral.com/blogs/the-journal/dog-urn-size-guide-by-breed-small-medium-large-giant-breeds-plus-weight-chart,2026-03-20T18:15:32-05:00,https://funeral.com/sitemap_blogs_1.xml
https://funeral.com/blogs/the-journal/how-to-personalize-a-pet-urn-engraving-ideas-photo-options-symbols-and-wording-examples,2026-01-29T14:06:42-06:00,https://funeral.com/sitemap_blogs_1.xml
https://funeral.com/blogs/the-journal/ambiguous-loss-grieving-when-there-s-no-body-clear-ending-or-traditional-funeral,2026-01-29T14:06:44-06:00,https://funeral.com/sitemap_blogs_1.xml
https://funeral.com/blogs/the-journal/cremation-jewelry-for-men-subtle-styles-chain-lengths-everyday-wear-tips,2026-01-29T14:06:48-06:00,https://funeral.com/sitemap_blogs_1.xml
https://funeral.com/blogs/the-journal/choosing-funeral-flowers-what-to-pick-and-why-it-matters,2026-01-29T14:06:49-06:00,https://funeral.com/sitemap_blogs_1.xml
https://funeral.com/blogs/the-journal/pet-memorial-stones-and-garden-markers-engraving-ideas-and-placement-tips,2026-01-29T14:06:53-06:00,https://funeral.com/sitemap_blogs_1.xml
https://funeral.com/blogs/the-journal/eco-friendly-urns-and-biodegradable-options-water-soil-and-tree-memorials,2026-01-29T14:06:55-06:00,https://funeral.com/sitemap_blogs_1.xml
https://funeral.com/blogs/the-journal/grieving-a-friend-when-your-loss-feels-overlooked-or-hard-for-others-to-understand,2026-01-29T14:06:56-06:00,https://funeral.com/sitemap_blogs_1.xml
https://funeral.com/blogs/the-journal/direct-cremation-what-s-included-what-s-not-and-how-families-can-personalize-later,2026-01-29T14:06:58-06:00,https://funeral.com/sitemap_blogs_1.xml
https://funeral.com/blogs/the-journal/grief-and-sleep-problems-night-waking-dreams-and-practical-ways-to-rest-more-deeply,2026-01-29T14:07:00-06:00,https://funeral.com/sitemap_blogs_1.xml
https://funeral.com/blogs/the-journal/the-burden-of-the-decision-maker-when-one-spouse-decides-and-the-other-disagrees,2026-01-29T14:07:01-06:00,https://funeral.com/sitemap_blogs_1.xml
https://funeral.com/blogs/the-journal/dealing-with-veterinary-malpractice-grief-mixed-with-anger,2026-01-29T14:07:04-06:00,https://funeral.com/sitemap_blogs_1.xml
https://funeral.com/blogs/the-journal/funeral-scams-and-high-pressure-tactics-red-flags-to-watch-for-and-how-to-push-back,2026-01-29T14:07:06-06:00,https://funeral.com/sitemap_blogs_1.xml
https://funeral.com/blogs/the-journal/is-a-black-dress-ok-for-a-funeral,2026-01-29T14:07:08-06:00,https://funeral.com/sitemap_blogs_1.xml
https://funeral.com/blogs/the-journal/what-is-the-proper-etiquette-for-thank-you-cards-for-funerals,2026-01-29T14:07:09-06:00,https://funeral.com/sitemap_blogs_1.xml
https://funeral.com/blogs/the-journal/types-of-headstones-and-grave-markers-materials-styles-and-how-they-age,2026-01-29T14:07:11-06:00,https://funeral.com/sitemap_blogs_1.xml
https://funeral.com/blogs/the-journal/grieving-a-lost-pet-that-hasnt-died-the-pain-of-rehoming-or-runaways,2026-01-29T14:07:13-06:00,https://funeral.com/sitemap_blogs_1.xml
https://funeral.com/blogs/the-journal/how-to-send-food-to-a-grieving-family,2026-01-29T14:07:15-06:00,https://funeral.com/sitemap_blogs_1.xml
https://funeral.com/blogs/the-journal/navigating-workplace-grief-should-you-take-bereavement-leave-for-a-pet,2026-01-29T14:07:16-06:00,https://funeral.com/sitemap_blogs_1.xml
https://funeral.com/blogs/the-journal/what-are-the-disadvantages-of-funeral-insurance,2026-01-29T14:07:18-06:00,https://funeral.com/sitemap_blogs_1.xml
https://funeral.com/blogs/the-journal/beautiful-words-for-headstones-epitaph-examples-phrases-and-how-to-choose-the-right-one,2026-03-17T21:36:30-05:00,https://funeral.com/sitemap_blogs_1.xml
https://funeral.com/blogs/the-journal/why-am-i-not-crying-processing-shock-and-numbness,2026-01-29T14:07:22-06:00,https://funeral.com/sitemap_blogs_1.xml
https://funeral.com/blogs/the-journal/what-is-a-typical-funeral-program,2026-01-29T14:07:24-06:00,https://funeral.com/sitemap_blogs_1.xml
https://funeral.com/blogs/the-journal/it-s-just-a-cat-how-to-handle-insensitive-comments-from-friends,2026-01-29T14:07:27-06:00,https://funeral.com/sitemap_blogs_1.xml
https://funeral.com/blogs/the-journal/do-funeral-homes-provide-prayer-cards,2026-01-29T14:07:29-06:00,https://funeral.com/sitemap_blogs_1.xml
https://funeral.com/blogs/the-journal/wake-viewing-visitation-and-funeral-what-each-one-means-and-how-they-re-different,2026-01-29T14:07:31-06:00,https://funeral.com/sitemap_blogs_1.xml
https://funeral.com/blogs/the-journal/the-physical-symptoms-of-heartbreak-can-pet-loss-make-you-sick,2026-03-08T03:16:37-05:00,https://funeral.com/sitemap_blogs_1.xml
https://funeral.com/blogs/the-journal/how-to-bury-a-dog-safely-and-respectfully-step-by-step-guide-for-families,2026-01-29T14:07:35-06:00,https://funeral.com/sitemap_blogs_1.xml
https://funeral.com/blogs/the-journal/what-is-the-dog-s-prayer-poem,2026-01-29T14:07:37-06:00,https://funeral.com/sitemap_blogs_1.xml
https://funeral.com/blogs/the-journal/how-to-build-a-support-system-after-pet-loss,2026-01-29T14:07:40-06:00,https://funeral.com/sitemap_blogs_1.xml
https://funeral.com/blogs/the-journal/best-stone-for-headstones-comparing-granite-marble-sandstone-and-other-materials,2026-03-19T22:52:17-05:00,https://funeral.com/sitemap_blogs_1.xml
https://funeral.com/blogs/the-journal/how-to-support-kids-when-a-classroom-pet-dies,2026-01-29T14:07:44-06:00,https://funeral.com/sitemap_blogs_1.xml
https://funeral.com/blogs/the-journal/comforting-children-at-a-pets-euthanasia-appointment,2026-01-29T14:07:46-06:00,https://funeral.com/sitemap_blogs_1.xml
https://funeral.com/blogs/the-journal/wake-vs-viewing-vs-funeral-vs-celebration-of-life-which-is-right-for-your-family,2026-01-29T14:07:47-06:00,https://funeral.com/sitemap_blogs_1.xml
https://funeral.com/blogs/the-journal/hair-memorial-jewelry-from-victorian-traditions-to-modern-lock-of-hair-keepsakes,2026-03-12T19:08:11-05:00,https://funeral.com/sitemap_blogs_1.xml
https://funeral.com/blogs/the-journal/how-to-talk-to-teens-about-the-death-of-a-pet-without-minimizing-their-grief,2026-01-29T14:08:24-06:00,https://funeral.com/sitemap_blogs_1.xml
https://funeral.com/blogs/the-journal/traveling-with-cremation-ashes-airline-rules-tsa-guidelines-and-peace-of-mind,2026-01-29T14:08:26-06:00,https://funeral.com/sitemap_blogs_1.xml
https://funeral.com/blogs/the-journal/creating-a-goodbye-ritual-for-your-pet-ideas-for-a-peaceful-final-day,2026-01-29T14:08:29-06:00,https://funeral.com/sitemap_blogs_1.xml
https://funeral.com/blogs/the-journal/is-it-okay-to-split-ashes-etiquette-religious-views-and-practical-tips-for-sharing-remains,2026-03-21T15:59:23-05:00,https://funeral.com/sitemap_blogs_1.xml
https://funeral.com/blogs/the-journal/grieving-the-loss-of-a-cat-after-euthanasia-letting-go-of-blame-and-regret,2026-01-29T14:08:32-06:00,https://funeral.com/sitemap_blogs_1.xml
https://funeral.com/blogs/the-journal/from-foster-to-forever-in-your-heart-grieving-the-loss-of-a-foster-pet,2026-01-29T14:08:34-06:00,https://funeral.com/sitemap_blogs_1.xml
https://funeral.com/blogs/the-journal/human-ashes-101-legal-emotional-and-practical-things-families-should-know,2026-01-29T14:08:36-06:00,https://funeral.com/sitemap_blogs_1.xml
https://funeral.com/blogs/the-journal/travel-safe-pet-urns-tsa-friendly-materials-screening-tips-when-to-use-a-temporary-container,2026-01-29T14:08:37-06:00,https://funeral.com/sitemap_blogs_1.xml
https://funeral.com/blogs/the-journal/grieving-a-pet-while-caring-for-surviving-animals-balancing-their-needs-and-yours,2026-01-29T14:08:39-06:00,https://funeral.com/sitemap_blogs_1.xml
https://funeral.com/blogs/the-journal/what-human-ashes-are-like-after-cremation-appearance-weight-and-safe-handling,2026-01-29T14:08:41-06:00,https://funeral.com/sitemap_blogs_1.xml
https://funeral.com/blogs/the-journal/keeping-your-pet-s-memory-alive-in-everyday-life,2026-01-29T14:08:42-06:00,https://funeral.com/sitemap_blogs_1.xml
https://funeral.com/blogs/the-journal/why-losing-a-pet-can-trigger-old-grief-you-thought-was-over,2026-03-08T21:17:50-05:00,https://funeral.com/sitemap_blogs_1.xml
https://funeral.com/blogs/the-journal/what-does-the-bible-say-about-cremation-christian-views-myths-and-modern-practice,2026-01-29T14:08:45-06:00,https://funeral.com/sitemap_blogs_1.xml
https://funeral.com/blogs/the-journal/cremation-diamonds-and-gemstones-how-they-are-made-costs-and-key-questions-to-ask,2026-01-29T14:08:49-06:00,https://funeral.com/sitemap_blogs_1.xml
https://funeral.com/blogs/the-journal/pet-loss-in-blended-families-shared-pets-shared-grief-and-complicated-emotions,2026-01-29T14:08:51-06:00,https://funeral.com/sitemap_blogs_1.xml
https://funeral.com/blogs/the-journal/when-your-new-pet-brings-up-grief-for-the-one-you-lost,2026-01-29T14:08:54-06:00,https://funeral.com/sitemap_blogs_1.xml
https://funeral.com/blogs/the-journal/pet-loss-and-complicated-grief-when-healing-feels-stuck,2026-01-29T14:08:56-06:00,https://funeral.com/sitemap_blogs_1.xml
https://funeral.com/blogs/the-journal/what-to-say-instead-of-deepest-sympathy,2026-01-29T14:08:58-06:00,https://funeral.com/sitemap_blogs_1.xml
https://funeral.com/blogs/the-journal/funeral-thank-you-message-from-family-what-to-say-when-to-send-it-and-how-to-make-it-feel-real,2026-03-06T21:52:41-06:00,https://funeral.com/sitemap_blogs_1.xml
https://funeral.com/blogs/the-journal/is-there-such-a-thing-as-a-funeral-planner,2026-01-29T14:09:01-06:00,https://funeral.com/sitemap_blogs_1.xml
https://funeral.com/blogs/the-journal/how-do-you-prepay-for-a-cremation,2026-01-29T14:09:03-06:00,https://funeral.com/sitemap_blogs_1.xml
https://funeral.com/blogs/the-journal/is-it-rude-to-not-dress-up-for-a-funeral,2026-01-29T14:09:04-06:00,https://funeral.com/sitemap_blogs_1.xml
https://funeral.com/blogs/the-journal/what-is-the-cheapest-way-to-plan-a-funeral,2026-01-29T14:09:05-06:00,https://funeral.com/sitemap_blogs_1.xml
https://funeral.com/blogs/the-journal/why-are-carnations-a-funeral-flower,2026-04-09T08:04:00-05:00,https://funeral.com/sitemap_blogs_1.xml
https://funeral.com/blogs/the-journal/how-do-i-choose-a-life-insurance-agent,2026-01-29T14:09:09-06:00,https://funeral.com/sitemap_blogs_1.xml
https://funeral.com/blogs/the-journal/where-to-find-real-time-help-for-pet-loss-hotlines-chats-and-online-communities,2026-01-29T14:09:11-06:00,https://funeral.com/sitemap_blogs_1.xml
https://funeral.com/blogs/the-journal/do-you-send-condolences-for-pets,2026-01-29T14:09:13-06:00,https://funeral.com/sitemap_blogs_1.xml
https://funeral.com/blogs/the-journal/signs-pets-leave-after-death-comforting-interpretations-and-symbolic-moments,2026-01-29T14:09:15-06:00,https://funeral.com/sitemap_blogs_1.xml
https://funeral.com/blogs/the-journal/mindfulness-for-pet-loss-how-to-stay-grounded-while-grieving,2026-01-29T14:09:17-06:00,https://funeral.com/sitemap_blogs_1.xml
https://funeral.com/blogs/the-journal/what-do-you-say-to-someone-who-is-grieving-the-loss-of-a-pet,2026-01-29T14:09:18-06:00,https://funeral.com/sitemap_blogs_1.xml
https://funeral.com/blogs/the-journal/wake-viewing-and-visitation-etiquette-what-to-wear-what-to-say-and-how-long-to-stay,2026-03-21T18:27:03-05:00,https://funeral.com/sitemap_blogs_1.xml
https://funeral.com/blogs/the-journal/how-to-make-a-picture-board-for-a-funeral,2026-03-08T03:41:46-05:00,https://funeral.com/sitemap_blogs_1.xml
https://funeral.com/blogs/the-journal/can-pet-ashes-be-buried-with-humans-laws-cemetery-rules-and-realistic-options,2026-05-25T04:00:34-05:00,https://funeral.com/sitemap_blogs_1.xml
https://funeral.com/blogs/the-journal/how-much-should-i-spend-on-flowers-for-a-funeral,2026-01-29T14:09:25-06:00,https://funeral.com/sitemap_blogs_1.xml
https://funeral.com/blogs/the-journal/how-to-rebuild-your-daily-routine-after-a-pet-dies,2026-01-29T14:09:27-06:00,https://funeral.com/sitemap_blogs_1.xml
https://funeral.com/blogs/the-journal/how-do-pet-funerals-work-a-gentle-guide-to-saying-goodbye-pet-cremation-and-memorial-choices,2026-01-29T14:09:29-06:00,https://funeral.com/sitemap_blogs_1.xml
https://funeral.com/blogs/the-journal/pet-loss-and-identity-when-a-pet-was-your-purpose,2026-01-29T14:09:31-06:00,https://funeral.com/sitemap_blogs_1.xml
https://funeral.com/blogs/the-journal/why-pet-loss-hits-harder-for-single-people,2026-01-29T14:09:33-06:00,https://funeral.com/sitemap_blogs_1.xml
https://funeral.com/blogs/the-journal/handling-pet-loss-anniversaries-with-grace,2026-01-29T14:09:34-06:00,https://funeral.com/sitemap_blogs_1.xml
https://funeral.com/blogs/the-journal/why-people-feel-embarrassed-about-pet-grief,2026-01-29T14:09:37-06:00,https://funeral.com/sitemap_blogs_1.xml
https://funeral.com/blogs/the-journal/grieving-someone-you-were-estranged-from-mixed-emotions-regrets-and-finding-a-way-to-say-goodbye,2026-01-29T14:09:38-06:00,https://funeral.com/sitemap_blogs_1.xml
https://funeral.com/blogs/the-journal/short-beautiful-words-for-gravestones-simple-epitaphs-that-still-say-a-lot,2026-03-10T21:00:32-05:00,https://funeral.com/sitemap_blogs_1.xml
https://funeral.com/blogs/the-journal/what-are-human-ashes-really-composition-appearance-and-what-you-can-do-with-them,2026-01-29T14:09:43-06:00,https://funeral.com/sitemap_blogs_1.xml
https://funeral.com/blogs/the-journal/what-to-expect-when-you-receive-cremation-ashes-handling-storage-and-next-steps,2026-01-29T14:09:45-06:00,https://funeral.com/sitemap_blogs_1.xml
https://funeral.com/blogs/the-journal/do-only-humans-have-souls-or-do-animals-have-souls-too,2026-01-29T14:09:47-06:00,https://funeral.com/sitemap_blogs_1.xml
https://funeral.com/blogs/the-journal/the-too-soon-vs-too-late-dilemma-a-guide-to-the-final-decision,2026-01-29T14:09:49-06:00,https://funeral.com/sitemap_blogs_1.xml
https://funeral.com/blogs/the-journal/the-financial-guilt-of-keeping-a-sick-pet-alive-and-why-it-s-okay-to-stop,2026-01-29T14:09:51-06:00,https://funeral.com/sitemap_blogs_1.xml
https://funeral.com/blogs/the-journal/the-caregivers-burnout-handling-the-exhaustion-of-a-special-needs-pet,2026-01-29T14:09:53-06:00,https://funeral.com/sitemap_blogs_1.xml
https://funeral.com/blogs/the-journal/how-to-divide-cremation-ashes-safely-and-respectfully-a-practical-guide,2026-01-29T14:09:55-06:00,https://funeral.com/sitemap_blogs_1.xml
https://funeral.com/blogs/the-journal/disenfranchised-grief-why-society-doesnt-respect-pet-loss,2026-01-29T14:09:56-06:00,https://funeral.com/sitemap_blogs_1.xml
https://funeral.com/blogs/the-journal/the-empty-house-syndrome-coping-with-the-silence-after-they-re-gone,2026-01-29T14:09:58-06:00,https://funeral.com/sitemap_blogs_1.xml
https://funeral.com/blogs/the-journal/short-and-beautiful-epitaphs-for-headstones-200-inspiring-ideas-and-tips,2026-03-11T16:18:19-05:00,https://funeral.com/sitemap_blogs_1.xml
https://funeral.com/blogs/the-journal/the-first-72-hours-a-survival-guide-for-acute-pet-grief,2026-01-29T14:10:02-06:00,https://funeral.com/sitemap_blogs_1.xml
https://funeral.com/blogs/the-journal/headstone-inscriptions-for-mom-and-dad-loving-words-that-stand-the-test-of-time,2026-03-08T01:33:41-06:00,https://funeral.com/sitemap_blogs_1.xml
https://funeral.com/blogs/the-journal/gravestone-quotes-and-sayings-for-every-personality-from-traditional-to-playful,2026-01-29T14:10:06-06:00,https://funeral.com/sitemap_blogs_1.xml
https://funeral.com/blogs/the-journal/i-killed-my-best-friend-forgiving-yourself-after-making-the-euthanasia-call,2026-01-29T14:10:08-06:00,https://funeral.com/sitemap_blogs_1.xml
https://funeral.com/blogs/the-journal/burial-service,2026-01-29T14:10:10-06:00,https://funeral.com/sitemap_blogs_1.xml
https://funeral.com/blogs/the-journal/did-they-know-i-loved-them-an-animal-communicator-s-perspective,2026-01-29T14:10:13-06:00,https://funeral.com/sitemap_blogs_1.xml
https://funeral.com/blogs/the-journal/behavioral-euthanasia-the-unique-stigma-of-putting-a-dangerous-dog-down,2026-01-29T14:10:15-06:00,https://funeral.com/sitemap_blogs_1.xml
https://funeral.com/blogs/the-journal/financial-guilt-if-i-had-more-money-could-i-have-saved-them,2026-01-29T14:10:17-06:00,https://funeral.com/sitemap_blogs_1.xml
https://funeral.com/blogs/the-journal/pet-urn-size-calculator-find-the-right-capacity-cubic-inches-split-ashes-for-keepsakes,2026-01-29T14:10:19-06:00,https://funeral.com/sitemap_blogs_1.xml
https://funeral.com/blogs/the-journal/regretting-the-vet-choice-making-peace-with-medical-trauma,2026-01-29T14:10:21-06:00,https://funeral.com/sitemap_blogs_1.xml
https://funeral.com/blogs/the-journal/secondary-guilt-when-you-cry-more-for-your-pet-than-a-passed-relative,2026-01-29T14:10:22-06:00,https://funeral.com/sitemap_blogs_1.xml
https://funeral.com/blogs/the-journal/choosing-cremation-memorials-that-feel-like-love-urns-keepsakes-jewelry-and-a-clear-plan,2026-01-29T14:10:24-06:00,https://funeral.com/sitemap_blogs_1.xml
https://funeral.com/blogs/the-journal/do-dogs-grieve-recognizing-depression-in-surviving-pets,2026-01-29T14:10:26-06:00,https://funeral.com/sitemap_blogs_1.xml
https://funeral.com/blogs/the-journal/should-i-let-my-other-dog-sniff-the-body-the-pros-and-cons,2026-03-08T01:23:33-06:00,https://funeral.com/sitemap_blogs_1.xml
https://funeral.com/blogs/the-journal/pet-memorial-jewelry-hub-types-how-to-fill-seal-care-waterproofing-faqs,2026-04-09T07:36:45-05:00,https://funeral.com/sitemap_blogs_1.xml
https://funeral.com/blogs/the-journal/children-and-pet-loss-the-rainbow-bridge-explanation-vs-biological-truth,2026-01-29T14:10:32-06:00,https://funeral.com/sitemap_blogs_1.xml
https://funeral.com/blogs/the-journal/pet-loss-faq-mega-guide-100-quick-answers-on-grief-cremation-ashes-urns-memorial-jewelry,2026-03-19T22:09:03-05:00,https://funeral.com/sitemap_blogs_1.xml
https://funeral.com/blogs/the-journal/what-to-say-when-someone-loses-a-pet-texts-cards-workplace-scripts-and-what-not-to-say,2026-03-19T22:48:39-05:00,https://funeral.com/sitemap_blogs_1.xml
https://funeral.com/blogs/the-journal/books-to-help-toddlers-understand-the-death-of-a-pet,2026-01-29T14:10:38-06:00,https://funeral.com/sitemap_blogs_1.xml
https://funeral.com/blogs/the-journal/when-the-surviving-pet-becomes-clingy-managing-separation-anxiety,2026-01-29T14:10:41-06:00,https://funeral.com/sitemap_blogs_1.xml
https://funeral.com/blogs/the-journal/choosing-cremation-urns-pet-urns-and-cremation-jewelry-without-pressure,2026-01-29T14:10:43-06:00,https://funeral.com/sitemap_blogs_1.xml
https://funeral.com/blogs/the-journal/family-pet-memorial-ceremony-simple-ideas-kids-can-help-lead-readings-rituals-and-keepsakes,2026-05-28T01:55:22-05:00,https://funeral.com/sitemap_blogs_1.xml
https://funeral.com/blogs/the-journal/how-to-verify-a-pet-cremation-provider-tracking-accreditation-paperwork-questions-to-ask,2026-06-01T00:27:57-05:00,https://funeral.com/sitemap_blogs_1.xml
https://funeral.com/blogs/the-journal/do-you-need-glue-for-cremation-jewelry-sealing-threadlocker-options-safety-tips,2026-01-29T14:10:47-06:00,https://funeral.com/sitemap_blogs_1.xml
https://funeral.com/blogs/the-journal/how-to-transfer-pet-ashes-into-an-urn-tools-tips-a-no-stress-step-by-step-guide,2026-04-09T00:55:19-05:00,https://funeral.com/sitemap_blogs_1.xml
https://funeral.com/blogs/the-journal/cat-urn-size-guide-adult-cats-kittens-multiple-cats-sizing-keepsake-options,2026-01-29T14:10:52-06:00,https://funeral.com/sitemap_blogs_1.xml
https://funeral.com/blogs/the-journal/pet-urns-for-two-pets-companion-urns-divided-urns-and-family-sharing-options,2026-03-18T23:10:08-05:00,https://funeral.com/sitemap_blogs_1.xml
https://funeral.com/blogs/the-journal/the-single-pet-household-adjusting-from-a-pack-of-two-to-one,2026-01-29T14:10:56-06:00,https://funeral.com/sitemap_blogs_1.xml
https://funeral.com/blogs/the-journal/fostering-after-loss-a-bridge-between-grief-and-ownership,2026-01-29T14:10:57-06:00,https://funeral.com/sitemap_blogs_1.xml
https://funeral.com/blogs/the-journal/pet-loss-and-trauma-responses-when-the-grief-feels-overwhelming,2026-03-19T23:59:02-05:00,https://funeral.com/sitemap_blogs_1.xml
https://funeral.com/blogs/the-journal/maintaining-bonds-after-loss-continuing-connections-and-memory-rituals,2026-01-29T14:11:00-06:00,https://funeral.com/sitemap_blogs_1.xml
https://funeral.com/blogs/the-journal/how-to-help-a-pet-who-is-grieving-a-companion,2026-01-29T14:11:02-06:00,https://funeral.com/sitemap_blogs_1.xml
https://funeral.com/blogs/the-journal/healing-together-family-rituals-for-pet-loss,2026-01-29T14:11:03-06:00,https://funeral.com/sitemap_blogs_1.xml
https://funeral.com/blogs/the-journal/anticipatory-grief-why-you-re-mourning-before-they-are-gone,2026-01-29T14:11:05-06:00,https://funeral.com/sitemap_blogs_1.xml
https://funeral.com/blogs/the-journal/is-my-dog-in-pain-silent-signs-your-senior-pet-is-suffering,2026-01-29T14:11:07-06:00,https://funeral.com/sitemap_blogs_1.xml
https://funeral.com/blogs/the-journal/how-to-plan-a-peaceful-at-home-euthanasia-a-step-by-step-guide,2026-01-29T14:11:10-06:00,https://funeral.com/sitemap_blogs_1.xml
https://funeral.com/blogs/the-journal/if-cremation-jewelry-breaks-or-leaks-emergency-steps-clean-up-tips-repair-options,2026-01-29T14:11:12-06:00,https://funeral.com/sitemap_blogs_1.xml
https://funeral.com/blogs/the-journal/explaining-euthanasia-to-kids-scripts-for-different-age-groups,2026-01-29T14:11:17-06:00,https://funeral.com/sitemap_blogs_1.xml
https://funeral.com/blogs/the-journal/palliative-care-vs-hospice-for-pets-understanding-your-options,2026-01-29T14:11:19-06:00,https://funeral.com/sitemap_blogs_1.xml
https://funeral.com/blogs/the-journal/coping-with-the-diagnosis-when-the-vet-says-theres-nothing-more-we-can-do,2026-01-29T14:11:20-06:00,https://funeral.com/sitemap_blogs_1.xml
https://funeral.com/blogs/the-journal/can-you-travel-with-cremation-jewelry-tsa-screening-packing-tips-avoiding-loss,2026-01-29T14:11:22-06:00,https://funeral.com/sitemap_blogs_1.xml
https://funeral.com/blogs/the-journal/natural-death-vs-euthanasia-debunking-the-myths-of-a-peaceful-natural-passing,2026-01-29T14:11:24-06:00,https://funeral.com/sitemap_blogs_1.xml
https://funeral.com/blogs/the-journal/bucket-lists-for-terminally-ill-pets-ideas-for-every-mobility-level,2026-01-29T14:11:26-06:00,https://funeral.com/sitemap_blogs_1.xml
https://funeral.com/blogs/the-journal/pre-grieving-why-you-feel-guilty-for-thinking-about-life-after-theyre-gone,2026-01-29T14:11:27-06:00,https://funeral.com/sitemap_blogs_1.xml
https://funeral.com/blogs/the-journal/identity-crisis-who-am-i-if-i-m-not-a-dog-mom-anymore,2026-01-29T14:11:29-06:00,https://funeral.com/sitemap_blogs_1.xml
https://funeral.com/blogs/the-journal/grieving-a-soul-pet-why-this-loss-feels-different-than-others,2026-01-29T14:11:32-06:00,https://funeral.com/sitemap_blogs_1.xml
https://funeral.com/blogs/the-journal/how-to-help-a-surviving-cat-cope-with-the-loss-of-a-companion,2026-01-29T14:12:33-06:00,https://funeral.com/sitemap_blogs_1.xml
https://funeral.com/blogs/the-journal/pet-memorial-rings-vs-necklaces-vs-bracelets-pros-cons-comfort-practicality,2026-01-29T14:12:36-06:00,https://funeral.com/sitemap_blogs_1.xml
https://funeral.com/blogs/the-journal/how-cremation-jewelry-works-what-it-holds-ashes-fur-whiskers-how-much-fits,2026-01-29T14:12:37-06:00,https://funeral.com/sitemap_blogs_1.xml
https://funeral.com/blogs/the-journal/teenagers-and-pet-loss-validating-their-silent-grief,2026-01-29T14:12:39-06:00,https://funeral.com/sitemap_blogs_1.xml
https://funeral.com/blogs/the-journal/comparing-the-new-puppy-to-the-old-dog-how-to-stop,2026-01-29T14:12:40-06:00,https://funeral.com/sitemap_blogs_1.xml
https://funeral.com/blogs/the-journal/alabama-pet-cremation-guide-laws-costs-options,2026-01-29T14:12:42-06:00,https://funeral.com/sitemap_blogs_1.xml
https://funeral.com/blogs/the-journal/keeping-cremation-jewelry-private-wearing-pet-ashes-at-work-school-and-in-public,2026-01-29T14:12:43-06:00,https://funeral.com/sitemap_blogs_1.xml
https://funeral.com/blogs/the-journal/changing-breeds-why-switching-might-help-your-grief,2026-01-29T14:12:45-06:00,https://funeral.com/sitemap_blogs_1.xml
https://funeral.com/blogs/the-journal/is-cremation-jewelry-waterproof-showering-swimming-sweat-material-by-material-guidance,2026-01-29T14:12:46-06:00,https://funeral.com/sitemap_blogs_1.xml
https://funeral.com/blogs/the-journal/how-to-fill-pet-cremation-jewelry-at-home-step-by-step-with-photos-spill-proof-tips,2026-01-29T14:12:48-06:00,https://funeral.com/sitemap_blogs_1.xml
https://funeral.com/blogs/the-journal/pet-memorial-jewelry-vs-cremation-jewelry-what-s-the-difference-which-is-right-for-you,2026-01-29T14:12:49-06:00,https://funeral.com/sitemap_blogs_1.xml
https://funeral.com/blogs/the-journal/pet-cremation-costs-in-2026-typical-price-ranges-what-changes-the-total,2026-01-29T14:12:51-06:00,https://funeral.com/sitemap_blogs_1.xml
https://funeral.com/blogs/the-journal/how-long-can-you-wait-before-pet-cremation-a-practical-timeline-without-panic,2026-03-08T06:13:53-05:00,https://funeral.com/sitemap_blogs_1.xml
https://funeral.com/blogs/the-journal/if-your-pet-dies-at-home-what-to-do-next-storage-timing-transport-who-to-call,2026-03-25T15:54:32-05:00,https://funeral.com/sitemap_blogs_1.xml
https://funeral.com/blogs/the-journal/grieving-the-loss-of-a-service-dog-losing-your-independence,2026-01-29T14:12:58-06:00,https://funeral.com/sitemap_blogs_1.xml
https://funeral.com/blogs/the-journal/losing-an-emotional-support-animal-esa-the-double-hit-to-mental-health,2026-01-29T14:12:59-06:00,https://funeral.com/sitemap_blogs_1.xml
https://funeral.com/blogs/the-journal/euthanasia-at-the-shelter-the-trauma-of-surrendering-a-sick-pet,2026-01-29T14:13:01-06:00,https://funeral.com/sitemap_blogs_1.xml
https://funeral.com/blogs/the-journal/dementia-in-dogs-grieving-the-dog-who-is-still-physically-there,2026-01-29T14:13:03-06:00,https://funeral.com/sitemap_blogs_1.xml
https://funeral.com/blogs/the-journal/alaska-pet-cremation-guide-laws-costs-options,2026-03-25T02:33:35-05:00,https://funeral.com/sitemap_blogs_1.xml
https://funeral.com/blogs/the-journal/do-you-really-need-embalming-when-it-s-required-when-it-s-optional-and-alternatives,2026-01-29T14:13:07-06:00,https://funeral.com/sitemap_blogs_1.xml
https://funeral.com/blogs/the-journal/sudden-pet-loss-panic-grounding-exercises-for-shock-anxiety-the-first-week,2026-01-29T14:13:09-06:00,https://funeral.com/sitemap_blogs_1.xml
https://funeral.com/blogs/the-journal/social-anxiety-and-grief-when-being-around-people-feels-hard-but-isolation-isn-t-helping-either,2026-03-18T19:03:31-05:00,https://funeral.com/sitemap_blogs_1.xml
https://funeral.com/blogs/the-journal/best-children-s-books-about-pet-death-20-picks-by-age-and-discussion-questions-for-families,2026-01-29T14:13:14-06:00,https://funeral.com/sitemap_blogs_1.xml
https://funeral.com/blogs/the-journal/pet-loss-after-cancer-anticipatory-grief-caregiver-exhaustion-and-healing-after-a-long-illness,2026-01-29T14:13:16-06:00,https://funeral.com/sitemap_blogs_1.xml
https://funeral.com/blogs/the-journal/what-flower-is-best-for-a-funeral,2026-01-29T14:13:18-06:00,https://funeral.com/sitemap_blogs_1.xml
https://funeral.com/blogs/the-journal/when-the-urn-arrives-what-you-might-feel-what-to-do-next-gentle-setup-ideas,2026-01-29T14:13:20-06:00,https://funeral.com/sitemap_blogs_1.xml
https://funeral.com/blogs/the-journal/what-is-the-best-thing-to-say-instead-of-condolences,2026-01-29T14:13:22-06:00,https://funeral.com/sitemap_blogs_1.xml
https://funeral.com/blogs/the-journal/what-colors-to-wear-to-a-funeral-for-women,2026-01-29T14:13:23-06:00,https://funeral.com/sitemap_blogs_1.xml
https://funeral.com/blogs/the-journal/what-is-the-meaning-of-funeral-arrangements,2026-01-29T14:13:25-06:00,https://funeral.com/sitemap_blogs_1.xml
https://funeral.com/blogs/the-journal/can-t-stop-replaying-the-last-day-grief-rumination-after-pet-loss-and-how-to-break-the-loop,2026-01-29T14:13:27-06:00,https://funeral.com/sitemap_blogs_1.xml
https://funeral.com/blogs/the-journal/how-to-compliment-a-nice-memorial-for-loss-of-pet,2026-01-29T14:13:29-06:00,https://funeral.com/sitemap_blogs_1.xml
https://funeral.com/blogs/the-journal/when-your-pet-dies-what-to-do-next-at-home-or-at-the-vet,2026-01-29T14:13:30-06:00,https://funeral.com/sitemap_blogs_1.xml
https://funeral.com/blogs/the-journal/grieving-the-loss-of-a-dog-after-euthanasia-making-peace-with-a-loving-choice,2026-01-29T14:13:32-06:00,https://funeral.com/sitemap_blogs_1.xml
https://funeral.com/blogs/the-journal/grieving-the-loss-of-a-service-dog-or-therapy-animal-when-your-helper-was-also-family,2026-01-29T14:13:37-06:00,https://funeral.com/sitemap_blogs_1.xml
https://funeral.com/blogs/the-journal/when-a-pet-dies-suddenly-shock-trauma-and-how-to-begin-healing,2026-01-29T14:13:38-06:00,https://funeral.com/sitemap_blogs_1.xml
https://funeral.com/blogs/the-journal/arizona-pet-cremation-guide-laws-costs-options,2026-03-21T00:46:20-05:00,https://funeral.com/sitemap_blogs_1.xml
https://funeral.com/blogs/the-journal/what-does-the-bible-say-about-cremation-myths-misunderstandings-and-modern-christian-practice,2026-01-29T14:13:43-06:00,https://funeral.com/sitemap_blogs_1.xml
https://funeral.com/blogs/the-journal/online-support-for-pet-loss-forums-groups-and-how-to-find-a-safe-caring-space,2026-01-29T14:13:47-06:00,https://funeral.com/sitemap_blogs_1.xml
https://funeral.com/blogs/the-journal/open-vs-closed-casket-funerals-what-to-expect-how-to-choose,2026-03-25T07:39:15-05:00,https://funeral.com/sitemap_blogs_1.xml
https://funeral.com/blogs/the-journal/bringing-a-living-pet-to-a-funeral-or-cemetery-etiquette-pros-and-cons-and-safety-tips,2026-01-29T14:13:51-06:00,https://funeral.com/sitemap_blogs_1.xml
https://funeral.com/blogs/the-journal/memorials-for-pregnancy-loss-and-infant-death-gentle-ideas-for-honoring-very-short-lives,2026-01-29T14:13:53-06:00,https://funeral.com/sitemap_blogs_1.xml
https://funeral.com/blogs/the-journal/how-pet-wakes-and-human-wakes-are-similar-and-different,2026-03-08T21:21:12-05:00,https://funeral.com/sitemap_blogs_1.xml
https://funeral.com/blogs/the-journal/arkansas-pet-cremation-guide-laws-costs-options,2026-01-29T14:13:56-06:00,https://funeral.com/sitemap_blogs_1.xml
https://funeral.com/blogs/the-journal/end-of-life-doulas-what-they-do-how-they-work-with-hospice-and-questions-to-ask-before-hiring,2026-01-29T14:13:58-06:00,https://funeral.com/sitemap_blogs_1.xml
https://funeral.com/blogs/the-journal/california-pet-cremation-guide-laws-costs-options,2026-03-18T21:00:44-05:00,https://funeral.com/sitemap_blogs_1.xml
https://funeral.com/blogs/the-journal/wake-etiquette-101-what-to-wear-what-to-say-and-how-long-to-stay,2026-03-08T04:46:43-05:00,https://funeral.com/sitemap_blogs_1.xml
https://funeral.com/blogs/the-journal/colorado-pet-cremation-guide-laws-costs-options,2026-05-23T19:43:22-05:00,https://funeral.com/sitemap_blogs_1.xml
https://funeral.com/blogs/the-journal/is-cremation-biblical-how-different-christian-traditions-view-cremation-today,2026-01-29T14:14:06-06:00,https://funeral.com/sitemap_blogs_1.xml
https://funeral.com/blogs/the-journal/connecticut-pet-cremation-guide-laws-costs-options,2026-01-29T14:14:09-06:00,https://funeral.com/sitemap_blogs_1.xml
https://funeral.com/blogs/the-journal/delaware-pet-cremation-guide-laws-costs-options,2026-01-29T14:14:10-06:00,https://funeral.com/sitemap_blogs_1.xml
https://funeral.com/blogs/the-journal/is-it-possible-for-pets-to-return-as-spirits-how-different-traditions-view-ghost-stories-and-hauntings,2026-01-29T14:14:13-06:00,https://funeral.com/sitemap_blogs_1.xml
https://funeral.com/blogs/the-journal/bereavement-leave-and-workplace-policies-what-you-can-ask-for-and-how-to-advocate-for-more-support,2026-01-29T14:14:16-06:00,https://funeral.com/sitemap_blogs_1.xml
https://funeral.com/blogs/the-journal/florida-pet-cremation-guide-laws-costs-options,2026-01-29T14:14:17-06:00,https://funeral.com/sitemap_blogs_1.xml
https://funeral.com/blogs/the-journal/funeral-wake-and-visitation-what-each-one-means-and-how-to-choose-what-fits-your-family,2026-01-29T14:14:19-06:00,https://funeral.com/sitemap_blogs_1.xml
https://funeral.com/blogs/the-journal/georgia-pet-cremation-guide-laws-costs-options,2026-05-26T00:30:56-05:00,https://funeral.com/sitemap_blogs_1.xml
https://funeral.com/blogs/the-journal/what-is-embalming-really-history-process-and-when-families-can-say-no,2026-01-29T14:14:26-06:00,https://funeral.com/sitemap_blogs_1.xml
https://funeral.com/blogs/the-journal/hawaii-pet-cremation-guide-laws-costs-options,2026-01-29T14:14:28-06:00,https://funeral.com/sitemap_blogs_1.xml
https://funeral.com/blogs/the-journal/what-do-the-colors-of-the-american-flag-mean-red-white-and-blue-explained,2026-01-29T14:14:30-06:00,https://funeral.com/sitemap_blogs_1.xml
https://funeral.com/blogs/the-journal/idaho-pet-cremation-guide-laws-costs-options,2026-03-21T16:40:39-05:00,https://funeral.com/sitemap_blogs_1.xml
https://funeral.com/blogs/the-journal/funeral-flower-etiquette-what-to-send-when-to-send-it-and-how-to-respect-the-family-s-wishes,2026-01-29T14:14:33-06:00,https://funeral.com/sitemap_blogs_1.xml
https://funeral.com/blogs/the-journal/what-really-happens-during-embalming-a-plain-language-walkthrough-for-families,2026-01-29T14:14:35-06:00,https://funeral.com/sitemap_blogs_1.xml
https://funeral.com/blogs/the-journal/step-by-step-how-the-embalming-process-works-at-a-modern-funeral-home,2026-01-29T14:14:38-06:00,https://funeral.com/sitemap_blogs_1.xml
https://funeral.com/blogs/the-journal/cremation-vs-burial-for-christians-key-questions-to-ask-your-pastor-and-family,2026-01-29T14:14:39-06:00,https://funeral.com/sitemap_blogs_1.xml
https://funeral.com/blogs/the-journal/what-is-a-wake-in-modern-funerals-origins-traditions-and-how-it-looks-today,2026-01-29T14:14:41-06:00,https://funeral.com/sitemap_blogs_1.xml
https://funeral.com/blogs/the-journal/what-is-a-headstone-exactly-definitions-types-and-cemetery-rules-in-plain-english,2026-01-29T14:14:43-06:00,https://funeral.com/sitemap_blogs_1.xml
https://funeral.com/blogs/the-journal/most-popular-types-of-headstones-today-photos-pros-and-cons-and-cost-considerations,2026-01-29T14:14:45-06:00,https://funeral.com/sitemap_blogs_1.xml
https://funeral.com/blogs/the-journal/short-bible-verses-for-headstones-faith-filled-epitaph-ideas-for-christian-families,2026-03-07T16:41:40-06:00,https://funeral.com/sitemap_blogs_1.xml
https://funeral.com/blogs/the-journal/do-human-ashes-smell-like-anything-common-questions-about-odor-texture-and-safety,2026-03-10T23:33:45-05:00,https://funeral.com/sitemap_blogs_1.xml
https://funeral.com/blogs/the-journal/frequently-asked-questions-about-embalming-safety-religion-and-the-environment,2026-01-29T14:14:51-06:00,https://funeral.com/sitemap_blogs_1.xml
https://funeral.com/blogs/the-journal/illinois-pet-cremation-guide-laws-costs-options,2026-03-17T23:54:59-05:00,https://funeral.com/sitemap_blogs_1.xml
https://funeral.com/blogs/the-journal/headstone-wording-for-dad-examples-ranging-from-traditional-to-personal-and-lighthearted,2026-03-07T21:04:23-06:00,https://funeral.com/sitemap_blogs_1.xml
https://funeral.com/blogs/the-journal/indiana-pet-cremation-guide-laws-costs-options,2026-03-20T00:55:09-05:00,https://funeral.com/sitemap_blogs_1.xml
https://funeral.com/blogs/the-journal/iowa-pet-cremation-guide-laws-costs-options,2026-01-29T14:15:01-06:00,https://funeral.com/sitemap_blogs_1.xml
https://funeral.com/blogs/the-journal/from-temporary-container-to-permanent-urn-transferring-ashes-without-stress,2026-01-29T14:15:04-06:00,https://funeral.com/sitemap_blogs_1.xml
https://funeral.com/blogs/the-journal/kansas-pet-cremation-guide-laws-costs-options,2026-05-25T02:54:55-05:00,https://funeral.com/sitemap_blogs_1.xml
https://funeral.com/blogs/the-journal/pet-wakes-and-viewings-should-you-see-your-pet-one-last-time-before-cremation,2026-01-29T14:15:08-06:00,https://funeral.com/sitemap_blogs_1.xml
https://funeral.com/blogs/the-journal/kentucky-pet-cremation-guide-laws-costs-options,2026-05-27T02:00:14-05:00,https://funeral.com/sitemap_blogs_1.xml
https://funeral.com/blogs/the-journal/louisiana-pet-cremation-guide-laws-costs-options,2026-01-29T14:15:14-06:00,https://funeral.com/sitemap_blogs_1.xml
https://funeral.com/blogs/the-journal/burying-an-urn-with-a-dog-or-cat-how-to-safely-place-ashes-in-a-pet-grave,2026-01-29T14:15:16-06:00,https://funeral.com/sitemap_blogs_1.xml
https://funeral.com/blogs/the-journal/maine-pet-cremation-guide-laws-costs-options,2026-01-29T14:15:18-06:00,https://funeral.com/sitemap_blogs_1.xml
https://funeral.com/blogs/the-journal/planning-a-shared-memorial-with-multiple-pets-group-graves-urns-and-markers,2026-01-29T14:15:21-06:00,https://funeral.com/sitemap_blogs_1.xml
https://funeral.com/blogs/the-journal/maryland-pet-cremation-guide-laws-costs-options,2026-01-29T14:15:23-06:00,https://funeral.com/sitemap_blogs_1.xml
https://funeral.com/blogs/the-journal/massachusetts-pet-cremation-guide-laws-costs-options,2026-05-25T00:04:16-05:00,https://funeral.com/sitemap_blogs_1.xml
https://funeral.com/blogs/the-journal/cremation-in-the-bible-old-testament-stories-new-testament-hope-and-modern-application,2026-01-29T14:15:27-06:00,https://funeral.com/sitemap_blogs_1.xml
https://funeral.com/blogs/the-journal/how-much-ashes-come-from-a-human-body-average-weights-and-what-that-means-for-urn-size,2026-01-29T14:15:28-06:00,https://funeral.com/sitemap_blogs_1.xml
https://funeral.com/blogs/the-journal/michigan-pet-cremation-guide-laws-costs-options,2026-03-18T01:32:05-05:00,https://funeral.com/sitemap_blogs_1.xml
https://funeral.com/blogs/the-journal/how-to-preserve-pet-ashes,2026-01-29T14:15:32-06:00,https://funeral.com/sitemap_blogs_1.xml
https://funeral.com/blogs/the-journal/faith-and-pet-aftercare-how-different-beliefs-view-pet-burial-cremation-and-scattering,2026-01-29T14:15:34-06:00,https://funeral.com/sitemap_blogs_1.xml
https://funeral.com/blogs/the-journal/how-to-bury-a-dog-at-home-legal-checks-safe-depth-and-gentle-goodbye-rituals,2026-03-20T16:27:14-05:00,https://funeral.com/sitemap_blogs_1.xml
https://funeral.com/blogs/the-journal/pet-cremation-near-me-how-to-choose-a-trusted-provider-questions-costs-tracking-iaopcc-tips,2026-01-29T14:15:40-06:00,https://funeral.com/sitemap_blogs_1.xml
https://funeral.com/blogs/the-journal/pet-burial-vs-cremation-pros-cons-costs-and-how-to-decide-what-s-best,2026-01-29T14:15:42-06:00,https://funeral.com/sitemap_blogs_1.xml
https://funeral.com/blogs/the-journal/can-i-be-buried-with-my-pet-human-pet-companion-burial-options-explained,2026-01-29T14:15:45-06:00,https://funeral.com/sitemap_blogs_1.xml
https://funeral.com/blogs/the-journal/cremation-and-christianity-catholic-protestant-and-evangelical-perspectives-compared,2026-01-29T14:15:47-06:00,https://funeral.com/sitemap_blogs_1.xml
https://funeral.com/blogs/the-journal/can-a-keepsake-urn-be-opened,2026-01-29T14:15:49-06:00,https://funeral.com/sitemap_blogs_1.xml
https://funeral.com/blogs/the-journal/questions-to-ask-your-pastor-about-cremation-burial-and-handling-ashes,2026-01-29T14:15:53-06:00,https://funeral.com/sitemap_blogs_1.xml
https://funeral.com/blogs/the-journal/do-you-put-ashes-directly-in-an-urn,2026-01-29T14:15:57-06:00,https://funeral.com/sitemap_blogs_1.xml
https://funeral.com/blogs/the-journal/when-a-loved-one-dies-from-overdose-grief-stigma-and-honoring-both-struggles-and-strengths,2026-01-29T14:15:58-06:00,https://funeral.com/sitemap_blogs_1.xml
https://funeral.com/blogs/the-journal/what-is-the-most-appreciated-sympathy-gift,2026-01-29T14:16:00-06:00,https://funeral.com/sitemap_blogs_1.xml
https://funeral.com/blogs/the-journal/paw-print-jewelry-no-ashes-options-price-ranges-how-to-order-the-right-way,2026-01-29T14:16:01-06:00,https://funeral.com/sitemap_blogs_1.xml
https://funeral.com/blogs/the-journal/pet-cremation-jewelry-gift-guide-what-to-buy-and-when-after-a-loss,2026-04-09T07:56:18-05:00,https://funeral.com/sitemap_blogs_1.xml
https://funeral.com/blogs/the-journal/burying-vs-cremating-a-dog-legal-issues-costs-and-emotional-considerations,2026-01-29T14:16:30-06:00,https://funeral.com/sitemap_blogs_1.xml
https://funeral.com/blogs/the-journal/healing-rituals-after-pet-loss-letters-keepsake-boxes-and-everyday-reminders,2026-01-29T14:16:32-06:00,https://funeral.com/sitemap_blogs_1.xml
https://funeral.com/blogs/the-journal/why-people-leave-coins-on-military-headstones-penny-nickel-dime-and-quarter-meanings,2026-05-24T21:53:14-05:00,https://funeral.com/sitemap_blogs_1.xml
https://funeral.com/blogs/the-journal/military-headstone-symbols-and-abbreviations-how-to-read-a-veteran-s-grave,2026-03-18T17:10:14-05:00,https://funeral.com/sitemap_blogs_1.xml
https://funeral.com/blogs/the-journal/minnesota-pet-cremation-guide-laws-costs-options,2026-01-29T14:16:37-06:00,https://funeral.com/sitemap_blogs_1.xml
https://funeral.com/blogs/the-journal/pet-cemetery-burial-guide-plots-headstones-and-what-to-expect-at-a-pet-graveyard,2026-01-29T14:16:39-06:00,https://funeral.com/sitemap_blogs_1.xml
https://funeral.com/blogs/the-journal/home-pet-burial-laws-in-the-u-s-distance-depth-and-when-you-need-to-choose-another-option,2026-01-29T14:16:41-06:00,https://funeral.com/sitemap_blogs_1.xml
https://funeral.com/blogs/the-journal/marking-the-anniversary-of-a-pet-s-death-gentle-ideas-for-a-day-of-remembrance,2026-03-21T15:18:20-05:00,https://funeral.com/sitemap_blogs_1.xml
https://funeral.com/blogs/the-journal/where-can-you-bury-a-dog-legally-home-pet-cemetery-or-private-land-explained,2026-01-29T14:16:44-06:00,https://funeral.com/sitemap_blogs_1.xml
https://funeral.com/blogs/the-journal/pets-in-human-cemeteries-special-sections-companion-graves-and-what-s-allowed,2026-01-29T14:16:46-06:00,https://funeral.com/sitemap_blogs_1.xml
https://funeral.com/blogs/the-journal/wanting-to-rest-with-your-pet-someday-how-to-talk-with-family-and-plan-ahead,2026-01-29T14:16:48-06:00,https://funeral.com/sitemap_blogs_1.xml
https://funeral.com/blogs/the-journal/planning-a-pet-funeral-on-a-budget-simple-meaningful-ideas-that-don-t-cost-much,2026-01-29T14:16:49-06:00,https://funeral.com/sitemap_blogs_1.xml
https://funeral.com/blogs/the-journal/what-to-do-if-a-headstone-is-leaning-cracked-or-damaged,2026-03-19T07:33:44-05:00,https://funeral.com/sitemap_blogs_1.xml
https://funeral.com/blogs/the-journal/helping-children-through-a-pet-funeral-age-appropriate-roles-and-gentle-explanations,2026-01-29T14:16:52-06:00,https://funeral.com/sitemap_blogs_1.xml
https://funeral.com/blogs/the-journal/eco-friendly-pet-burial-and-cremation-greener-choices-for-animal-aftercare,2026-01-29T14:17:06-06:00,https://funeral.com/sitemap_blogs_1.xml
https://funeral.com/blogs/the-journal/understanding-your-cemetery-contract-plot-rights-fees-and-long-term-obligations,2026-08-17T09:50:35-05:00,https://funeral.com/sitemap_blogs_1.xml
https://funeral.com/blogs/the-journal/is-cremation-jewelry-okay-for-christians-faith-respect-and-wearing-ashes-daily,2026-03-11T23:23:44-05:00,https://funeral.com/sitemap_blogs_1.xml
https://funeral.com/blogs/the-journal/visiting-a-national-cemetery-etiquette-photography-rules-and-how-to-honor-the-space,2026-01-29T14:17:14-06:00,https://funeral.com/sitemap_blogs_1.xml
https://funeral.com/blogs/the-journal/jewelry-from-pet-ashes-how-it-works-costs-and-choosing-a-design-you-ll-love,2026-01-29T14:17:15-06:00,https://funeral.com/sitemap_blogs_1.xml
https://funeral.com/blogs/the-journal/burial-in-a-national-cemetery-eligibility-costs-and-how-to-apply,2026-01-29T14:17:17-06:00,https://funeral.com/sitemap_blogs_1.xml
https://funeral.com/blogs/the-journal/should-you-buy-a-headstone-before-you-need-it-pros-cons-and-planning-tips,2026-01-29T14:17:19-06:00,https://funeral.com/sitemap_blogs_1.xml
https://funeral.com/blogs/the-journal/seasonal-grave-decorations-ideas-for-spring-summer-fall-and-winter-within-cemetery-rules,2026-03-11T20:32:30-05:00,https://funeral.com/sitemap_blogs_1.xml
https://funeral.com/blogs/the-journal/helping-children-cope-with-the-death-of-a-pet-age-by-age-guidance-for-parents,2026-01-29T14:17:23-06:00,https://funeral.com/sitemap_blogs_1.xml
https://funeral.com/blogs/the-journal/how-to-create-a-simple-pet-memorial-ceremony-at-home,2026-01-29T14:17:25-06:00,https://funeral.com/sitemap_blogs_1.xml
https://funeral.com/blogs/the-journal/working-with-a-pastor-or-celebrant-for-a-scattering-of-ashes-ceremony,2026-01-29T14:17:26-06:00,https://funeral.com/sitemap_blogs_1.xml
https://funeral.com/blogs/the-journal/what-to-do-with-pet-ashes-options-rituals-and-meaning,2026-01-29T14:17:28-06:00,https://funeral.com/sitemap_blogs_1.xml
https://funeral.com/blogs/the-journal/pet-loss-myths-that-hurt-the-healing-process,2026-01-29T14:17:30-06:00,https://funeral.com/sitemap_blogs_1.xml
https://funeral.com/blogs/the-journal/why-losing-a-dog-can-feel-worse-than-losing-a-relative-the-psychology-behind-the-pain,2026-01-29T14:17:32-06:00,https://funeral.com/sitemap_blogs_1.xml
https://funeral.com/blogs/the-journal/pet-burial-when-you-rent-options-for-apartment-and-condo-dwellers,2026-01-29T14:17:33-06:00,https://funeral.com/sitemap_blogs_1.xml
https://funeral.com/blogs/the-journal/the-last-day-10-ways-to-make-their-final-24-hours-perfect,2026-01-29T14:17:35-06:00,https://funeral.com/sitemap_blogs_1.xml
https://funeral.com/blogs/the-journal/creating-a-small-family-pet-cemetery-on-private-land-rules-records-and-respect,2026-01-29T14:17:36-06:00,https://funeral.com/sitemap_blogs_1.xml
https://funeral.com/blogs/the-journal/why-your-surviving-pet-s-personality-might-change-permanently,2026-01-29T14:17:38-06:00,https://funeral.com/sitemap_blogs_1.xml
https://funeral.com/blogs/the-journal/answering-children-s-questions-about-where-pets-go-when-they-die,2026-01-29T14:17:42-06:00,https://funeral.com/sitemap_blogs_1.xml
https://funeral.com/blogs/the-journal/50-meaningful-ways-to-memorialize-your-pet-that-aren-t-tattoos,2026-01-29T14:17:44-06:00,https://funeral.com/sitemap_blogs_1.xml
https://funeral.com/blogs/the-journal/bible-verses-about-animals-that-bring-comfort-after-pet-loss,2026-03-11T01:39:13-05:00,https://funeral.com/sitemap_blogs_1.xml
https://funeral.com/blogs/the-journal/diy-shadow-boxes-how-to-preserve-collars-tags-and-toys,2026-03-21T15:49:05-05:00,https://funeral.com/sitemap_blogs_1.xml
https://funeral.com/blogs/the-journal/writing-an-obituary-for-your-cat-examples-and-templates,2026-03-18T20:07:47-05:00,https://funeral.com/sitemap_blogs_1.xml
https://funeral.com/blogs/the-journal/the-rainbow-bridge-poem-history-meaning-and-alternatives,2026-08-01T03:29:31-05:00,https://funeral.com/sitemap_blogs_1.xml
https://funeral.com/blogs/the-journal/what-to-say-when-someone-dies-condolence-messages-that-actually-help,2026-01-29T14:17:52-06:00,https://funeral.com/sitemap_blogs_1.xml
https://funeral.com/blogs/the-journal/headstone-vs-grave-marker-vs-gravestone-differences-and-how-to-choose,2026-01-29T14:17:54-06:00,https://funeral.com/sitemap_blogs_1.xml
https://funeral.com/blogs/the-journal/funeral-flower-etiquette-what-to-send-when-to-send-it-and-what-it-means,2026-03-12T00:05:59-05:00,https://funeral.com/sitemap_blogs_1.xml
https://funeral.com/blogs/the-journal/funeral-flower-arrangements-explained-types-average-costs-and-meaning,2026-03-21T18:37:21-05:00,https://funeral.com/sitemap_blogs_1.xml
https://funeral.com/blogs/the-journal/appetite-changes-after-pet-loss-why-eating-is-hard-amp-small-steps-that-help,2026-03-11T19:40:20-05:00,https://funeral.com/sitemap_blogs_1.xml
https://funeral.com/blogs/the-journal/mississippi-pet-cremation-guide-laws-costs-options,2026-01-29T14:18:01-06:00,https://funeral.com/sitemap_blogs_1.xml
https://funeral.com/blogs/the-journal/how-to-become-a-funeral-planner-job-duties-skills-and-career-path,2026-01-29T14:18:03-06:00,https://funeral.com/sitemap_blogs_1.xml
https://funeral.com/blogs/the-journal/funeral-attire-etiquette-what-to-wear-to-a-wake-visitation-and-funeral,2026-03-11T16:27:45-05:00,https://funeral.com/sitemap_blogs_1.xml
https://funeral.com/blogs/the-journal/pet-memory-box-for-kids-free-printable-template-prompts-amp-simple-keepsake-ideas,2026-01-29T14:18:08-06:00,https://funeral.com/sitemap_blogs_1.xml
https://funeral.com/blogs/the-journal/teen-pet-grief-why-it-can-look-like-anger-numbness-or-withdrawal-and-how-adults-can-help,2026-01-29T14:18:11-06:00,https://funeral.com/sitemap_blogs_1.xml
https://funeral.com/blogs/the-journal/backyard-pet-burial-safety-checklist-depth-water-table-wildlife-risks-amp-legal-basics,2026-01-29T14:18:13-06:00,https://funeral.com/sitemap_blogs_1.xml
https://funeral.com/blogs/the-journal/pet-cremation-for-large-dogs-what-s-different-timing-cost-transport-amp-urn-size,2026-01-29T14:18:15-06:00,https://funeral.com/sitemap_blogs_1.xml
https://funeral.com/blogs/the-journal/nose-print-jewelry-for-dogs-amp-cats-how-it-s-made-amp-how-to-capture-the-print-at-home,2026-01-29T14:18:16-06:00,https://funeral.com/sitemap_blogs_1.xml
https://funeral.com/blogs/the-journal/pet-cremation-101-the-full-process-explained-identification-tag-to-return-of-ashes,2026-01-29T14:18:19-06:00,https://funeral.com/sitemap_blogs_1.xml
https://funeral.com/blogs/the-journal/how-the-cremation-process-works-in-the-u-s-step-by-step-crematorium-basics-and-container-options,2026-01-29T14:18:23-06:00,https://funeral.com/sitemap_blogs_1.xml
https://funeral.com/blogs/the-journal/aquamation-for-pets-cost-step-by-step-process-environmental-considerations,2026-01-29T14:18:24-06:00,https://funeral.com/sitemap_blogs_1.xml
https://funeral.com/blogs/the-journal/when-a-service-dog-dies-grief-identity-changes-and-practical-next-steps-for-handlers,2026-01-29T14:18:27-06:00,https://funeral.com/sitemap_blogs_1.xml
https://funeral.com/blogs/the-journal/what-to-say-at-a-funeral-comforting-words-for-in-person-condolences-sympathy-cards-and-funeral-flowers,2026-01-29T14:18:29-06:00,https://funeral.com/sitemap_blogs_1.xml
https://funeral.com/blogs/the-journal/how-big-is-a-cremation-urn-sizes-cubic-inches-and-what-fits-in-a-columbarium-niche,2026-01-29T14:18:31-06:00,https://funeral.com/sitemap_blogs_1.xml
https://funeral.com/blogs/the-journal/pet-loss-a-neurodiversity-supporting-autistic-kids-with-routine-loss-literal-language-amp-sensory-grief,2026-01-29T14:18:33-06:00,https://funeral.com/sitemap_blogs_1.xml
https://funeral.com/blogs/the-journal/when-family-doesn-t-claim-ashes-timelines-responsibilities-and-next-steps,2026-01-29T14:18:35-06:00,https://funeral.com/sitemap_blogs_1.xml
https://funeral.com/blogs/the-journal/what-to-say-to-a-coworker-who-lost-a-pet-messages-card-examples-respectful-boundaries,2026-03-08T03:53:23-05:00,https://funeral.com/sitemap_blogs_1.xml
https://funeral.com/blogs/the-journal/cremation-urn-materials-guide-metal-wood-ceramic-stone-and-biodegradable-options-plus-what-can-be-buried,2026-01-29T14:18:38-06:00,https://funeral.com/sitemap_blogs_1.xml
https://funeral.com/blogs/the-journal/coordinating-pet-and-human-ashes-shared-scattering-joint-memorials-and-future-planning,2026-01-29T14:18:40-06:00,https://funeral.com/sitemap_blogs_1.xml
https://funeral.com/blogs/the-journal/explaining-cremation-and-burial-to-children-in-gentle-honest-language,2026-01-29T14:18:42-06:00,https://funeral.com/sitemap_blogs_1.xml
https://funeral.com/blogs/the-journal/cremation-and-religion-in-the-u-s-what-major-faiths-allow-and-common-rules-for-ashes,2026-01-29T14:18:44-06:00,https://funeral.com/sitemap_blogs_1.xml
https://funeral.com/blogs/the-journal/when-you-find-out-about-a-death-late-reaching-out-apologizing-and-handling-mixed-emotions,2026-01-29T14:18:45-06:00,https://funeral.com/sitemap_blogs_1.xml
https://funeral.com/blogs/the-journal/when-a-death-involves-crime-or-legal-investigation-navigating-media-courts-and-delays,2026-01-29T14:18:47-06:00,https://funeral.com/sitemap_blogs_1.xml
https://funeral.com/blogs/the-journal/grief-and-work-performance-focus-mistakes-and-how-to-talk-with-your-boss,2026-01-29T14:18:48-06:00,https://funeral.com/sitemap_blogs_1.xml
https://funeral.com/blogs/the-journal/which-religions-prefer-cremation-hindu-buddhist-sikh-traditions-and-what-families-do-with-ashes,2026-01-29T14:18:50-06:00,https://funeral.com/sitemap_blogs_1.xml
https://funeral.com/blogs/the-journal/grief-and-holidays-for-blended-and-multi-household-families-scheduling-traditions-and-fairness,2026-01-29T14:18:51-06:00,https://funeral.com/sitemap_blogs_1.xml
https://funeral.com/blogs/the-journal/do-cremation-ashes-attract-spirits-or-hold-energy-beliefs-comfort-tips-and-faith-based-guidance,2026-03-19T17:55:33-05:00,https://funeral.com/sitemap_blogs_1.xml
https://funeral.com/blogs/the-journal/caring-for-cremation-jewelry-cleaning-storage-and-how-long-it-can-last,2026-01-29T14:18:55-06:00,https://funeral.com/sitemap_blogs_1.xml
https://funeral.com/blogs/the-journal/how-to-mail-cremation-ashes-safely-for-jewelry-or-other-memorial-services,2026-01-29T14:18:56-06:00,https://funeral.com/sitemap_blogs_1.xml
https://funeral.com/blogs/the-journal/pet-cremation-jewelry-guide-necklaces-charms-and-diamonds-how-to-choose-and-buy-safely,2026-01-29T14:18:58-06:00,https://funeral.com/sitemap_blogs_1.xml
https://funeral.com/blogs/the-journal/missouri-pet-cremation-guide-laws-costs-options,2026-05-26T05:15:58-05:00,https://funeral.com/sitemap_blogs_1.xml
https://funeral.com/blogs/the-journal/pregnancy-after-loss-navigating-hope-anxiety-and-grief-when-you-re-expecting-again,2026-01-29T14:19:02-06:00,https://funeral.com/sitemap_blogs_1.xml
https://funeral.com/blogs/the-journal/montana-pet-cremation-guide-laws-costs-options,2026-01-29T14:19:05-06:00,https://funeral.com/sitemap_blogs_1.xml
https://funeral.com/blogs/the-journal/which-urns-last-the-longest-durability-by-material-sealing-tips-and-how-to-choose-the-right-urn,2026-01-29T14:19:08-06:00,https://funeral.com/sitemap_blogs_1.xml
https://funeral.com/blogs/the-journal/nebraska-pet-cremation-guide-laws-costs-options,2026-01-29T14:19:10-06:00,https://funeral.com/sitemap_blogs_1.xml
https://funeral.com/blogs/the-journal/handling-social-invitations-and-events-in-early-grief-saying-no-saying-yes-and-changing-your-mind,2026-01-29T14:19:12-06:00,https://funeral.com/sitemap_blogs_1.xml
https://funeral.com/blogs/the-journal/private-vs-communal-pet-cremation-pros-cons-cost-differences-and-which-option-returns-ashes,2026-01-29T14:19:15-06:00,https://funeral.com/sitemap_blogs_1.xml
https://funeral.com/blogs/the-journal/grief-and-health-when-to-see-a-doctor-about-physical-symptoms-connected-to-loss,2026-01-29T14:19:17-06:00,https://funeral.com/sitemap_blogs_1.xml
https://funeral.com/blogs/the-journal/nevada-pet-cremation-guide-laws-costs-options,2026-01-29T14:19:19-06:00,https://funeral.com/sitemap_blogs_1.xml
https://funeral.com/blogs/the-journal/visiting-the-vet-park-or-favorite-spot-after-a-pet-dies-handling-grief-triggers,2026-01-29T14:19:21-06:00,https://funeral.com/sitemap_blogs_1.xml
https://funeral.com/blogs/the-journal/how-to-write-and-deliver-a-eulogy-simple-structure-examples-and-speaking-tips,2026-01-29T14:19:23-06:00,https://funeral.com/sitemap_blogs_1.xml
https://funeral.com/blogs/the-journal/cremation-guilt-and-did-i-do-the-right-thing-mental-health-perspectives,2026-01-29T14:19:24-06:00,https://funeral.com/sitemap_blogs_1.xml
https://funeral.com/blogs/the-journal/new-hampshire-pet-cremation-guide-laws-costs-options,2026-05-26T03:22:54-05:00,https://funeral.com/sitemap_blogs_1.xml
https://funeral.com/blogs/the-journal/flying-with-cremated-remains-tsa-rules-airline-tips-and-travel-friendly-urns,2026-01-29T14:19:27-06:00,https://funeral.com/sitemap_blogs_1.xml
https://funeral.com/blogs/the-journal/memorial-options-when-you-only-have-a-small-amount-of-ashes,2026-01-29T14:19:29-06:00,https://funeral.com/sitemap_blogs_1.xml
https://funeral.com/blogs/the-journal/how-cremation-works-the-science-of-heat-bone-processing-and-why-it-s-not-the-same-as-burns,2026-01-29T14:19:31-06:00,https://funeral.com/sitemap_blogs_1.xml
https://funeral.com/blogs/the-journal/how-long-can-you-wait-to-hold-a-memorial-after-cremation,2026-01-29T14:19:33-06:00,https://funeral.com/sitemap_blogs_1.xml
https://funeral.com/blogs/the-journal/letters-you-never-sent-writing-as-a-tool-for-grief-forgiveness-and-unfinished-conversations,2026-01-29T14:19:35-06:00,https://funeral.com/sitemap_blogs_1.xml
https://funeral.com/blogs/the-journal/grief-and-creativity-art-music-and-writing-as-healing-outlets-even-if-you-re-not-artistic,2026-01-29T14:19:38-06:00,https://funeral.com/sitemap_blogs_1.xml
https://funeral.com/blogs/the-journal/designing-a-digital-memorial-page-that-includes-both-human-and-pet-loved-ones,2026-01-29T14:19:40-06:00,https://funeral.com/sitemap_blogs_1.xml
https://funeral.com/blogs/the-journal/most-popular-types-of-headstones-today-styles-families-choose-and-why,2026-01-29T14:19:43-06:00,https://funeral.com/sitemap_blogs_1.xml
https://funeral.com/blogs/the-journal/15-famous-mothers-in-history-and-pop-culture-and-how-their-memorials-keep-their-stories-alive,2026-03-11T01:15:09-05:00,https://funeral.com/sitemap_blogs_1.xml
https://funeral.com/blogs/the-journal/choosing-a-casket-materials-features-and-cost-ranges-explained-in-plain-language,2026-01-29T14:19:48-06:00,https://funeral.com/sitemap_blogs_1.xml
https://funeral.com/blogs/the-journal/shipping-returns-and-tracking-for-online-memorial-purchases-a-buyer-s-checklist,2026-01-29T14:19:50-06:00,https://funeral.com/sitemap_blogs_1.xml
https://funeral.com/blogs/the-journal/judaism-and-cremation-beliefs-by-tradition-and-what-families-can-do,2026-01-29T14:19:53-06:00,https://funeral.com/sitemap_blogs_1.xml
https://funeral.com/blogs/the-journal/hourglass-urns-for-ashes-how-they-work-capacity-and-what-to-know-before-you-buy,2026-03-12T17:54:32-05:00,https://funeral.com/sitemap_blogs_1.xml
https://funeral.com/blogs/the-journal/how-to-fill-a-cremation-urn-and-what-an-urn-filler-is-tools-tips-and-clean-transfers,2026-01-29T14:19:57-06:00,https://funeral.com/sitemap_blogs_1.xml
https://funeral.com/blogs/the-journal/what-size-urn-do-i-need-a-simple-urn-size-calculator-guide-cubic-inches-rule-examples,2026-01-29T14:20:39-06:00,https://funeral.com/sitemap_blogs_1.xml
https://funeral.com/blogs/the-journal/memorial-photo-necklaces-how-to-choose-a-picture-pendant-that-lasts,2026-01-29T14:20:40-06:00,https://funeral.com/sitemap_blogs_1.xml
https://funeral.com/blogs/the-journal/cremation-jewelry-guide-urn-pendants-charms-beads-that-hold-ashes,2026-01-29T14:20:42-06:00,https://funeral.com/sitemap_blogs_1.xml
https://funeral.com/blogs/the-journal/cremation-jewelry-guide-best-necklace-styles-materials-filling-tips-and-shopping-checklist,2026-01-29T14:20:43-06:00,https://funeral.com/sitemap_blogs_1.xml
https://funeral.com/blogs/the-journal/keepsake-urns-explained-mini-urns-for-sharing-ashes-sizes-filling-and-costs,2026-01-29T14:20:45-06:00,https://funeral.com/sitemap_blogs_1.xml
https://funeral.com/blogs/the-journal/infant-child-cremation-urns-sizing-styles-and-compassionate-buying-tips,2026-01-29T14:20:47-06:00,https://funeral.com/sitemap_blogs_1.xml
https://funeral.com/blogs/the-journal/14k-gold-cremation-jewelry-how-to-choose-a-real-gold-urn-necklace-plus-a-price-guide,2026-01-29T14:20:49-06:00,https://funeral.com/sitemap_blogs_1.xml
https://funeral.com/blogs/the-journal/famous-mothers-symbols-of-motherhood-memorial-ideas-flowers-and-meaningful-tributes,2026-01-29T14:20:51-06:00,https://funeral.com/sitemap_blogs_1.xml
https://funeral.com/blogs/the-journal/how-to-transfer-ashes-into-an-urn-step-by-step-tips-tools-safety,2026-01-29T14:20:53-06:00,https://funeral.com/sitemap_blogs_1.xml
https://funeral.com/blogs/the-journal/pet-keepsake-urns-and-small-pet-memorials-sharing-ashes-photo-urns-and-mini-keepsakes,2026-01-29T14:20:55-06:00,https://funeral.com/sitemap_blogs_1.xml
https://funeral.com/blogs/the-journal/turning-ashes-into-diamonds-how-it-works-how-much-material-you-need-and-cost-factors,2026-01-29T14:20:57-06:00,https://funeral.com/sitemap_blogs_1.xml
https://funeral.com/blogs/the-journal/funeral-flowers-and-color-meanings-how-to-choose-the-right-sympathy-arrangement,2026-08-01T03:16:42-05:00,https://funeral.com/sitemap_blogs_1.xml
https://funeral.com/blogs/the-journal/ashes-memorial-jewelry-how-it-s-made-how-much-ashes-you-need-and-how-to-fill-jewelry-at-home,2026-01-29T14:21:01-06:00,https://funeral.com/sitemap_blogs_1.xml
https://funeral.com/blogs/the-journal/do-urns-decompose-biodegradable-urns-burial-timelines-and-what-to-expect-underground,2026-01-29T14:21:03-06:00,https://funeral.com/sitemap_blogs_1.xml
https://funeral.com/blogs/the-journal/what-s-an-ash-necklace-called-cremation-jewelry-terms-styles-and-buying-tips,2026-01-29T14:21:07-06:00,https://funeral.com/sitemap_blogs_1.xml
https://funeral.com/blogs/the-journal/what-is-an-ash-necklace-called-cremation-necklace-vs-urn-pendant-names-styles-and-how-to-choose,2026-01-29T14:21:11-06:00,https://funeral.com/sitemap_blogs_1.xml
https://funeral.com/blogs/the-journal/grieving-a-pet-in-secret-what-to-do-when-you-feel-ashamed-of-your-grief,2026-01-29T14:21:14-06:00,https://funeral.com/sitemap_blogs_1.xml
https://funeral.com/blogs/the-journal/coping-with-pet-loss-a-compassionate-guide-for-the-first-days-and-weeks,2026-01-29T14:21:16-06:00,https://funeral.com/sitemap_blogs_1.xml
https://funeral.com/blogs/the-journal/where-do-dogs-go-when-they-die-faith-based-perspectives-and-gentle-comfort-for-dog-lovers,2026-01-29T14:21:18-06:00,https://funeral.com/sitemap_blogs_1.xml
https://funeral.com/blogs/the-journal/talking-to-children-about-losing-a-pet-age-appropriate-words-and-comforting-rituals,2026-01-29T14:21:20-06:00,https://funeral.com/sitemap_blogs_1.xml
https://funeral.com/blogs/the-journal/cemetery-rules-and-regulations-101-what-families-need-to-know-before-buying-a-plot-or-headstone,2026-01-29T14:21:21-06:00,https://funeral.com/sitemap_blogs_1.xml
https://funeral.com/blogs/the-journal/anticipatory-grief-for-a-terminally-ill-pet-managing-heartbreak-before-the-goodbye,2026-01-29T14:21:23-06:00,https://funeral.com/sitemap_blogs_1.xml
https://funeral.com/blogs/the-journal/choosing-a-headstone-color-and-finish-how-it-looks-now-and-years-from-now,2026-01-29T14:21:25-06:00,https://funeral.com/sitemap_blogs_1.xml
https://funeral.com/blogs/the-journal/headstone-fonts-layout-and-design-making-sure-the-inscription-is-easy-to-read,2026-03-11T03:13:23-05:00,https://funeral.com/sitemap_blogs_1.xml
https://funeral.com/blogs/the-journal/common-symbols-on-headstones-and-what-they-mean-crosses-flowers-animals-and-more,2026-03-25T08:09:35-05:00,https://funeral.com/sitemap_blogs_1.xml
https://funeral.com/blogs/the-journal/buying-a-headstone-online-vs-through-the-cemetery-pros-cons-and-hidden-fees,2026-01-29T14:21:30-06:00,https://funeral.com/sitemap_blogs_1.xml
https://funeral.com/blogs/the-journal/metal-vs-wood-caskets-durability-appearance-and-myths-about-protection,2026-01-29T14:21:32-06:00,https://funeral.com/sitemap_blogs_1.xml
https://funeral.com/blogs/the-journal/what-is-a-rental-casket-how-it-works-for-viewings-before-cremation,2026-01-29T14:21:33-06:00,https://funeral.com/sitemap_blogs_1.xml
https://funeral.com/blogs/the-journal/eco-friendly-caskets-and-shrouds-greener-choices-for-earth-burial,2026-01-29T14:21:35-06:00,https://funeral.com/sitemap_blogs_1.xml
https://funeral.com/blogs/the-journal/caskets-for-babies-and-children-sizing-design-and-sensitive-planning-tips,2026-01-29T14:21:36-06:00,https://funeral.com/sitemap_blogs_1.xml
https://funeral.com/blogs/the-journal/flag-folding-and-presentation-at-a-veteran-s-funeral-meaning-and-what-to-expect,2026-01-29T14:21:38-06:00,https://funeral.com/sitemap_blogs_1.xml
https://funeral.com/blogs/the-journal/customizing-a-casket-interiors-colors-and-personal-touches-that-feel-authentic,2026-01-29T14:21:39-06:00,https://funeral.com/sitemap_blogs_1.xml
https://funeral.com/blogs/the-journal/prayers-for-grieving-pet-owners-words-for-when-you-don-t-know-what-to-say,2026-03-17T19:45:45-05:00,https://funeral.com/sitemap_blogs_1.xml
https://funeral.com/blogs/the-journal/how-to-pray-at-a-grave-simple-approaches-for-visits-to-cemeteries-and-memorial-gardens,2026-01-29T14:21:43-06:00,https://funeral.com/sitemap_blogs_1.xml
https://funeral.com/blogs/the-journal/what-does-ashes-to-ashes-dust-to-dust-really-mean-at-a-funeral,2026-03-06T20:48:50-06:00,https://funeral.com/sitemap_blogs_1.xml
https://funeral.com/blogs/the-journal/guilt-after-euthanizing-a-pet-why-it-s-so-common-and-how-to-find-self-forgiveness,2026-01-29T14:21:47-06:00,https://funeral.com/sitemap_blogs_1.xml
https://funeral.com/blogs/the-journal/cremation-jewelry-vs-traditional-urns-which-memorial-option-fits-your-life-best,2026-01-29T14:21:49-06:00,https://funeral.com/sitemap_blogs_1.xml
https://funeral.com/blogs/the-journal/scattering-ashes-at-sea-laws-safety-and-ceremony-ideas-for-ocean-farewells,2026-01-29T14:21:52-06:00,https://funeral.com/sitemap_blogs_1.xml
https://funeral.com/blogs/the-journal/scattering-ashes-in-parks-forests-and-on-hiking-trails-permissions-and-best-practices,2026-01-29T14:21:54-06:00,https://funeral.com/sitemap_blogs_1.xml
https://funeral.com/blogs/the-journal/pet-ashes-vs-human-ashes-what-s-the-same-what-s-different-and-what-it-means-for-memorials,2026-03-22T16:45:34-05:00,https://funeral.com/sitemap_blogs_1.xml
https://funeral.com/blogs/the-journal/how-to-clean-and-care-for-a-granite-headstone-without-causing-damage,2026-01-29T14:21:56-06:00,https://funeral.com/sitemap_blogs_1.xml
https://funeral.com/blogs/the-journal/what-to-say-when-someone-s-pet-dies-60-comforting-messages,2026-06-03T21:37:45-05:00,https://funeral.com/sitemap_blogs_1.xml
https://funeral.com/blogs/the-journal/pet-sympathy-card-messages-what-to-write-for-a-dog-or-cat-loss,2026-03-07T15:53:35-06:00,https://funeral.com/sitemap_blogs_1.xml
https://funeral.com/blogs/the-journal/pet-loss-and-sibling-dynamics-when-one-child-was-closer,2026-01-29T14:22:01-06:00,https://funeral.com/sitemap_blogs_1.xml
https://funeral.com/blogs/the-journal/what-to-do-with-a-wedding-ring-after-a-spouse-dies-meaningful-options-and-practical-next-steps,2026-01-29T14:22:03-06:00,https://funeral.com/sitemap_blogs_1.xml
https://funeral.com/blogs/the-journal/headstone-requirements-in-u-s-cemeteries-size-material-installation-rules,2026-05-25T20:49:06-05:00,https://funeral.com/sitemap_blogs_1.xml
https://funeral.com/blogs/the-journal/what-to-wear-to-a-funeral-dress-code-basics-for-men-women-kids,2026-01-29T14:22:07-06:00,https://funeral.com/sitemap_blogs_1.xml
https://funeral.com/blogs/the-journal/what-should-a-woman-wear-to-a-funeral-respectful-outfit-ideas-colors-etiquette,2026-01-29T14:22:09-06:00,https://funeral.com/sitemap_blogs_1.xml
https://funeral.com/blogs/the-journal/what-to-wear-to-a-memorial-service-or-celebration-of-life-modern-etiquette-outfit-ideas,2026-03-07T18:23:12-06:00,https://funeral.com/sitemap_blogs_1.xml
https://funeral.com/blogs/the-journal/funeral-tie-etiquette-best-tie-colors-patterns-knots-plus-when-you-can-skip-the-tie,2026-03-11T20:54:31-05:00,https://funeral.com/sitemap_blogs_1.xml
https://funeral.com/blogs/the-journal/grieving-a-cat-how-to-cope-support-a-friend-and-help-a-surviving-cat,2026-01-29T14:22:15-06:00,https://funeral.com/sitemap_blogs_1.xml
https://funeral.com/blogs/the-journal/funeral-programs-what-to-include-examples-and-printing-options,2026-03-19T20:53:50-05:00,https://funeral.com/sitemap_blogs_1.xml
https://funeral.com/blogs/the-journal/holy-cards-and-prayer-cards-meaning-history-and-modern-funeral-uses,2026-03-25T16:39:40-05:00,https://funeral.com/sitemap_blogs_1.xml
https://funeral.com/blogs/the-journal/pet-loss-quotes-and-readings-comforting-words-for-a-memorial-or-card,2026-03-18T15:18:07-05:00,https://funeral.com/sitemap_blogs_1.xml
https://funeral.com/blogs/the-journal/funeral-memorial-cards-wording-photo-ideas-and-printing-tips,2026-01-29T14:22:22-06:00,https://funeral.com/sitemap_blogs_1.xml
https://funeral.com/blogs/the-journal/funeral-thank-you-notes-who-to-thank-when-to-send-and-message-templates,2026-03-07T23:24:34-06:00,https://funeral.com/sitemap_blogs_1.xml
https://funeral.com/blogs/the-journal/funeral-colors-and-dress-code-when-black-isn-t-required,2026-03-11T04:08:02-05:00,https://funeral.com/sitemap_blogs_1.xml
https://funeral.com/blogs/the-journal/funeral-order-of-service-booklet-what-it-is-what-to-include-and-examples,2026-03-19T23:40:24-05:00,https://funeral.com/sitemap_blogs_1.xml
https://funeral.com/blogs/the-journal/how-to-preplan-a-funeral-checklist-costs-and-what-to-watch-for-with-prepaid-plans,2026-01-29T14:22:30-06:00,https://funeral.com/sitemap_blogs_1.xml
https://funeral.com/blogs/the-journal/pet-loss-after-divorce-or-breakup-who-keeps-the-ashes-keepsakes-and-what-s-fair,2026-01-29T14:22:33-06:00,https://funeral.com/sitemap_blogs_1.xml
https://funeral.com/blogs/the-journal/ashes-in-glass-for-pets-how-glass-memorials-are-made-costs-amp-what-to-expect,2026-01-29T14:22:35-06:00,https://funeral.com/sitemap_blogs_1.xml
https://funeral.com/blogs/the-journal/what-should-a-woman-wear-to-a-funeral-outfit-ideas-for-every-season-and-setting,2026-03-07T20:22:58-06:00,https://funeral.com/sitemap_blogs_1.xml
https://funeral.com/blogs/the-journal/are-ceramic-urns-good-pros-cons-and-how-ceramic-compares-to-metal-wood-and-stone,2026-01-29T14:22:38-06:00,https://funeral.com/sitemap_blogs_1.xml
https://funeral.com/blogs/the-journal/new-jersey-pet-cremation-guide-laws-costs-options,2026-03-21T06:24:10-05:00,https://funeral.com/sitemap_blogs_1.xml
https://funeral.com/blogs/the-journal/new-mexico-pet-cremation-guide-laws-costs-options,2026-01-29T14:22:42-06:00,https://funeral.com/sitemap_blogs_1.xml
https://funeral.com/blogs/the-journal/white-candle-meaning-in-remembrance-memorial-candle-etiquette-and-simple-ritual-ideas,2026-01-29T14:22:44-06:00,https://funeral.com/sitemap_blogs_1.xml
https://funeral.com/blogs/the-journal/new-york-pet-cremation-guide-laws-costs-options,2026-03-25T00:16:38-05:00,https://funeral.com/sitemap_blogs_1.xml
https://funeral.com/blogs/the-journal/end-of-life-planning-checklist-the-documents-conversations-and-digital-accounts-to-organize-now,2026-01-29T14:22:48-06:00,https://funeral.com/sitemap_blogs_1.xml
https://funeral.com/blogs/the-journal/north-carolina-pet-cremation-guide-laws-costs-options,2026-06-18T21:32:13-05:00,https://funeral.com/sitemap_blogs_1.xml
https://funeral.com/blogs/the-journal/north-dakota-pet-cremation-guide-laws-costs-options,2026-01-29T14:22:52-06:00,https://funeral.com/sitemap_blogs_1.xml
https://funeral.com/blogs/the-journal/anger-after-pet-loss-what-it-means-common-targets-safe-ways-to-release-it,2026-01-29T14:22:54-06:00,https://funeral.com/sitemap_blogs_1.xml
https://funeral.com/blogs/the-journal/ohio-pet-cremation-guide-laws-costs-options,2026-01-29T14:22:56-06:00,https://funeral.com/sitemap_blogs_1.xml
https://funeral.com/blogs/the-journal/oklahoma-pet-cremation-guide-laws-costs-options,2026-01-29T14:22:57-06:00,https://funeral.com/sitemap_blogs_1.xml
https://funeral.com/blogs/the-journal/oregon-pet-cremation-guide-laws-costs-options,2026-05-25T01:28:40-05:00,https://funeral.com/sitemap_blogs_1.xml
https://funeral.com/blogs/the-journal/pennsylvania-pet-cremation-guide-laws-costs-options,2026-01-29T14:23:01-06:00,https://funeral.com/sitemap_blogs_1.xml
https://funeral.com/blogs/the-journal/rhode-island-pet-cremation-guide-laws-costs-options,2026-01-29T14:23:03-06:00,https://funeral.com/sitemap_blogs_1.xml
https://funeral.com/blogs/the-journal/what-to-write-in-a-pet-sympathy-card-60-messages-for-dogs-cats-and-more,2026-03-07T06:44:36-06:00,https://funeral.com/sitemap_blogs_1.xml
https://funeral.com/blogs/the-journal/south-carolina-pet-cremation-guide-laws-costs-options,2026-01-29T14:23:06-06:00,https://funeral.com/sitemap_blogs_1.xml
https://funeral.com/blogs/the-journal/funeral-prayer-cards-wording-ideas-templates-and-how-many-to-order,2026-03-21T20:35:44-05:00,https://funeral.com/sitemap_blogs_1.xml
https://funeral.com/blogs/the-journal/sympathy-meals-after-a-death-what-food-to-bring-and-how-to-help-without-adding-stress,2026-01-29T14:23:12-06:00,https://funeral.com/sitemap_blogs_1.xml
https://funeral.com/blogs/the-journal/what-not-to-say-when-someone-loses-a-pet-common-phrases-that-hurt-and-better-alternatives,2026-01-29T14:23:15-06:00,https://funeral.com/sitemap_blogs_1.xml
https://funeral.com/blogs/the-journal/ordering-funeral-prayer-cards-cost-turnaround-time-and-where-to-print,2026-01-29T14:23:17-06:00,https://funeral.com/sitemap_blogs_1.xml
https://funeral.com/blogs/the-journal/funeral-cards-handed-out-at-services-memorial-cards-prayer-cards-and-other-keepsakes,2026-01-29T14:23:19-06:00,https://funeral.com/sitemap_blogs_1.xml
https://funeral.com/blogs/the-journal/sympathy-flowers-and-their-meanings-a-complete-guide-to-choosing-the-right-arrangement,2026-01-29T14:23:21-06:00,https://funeral.com/sitemap_blogs_1.xml
https://funeral.com/blogs/the-journal/pet-cremation-glossary-75-terms-explained-private-partitioned-communal-witness-more,2026-01-29T14:23:22-06:00,https://funeral.com/sitemap_blogs_1.xml
https://funeral.com/blogs/the-journal/funeral-thank-you-cards-do-you-need-to-send-them-and-who-should-get-one,2026-01-29T14:23:24-06:00,https://funeral.com/sitemap_blogs_1.xml
https://funeral.com/blogs/the-journal/how-to-tell-kids-a-pet-died-age-by-age-scripts-3-5-6-9-10-13-teens-what-not-to-say,2026-01-29T14:23:26-06:00,https://funeral.com/sitemap_blogs_1.xml
https://funeral.com/blogs/the-journal/pet-urn-size-chart-by-weight-breed-dogs-cats-small-pets-printable-guide,2026-03-17T23:36:52-05:00,https://funeral.com/sitemap_blogs_1.xml
https://funeral.com/blogs/the-journal/the-first-24-hours-after-losing-a-pet-shock-physical-symptoms-and-what-helps-right-now,2026-01-29T14:23:29-06:00,https://funeral.com/sitemap_blogs_1.xml
https://funeral.com/blogs/the-journal/should-you-adopt-again-after-pet-loss-a-compassionate-readiness-checklist-not-a-timeline,2026-01-29T14:23:31-06:00,https://funeral.com/sitemap_blogs_1.xml
https://funeral.com/blogs/the-journal/first-time-pet-parent-grief-why-it-hits-like-losing-family-how-to-get-through-it,2026-01-29T14:23:33-06:00,https://funeral.com/sitemap_blogs_1.xml
https://funeral.com/blogs/the-journal/disenfranchised-pet-grief-why-pet-loss-feels-invisible-how-to-get-the-support-you-deserve,2026-01-29T14:23:35-06:00,https://funeral.com/sitemap_blogs_1.xml
https://funeral.com/blogs/the-journal/grieving-an-outdoor-cat-or-barn-cat-when-love-doesn-t-look-traditional-but-loss-is-real,2026-01-29T14:23:37-06:00,https://funeral.com/sitemap_blogs_1.xml
https://funeral.com/blogs/the-journal/when-you-re-the-only-one-grieving-a-pet-uneven-grief-in-a-household-and-what-to-do,2026-01-29T14:23:38-06:00,https://funeral.com/sitemap_blogs_1.xml
https://funeral.com/blogs/the-journal/can-t-sleep-after-pet-loss-a-nighttime-routine-for-the-empty-house-gentle-ways-to-rest,2026-01-29T14:23:39-06:00,https://funeral.com/sitemap_blogs_1.xml
https://funeral.com/blogs/the-journal/one-year-pet-loss-anniversary-planning-for-triggers-creating-meaning-and-getting-through-the-day,2026-01-29T14:23:41-06:00,https://funeral.com/sitemap_blogs_1.xml
https://funeral.com/blogs/the-journal/grieving-a-pet-you-inherited-or-didn-t-choose-mixed-feelings-guilt-real-loss,2026-01-29T14:23:43-06:00,https://funeral.com/sitemap_blogs_1.xml
https://funeral.com/blogs/the-journal/pet-loss-during-the-holidays-decorating-traditions-tender-boundaries-that-protect-your-heart,2026-01-29T14:23:45-06:00,https://funeral.com/sitemap_blogs_1.xml
https://funeral.com/blogs/the-journal/phantom-sounds-after-pet-loss-why-you-hear-them-how-to-cope-with-sensory-grief-at-home,2026-03-11T16:16:07-05:00,https://funeral.com/sitemap_blogs_1.xml
https://funeral.com/blogs/the-journal/the-6-month-pet-loss-dip-why-grief-returns-after-doing-better-how-to-handle-the-wave,2026-01-29T14:23:50-06:00,https://funeral.com/sitemap_blogs_1.xml
https://funeral.com/blogs/the-journal/30-days-after-pet-loss-what-to-expect-emotionally-and-10-ways-to-honor-the-bond,2026-01-29T14:25:54-06:00,https://funeral.com/sitemap_blogs_1.xml
https://funeral.com/blogs/the-journal/pet-euthanasia-guilt-did-i-do-the-right-thing-how-to-quiet-doubt-without-self-blame,2026-01-29T14:25:56-06:00,https://funeral.com/sitemap_blogs_1.xml
https://funeral.com/blogs/the-journal/how-to-express-sympathy-examples-of-what-to-say-and-what-to-avoid,2026-01-29T14:26:00-06:00,https://funeral.com/sitemap_blogs_1.xml
https://funeral.com/blogs/the-journal/when-a-classroom-pet-dies-a-teacher-s-guide-to-honest-kind-conversations-parent-communication,2026-01-29T14:26:02-06:00,https://funeral.com/sitemap_blogs_1.xml
https://funeral.com/blogs/the-journal/do-pet-ashes-smell-what-s-normal-why-it-varies-when-to-call-the-crematory,2026-03-20T01:31:15-05:00,https://funeral.com/sitemap_blogs_1.xml
https://funeral.com/blogs/the-journal/do-you-get-all-the-ashes-back-from-pet-cremation-what-affects-return-amount-and-what-s-normal,2026-03-12T16:40:57-05:00,https://funeral.com/sitemap_blogs_1.xml
https://funeral.com/blogs/the-journal/pet-burial-vs-cremation-printable-decision-worksheet-costs-practicalities-what-you-receive,2026-01-29T14:26:08-06:00,https://funeral.com/sitemap_blogs_1.xml
https://funeral.com/blogs/the-journal/what-to-do-with-a-pet-s-collar-bed-toys-after-death-keep-donate-store-or-let-go,2026-01-29T14:26:10-06:00,https://funeral.com/sitemap_blogs_1.xml
https://funeral.com/blogs/the-journal/can-you-scatter-pet-ashes-in-a-public-park-permissions-etiquette-and-simple-alternatives,2026-01-29T14:26:12-06:00,https://funeral.com/sitemap_blogs_1.xml
https://funeral.com/blogs/the-journal/moving-with-pet-ashes-packing-shipping-options-and-setting-up-a-new-memorial-space,2026-01-29T14:26:14-06:00,https://funeral.com/sitemap_blogs_1.xml
https://funeral.com/blogs/the-journal/in-loving-memory-vs-in-memory-of-vs-in-memoriam-which-phrase-to-use-plus-30-alternatives,2026-03-07T01:33:49-06:00,https://funeral.com/sitemap_blogs_1.xml
https://funeral.com/blogs/the-journal/do-you-need-a-vault-to-bury-an-urn-cemetery-rules-benefits-and-when-an-urn-vault-makes-sense,2026-01-29T14:26:19-06:00,https://funeral.com/sitemap_blogs_1.xml
https://funeral.com/blogs/the-journal/how-much-does-a-casket-cost-average-price-ranges-materials-and-ways-to-save,2026-01-29T14:26:21-06:00,https://funeral.com/sitemap_blogs_1.xml
https://funeral.com/blogs/the-journal/casket-vs-coffin-what-s-the-difference-what-they-cost-and-which-to-choose,2026-01-29T14:26:22-06:00,https://funeral.com/sitemap_blogs_1.xml
https://funeral.com/blogs/the-journal/white-candles-in-jewish-traditions-shabbat-candles-yahrzeit-memorials-amp-what-they-mean,2026-01-29T14:26:24-06:00,https://funeral.com/sitemap_blogs_1.xml
https://funeral.com/blogs/the-journal/bowl-meals-101-easy-dinner-in-a-bowl-ideas-to-bring-a-grieving-family,2026-01-29T14:26:26-06:00,https://funeral.com/sitemap_blogs_1.xml
https://funeral.com/blogs/the-journal/memorial-candle-colors-and-meanings-what-white-candles-symbolize-and-when-to-use-other-colors,2026-03-10T20:53:53-05:00,https://funeral.com/sitemap_blogs_1.xml
https://funeral.com/blogs/the-journal/easy-meals-to-bring-a-grieving-family-pantry-staples-freezer-friendly-dinners-and-make-ahead-tips,2026-03-08T16:12:01-05:00,https://funeral.com/sitemap_blogs_1.xml
https://funeral.com/blogs/the-journal/memory-jar-for-a-funeral-or-celebration-of-life-prompts-printables-and-how-to-collect-messages,2026-03-18T22:18:47-05:00,https://funeral.com/sitemap_blogs_1.xml
https://funeral.com/blogs/the-journal/best-urn-necklaces-and-cremation-jewelry-how-to-choose-a-daily-wear-piece-that-lasts,2026-01-29T14:26:36-06:00,https://funeral.com/sitemap_blogs_1.xml
https://funeral.com/blogs/the-journal/unique-cremation-urns-art-urns-handmade-designs-and-how-to-pick-a-one-of-a-kind-tribute,2026-01-29T14:26:39-06:00,https://funeral.com/sitemap_blogs_1.xml
https://funeral.com/blogs/the-journal/tsa-approved-urns-how-to-fly-with-cremated-remains-in-the-u-s-carry-on-tips,2026-01-29T14:26:41-06:00,https://funeral.com/sitemap_blogs_1.xml
https://funeral.com/blogs/the-journal/when-do-you-light-a-memorial-candle-timing-etiquette-and-personalized-candle-ideas,2026-03-12T16:23:14-05:00,https://funeral.com/sitemap_blogs_1.xml
https://funeral.com/blogs/the-journal/memorial-necklaces-101-types-durable-materials-and-tsa-tips-for-traveling-with-ashes,2026-01-29T14:26:44-06:00,https://funeral.com/sitemap_blogs_1.xml
https://funeral.com/blogs/the-journal/south-dakota-pet-cremation-guide-laws-costs-options,2026-01-29T14:26:46-06:00,https://funeral.com/sitemap_blogs_1.xml
https://funeral.com/blogs/the-journal/biodegradable-urns-explained-types-how-they-work-and-when-to-choose-one,2026-01-29T14:26:49-06:00,https://funeral.com/sitemap_blogs_1.xml
https://funeral.com/blogs/the-journal/flying-with-ashes-checklist-tsa-screening-airline-requirements-and-what-to-expect,2026-01-29T14:26:51-06:00,https://funeral.com/sitemap_blogs_1.xml
https://funeral.com/blogs/the-journal/memorial-diamonds-made-from-ashes-how-they-re-created-costs-and-what-to-ask-before-you-buy,2026-01-29T14:26:54-06:00,https://funeral.com/sitemap_blogs_1.xml
https://funeral.com/blogs/the-journal/tennessee-pet-cremation-guide-laws-costs-options,2026-05-23T21:48:43-05:00,https://funeral.com/sitemap_blogs_1.xml
https://funeral.com/blogs/the-journal/long-lasting-funeral-flowers-for-gravesites-best-blooms-by-season-meaning-and-durability,2026-03-19T07:36:23-05:00,https://funeral.com/sitemap_blogs_1.xml
https://funeral.com/blogs/the-journal/texas-pet-cremation-guide-laws-costs-options,2026-03-12T19:20:34-05:00,https://funeral.com/sitemap_blogs_1.xml
https://funeral.com/blogs/the-journal/fingerprint-jewelry-explained-how-it-s-made-how-to-capture-a-print-and-what-to-look-for-in-quality,2026-01-29T14:27:01-06:00,https://funeral.com/sitemap_blogs_1.xml
https://funeral.com/blogs/the-journal/utah-pet-cremation-guide-laws-costs-options,2026-01-29T14:27:03-06:00,https://funeral.com/sitemap_blogs_1.xml
https://funeral.com/blogs/the-journal/vermont-pet-cremation-guide-laws-costs-options,2026-01-29T14:27:06-06:00,https://funeral.com/sitemap_blogs_1.xml
https://funeral.com/blogs/the-journal/memorial-tree-planting-programs-how-living-tributes-work-costs-and-best-services,2026-01-29T14:27:10-06:00,https://funeral.com/sitemap_blogs_1.xml
https://funeral.com/blogs/the-journal/virginia-pet-cremation-guide-laws-costs-options,2026-05-25T22:39:52-05:00,https://funeral.com/sitemap_blogs_1.xml
https://funeral.com/blogs/the-journal/washington-pet-cremation-guide-laws-costs-options,2026-05-25T22:07:07-05:00,https://funeral.com/sitemap_blogs_1.xml
https://funeral.com/blogs/the-journal/traveling-internationally-with-pet-ashes-2026-documents-airline-rules-country-requirements,2026-03-11T15:16:22-05:00,https://funeral.com/sitemap_blogs_1.xml
https://funeral.com/blogs/the-journal/west-virginia-pet-cremation-guide-laws-costs-options,2026-01-29T14:27:21-06:00,https://funeral.com/sitemap_blogs_1.xml
https://funeral.com/blogs/the-journal/mailing-pet-ashes-usps-2026-packaging-rules-label-139-costs-what-to-expect,2026-03-19T07:31:50-05:00,https://funeral.com/sitemap_blogs_1.xml
https://funeral.com/blogs/the-journal/low-cost-and-free-cremation-options-in-2025-direct-cremation-body-donation-and-budget-tips,2026-08-08T09:05:56-05:00,https://funeral.com/sitemap_blogs_1.xml
https://funeral.com/blogs/the-journal/wisconsin-pet-cremation-guide-laws-costs-options,2026-03-19T20:23:38-05:00,https://funeral.com/sitemap_blogs_1.xml
https://funeral.com/blogs/the-journal/when-you-have-multiple-pets-how-to-help-the-surviving-pet-adjust-after-a-death,2026-01-29T14:27:29-06:00,https://funeral.com/sitemap_blogs_1.xml
https://funeral.com/blogs/the-journal/what-metals-are-cremation-jewelry-made-of-stainless-steel-vs-sterling-silver-vs-gold,2026-01-29T14:27:31-06:00,https://funeral.com/sitemap_blogs_1.xml
https://funeral.com/blogs/the-journal/wyoming-pet-cremation-guide-laws-costs-options,2026-01-29T14:27:33-06:00,https://funeral.com/sitemap_blogs_1.xml
https://funeral.com/blogs/the-journal/what-is-iaopcc-accreditation-a-plain-english-guide-for-pet-families-and-how-to-verify-it,2026-01-29T14:27:35-06:00,https://funeral.com/sitemap_blogs_1.xml
https://funeral.com/blogs/the-journal/how-to-write-a-meaningful-eulogy-with-a-simple-outline-examples,2026-01-29T14:27:37-06:00,https://funeral.com/sitemap_blogs_1.xml
https://funeral.com/blogs/the-journal/memorial-necklaces-explained-types-of-memorial-jewelry-and-how-to-choose-the-right-one,2026-01-29T14:27:39-06:00,https://funeral.com/sitemap_blogs_1.xml
https://funeral.com/blogs/the-journal/chain-of-custody-in-pet-aftercare-tags-logs-tracking-transparency-what-to-ask-for,2026-01-29T14:27:40-06:00,https://funeral.com/sitemap_blogs_1.xml
https://funeral.com/blogs/the-journal/memorial-day-poppies-history-meaning-and-simple-ways-to-honor-veterans,2026-01-29T14:27:42-06:00,https://funeral.com/sitemap_blogs_1.xml
https://funeral.com/blogs/the-journal/pet-aftercare-for-apartment-dwellers-memorial-options-without-a-yard-urns-jewelry-rituals,2026-01-29T14:27:43-06:00,https://funeral.com/sitemap_blogs_1.xml
https://funeral.com/blogs/the-journal/sympathy-gift-etiquette-what-to-send-when-to-send-it-and-what-actually-helps,2026-03-21T19:07:52-05:00,https://funeral.com/sitemap_blogs_1.xml
https://funeral.com/blogs/the-journal/can-you-bury-a-cremation-urn-best-materials-for-ground-burial-vaults-and-sea-burial,2026-01-29T14:27:47-06:00,https://funeral.com/sitemap_blogs_1.xml
https://funeral.com/blogs/the-journal/at-home-memorial-ideas-40-meaningful-ways-to-honor-a-loved-one-diy-low-cost,2026-03-17T19:43:52-05:00,https://funeral.com/sitemap_blogs_1.xml
https://funeral.com/blogs/the-journal/what-happens-in-communal-pet-cremation-where-the-shared-ashes-typically-go-and-what-to-ask,2026-03-21T21:39:42-05:00,https://funeral.com/sitemap_blogs_1.xml
https://funeral.com/blogs/the-journal/cremation-urn-size-guide-how-to-calculate-the-right-capacity-with-examples,2026-01-29T14:27:51-06:00,https://funeral.com/sitemap_blogs_1.xml
https://funeral.com/blogs/the-journal/keepsake-urns-explained-what-they-are-how-big-they-are-and-when-families-choose-them,2026-08-01T01:24:20-05:00,https://funeral.com/sitemap_blogs_1.xml
https://funeral.com/blogs/the-journal/can-you-cremate-two-pets-together-options-ethics-costs-provider-policies,2026-01-29T14:27:55-06:00,https://funeral.com/sitemap_blogs_1.xml
https://funeral.com/blogs/the-journal/mushroom-coffins-explained-the-loop-living-cocoon-and-other-mycelium-casket-options-in-the-u-s,2026-01-29T14:27:57-06:00,https://funeral.com/sitemap_blogs_1.xml
https://funeral.com/blogs/the-journal/pet-urn-size-chart-by-weight-dogs-with-breed-examples-when-to-size-up,2026-03-25T01:36:23-05:00,https://funeral.com/sitemap_blogs_1.xml
https://funeral.com/blogs/the-journal/funeral-memorial-cards-what-to-include-design-ideas-verses-quotes-and-how-to-print-them,2026-01-29T14:28:02-06:00,https://funeral.com/sitemap_blogs_1.xml
https://funeral.com/blogs/the-journal/best-urn-materials-stainless-steel-vs-wood-vs-ceramic-durability-display-burial-travel,2026-01-29T14:28:05-06:00,https://funeral.com/sitemap_blogs_1.xml
https://funeral.com/blogs/the-journal/biodegradable-pet-urns-best-options-for-water-garden-burial-tree-planting-what-to-know,2026-01-29T14:28:06-06:00,https://funeral.com/sitemap_blogs_1.xml
https://funeral.com/blogs/the-journal/biodegradable-urns-how-they-work-types-for-water-or-ground-burial-and-where-to-buy-eco-friendly-options,2026-01-29T14:28:08-06:00,https://funeral.com/sitemap_blogs_1.xml
https://funeral.com/blogs/the-journal/how-a-body-is-prepared-for-cremation-what-happens-before-during-and-after-plus-container-casket-choices,2026-01-29T14:28:10-06:00,https://funeral.com/sitemap_blogs_1.xml
https://funeral.com/blogs/the-journal/choosing-a-pet-urn-for-a-small-pet-hamster-guinea-pig-rabbit-birds-minimal-ashes-guide,2026-01-29T14:28:12-06:00,https://funeral.com/sitemap_blogs_1.xml
https://funeral.com/blogs/the-journal/keepsake-urn-vs-full-size-urn-what-s-the-difference-sizes-uses-and-how-to-choose,2026-01-29T14:28:15-06:00,https://funeral.com/sitemap_blogs_1.xml
https://funeral.com/blogs/the-journal/iconic-moms-and-matriarchs-from-mother-teresa-to-celebrity-mothers-stories-tributes-and-legacy-ideas,2026-01-29T14:28:16-06:00,https://funeral.com/sitemap_blogs_1.xml
https://funeral.com/blogs/the-journal/cremation-preplanning-and-prepaid-plans-how-it-works-what-to-ask-and-how-to-compare-options,2026-01-29T14:28:17-06:00,https://funeral.com/sitemap_blogs_1.xml
https://funeral.com/blogs/the-journal/where-to-keep-a-pet-urn-at-home-peaceful-display-ideas-not-heavy-storage-tips,2026-03-18T19:41:39-05:00,https://funeral.com/sitemap_blogs_1.xml
https://funeral.com/blogs/the-journal/how-long-does-pet-grief-last-signs-of-grieving-in-dogs-and-cats-and-how-to-help,2026-01-29T14:28:21-06:00,https://funeral.com/sitemap_blogs_1.xml
https://funeral.com/blogs/the-journal/pet-urn-accessories-stands-plaques-photo-frames-keepsake-boxes-what-s-worth-it,2026-01-29T14:28:22-06:00,https://funeral.com/sitemap_blogs_1.xml
https://funeral.com/blogs/the-journal/famous-mothers-in-history-and-pop-culture-iconic-moms-their-legacies-and-ways-to-remember-your-own,2026-03-12T15:29:08-05:00,https://funeral.com/sitemap_blogs_1.xml
https://funeral.com/blogs/the-journal/what-happens-during-cremation-a-detailed-family-guide-faqs-and-modern-options-like-water-cremation,2026-01-29T14:28:26-06:00,https://funeral.com/sitemap_blogs_1.xml
https://funeral.com/blogs/the-journal/is-it-ok-to-keep-cremation-ashes-at-home-u-s-rules-beliefs-and-best-practices,2026-01-29T14:28:28-06:00,https://funeral.com/sitemap_blogs_1.xml
https://funeral.com/blogs/the-journal/how-to-clean-care-for-a-pet-urn-wood-ceramic-metal-do-s-don-ts-quick-fixes,2026-01-29T14:28:29-06:00,https://funeral.com/sitemap_blogs_1.xml
https://funeral.com/blogs/the-journal/cremation-jewelry-care-guide-cleaning-stainless-steel-sterling-silver-gold-do-s-don-ts,2026-01-29T14:28:31-06:00,https://funeral.com/sitemap_blogs_1.xml
https://funeral.com/blogs/the-journal/what-does-the-bible-say-about-cremation-a-christian-guide-to-cremation-and-ashes,2026-03-24T21:20:41-05:00,https://funeral.com/sitemap_blogs_1.xml
https://funeral.com/blogs/the-journal/tulip-meaning-color-symbolism-what-different-tulip-colors-represent,2026-01-29T14:28:35-06:00,https://funeral.com/sitemap_blogs_1.xml
https://funeral.com/blogs/the-journal/urn-vaults-explained-when-you-need-one-types-of-burial-vaults-for-cremation-urns-and-how-to-choose,2026-01-29T14:28:37-06:00,https://funeral.com/sitemap_blogs_1.xml
https://funeral.com/blogs/the-journal/choosing-the-right-cremation-urn-size-materials-and-what-to-consider,2026-01-29T14:28:39-06:00,https://funeral.com/sitemap_blogs_1.xml
https://funeral.com/blogs/the-journal/irish-blessings-for-funerals-popular-poems-wording-ideas-and-personalized-keepsakes,2026-03-10T20:25:07-05:00,https://funeral.com/sitemap_blogs_1.xml
https://funeral.com/blogs/the-journal/is-there-energy-in-cremation-ashes-beliefs-etiquette-and-keeping-ashes-at-home,2026-01-29T14:28:42-06:00,https://funeral.com/sitemap_blogs_1.xml
https://funeral.com/blogs/the-journal/what-happens-to-unclaimed-or-uncollected-cremation-ashes-and-how-to-claim-them,2026-03-25T00:57:27-05:00,https://funeral.com/sitemap_blogs_1.xml
https://funeral.com/blogs/the-journal/scattering-ashes-ideas-ceremonies-etiquette-and-u-s-rules-land-water-and-air,2026-01-29T14:28:45-06:00,https://funeral.com/sitemap_blogs_1.xml
https://funeral.com/blogs/the-journal/flying-with-cremated-remains-tsa-rules-airline-tips-and-best-travel-urns,2026-01-29T14:28:47-06:00,https://funeral.com/sitemap_blogs_1.xml
https://funeral.com/blogs/the-journal/how-to-transfer-or-divide-cremation-ashes-and-fill-an-urn-safely,2026-01-29T14:28:48-06:00,https://funeral.com/sitemap_blogs_1.xml
https://funeral.com/blogs/the-journal/what-to-say-at-a-funeral-simple-condolences-what-not-to-say-and-supportive-phrases,2026-01-29T14:28:49-06:00,https://funeral.com/sitemap_blogs_1.xml
https://funeral.com/blogs/the-journal/red-tulips-meaning-love-remembrance-and-when-to-use-them-in-memorial-flowers,2026-01-29T14:28:51-06:00,https://funeral.com/sitemap_blogs_1.xml
https://funeral.com/blogs/the-journal/symbols-of-sadness-and-grief-flowers-colors-and-meaningful-memorial-ideas,2026-03-19T00:26:34-05:00,https://funeral.com/sitemap_blogs_1.xml
https://funeral.com/blogs/the-journal/cremation-urn-necklaces-for-ashes-best-styles-questions-to-ask-and-how-to-buy-quality-jewelry-online,2026-01-29T14:28:54-06:00,https://funeral.com/sitemap_blogs_1.xml
https://funeral.com/blogs/the-journal/condolence-messages-that-actually-help-short-texts-cards-and-flower-notes,2026-01-29T14:28:56-06:00,https://funeral.com/sitemap_blogs_1.xml
https://funeral.com/blogs/the-journal/cremation-rings-and-ashes-jewelry-resin-vs-stone-settings-pros-cons-costs-and-care,2026-01-29T14:28:57-06:00,https://funeral.com/sitemap_blogs_1.xml
https://funeral.com/blogs/the-journal/prayer-candles-explained-catholic-amp-anglican-traditions-how-to-light-one-in-memory,2026-03-20T16:34:26-05:00,https://funeral.com/sitemap_blogs_1.xml
https://funeral.com/blogs/the-journal/yellow-meaning-symbolism-color-psychology-spiritual-associations-and-memorial-uses,2026-01-29T14:29:00-06:00,https://funeral.com/sitemap_blogs_1.xml
https://funeral.com/blogs/the-journal/funerary-art-101-symbols-styles-and-how-urns-became-memorial-objects,2026-01-29T14:29:02-06:00,https://funeral.com/sitemap_blogs_1.xml
https://funeral.com/blogs/the-journal/memorial-jewelry-vs-cremation-urns-which-option-honors-them-best-and-when-you-might-want-both,2026-01-29T14:29:03-06:00,https://funeral.com/sitemap_blogs_1.xml
https://funeral.com/blogs/the-journal/memorial-candle-colors-and-meanings-choosing-the-right-candle-for-funerals-anniversaries-and-remembrance,2026-03-11T00:29:03-05:00,https://funeral.com/sitemap_blogs_1.xml
https://funeral.com/blogs/the-journal/can-ashes-be-turned-into-glass-the-science-behind-cremation-glass-art-temps-materials-safety,2026-01-29T14:29:06-06:00,https://funeral.com/sitemap_blogs_1.xml
https://funeral.com/blogs/the-journal/how-to-put-ashes-in-an-urn-without-a-mess-step-by-step-transfer-sealing-and-scattering-tips,2026-01-29T14:29:08-06:00,https://funeral.com/sitemap_blogs_1.xml
https://funeral.com/blogs/the-journal/what-size-cremation-urn-do-i-need-easy-capacity-chart-calculator-adults-kids-pets,2026-01-29T14:30:42-06:00,https://funeral.com/sitemap_blogs_1.xml
https://funeral.com/blogs/the-journal/interment-of-ashes-explained-how-to-bury-cremated-remains-in-a-cemetery-step-by-step,2026-01-29T14:30:43-06:00,https://funeral.com/sitemap_blogs_1.xml
https://funeral.com/blogs/the-journal/what-can-t-be-cremated-jewelry-implants-and-personal-items-what-families-should-know,2026-01-29T14:30:45-06:00,https://funeral.com/sitemap_blogs_1.xml
https://funeral.com/blogs/the-journal/lighting-a-candle-in-memory-symbolism-traditions-and-safe-ways-to-create-a-memorial-glow,2026-01-29T14:30:46-06:00,https://funeral.com/sitemap_blogs_1.xml
https://funeral.com/blogs/the-journal/cat-urn-size-guide-how-to-choose-the-right-cremation-urn-for-your-cat,2026-01-29T14:30:48-06:00,https://funeral.com/sitemap_blogs_1.xml
https://funeral.com/blogs/the-journal/after-cremation-safe-respectful-ways-to-keep-scatter-or-bury-ashes,2026-01-29T14:30:50-06:00,https://funeral.com/sitemap_blogs_1.xml
https://funeral.com/blogs/the-journal/how-to-display-a-cremation-urn-at-home-memorial-shelf-and-table-ideas-that-feel-peaceful,2026-03-13T04:13:32-05:00,https://funeral.com/sitemap_blogs_1.xml
https://funeral.com/blogs/the-journal/wooden-cremation-urns-pros-and-cons-durability-care-tips-and-best-wood-types,2026-01-29T14:30:53-06:00,https://funeral.com/sitemap_blogs_1.xml
https://funeral.com/blogs/the-journal/is-cremation-biblical-a-christian-guide-to-cremation-vs-burial-and-end-of-life-choices,2026-01-29T14:30:54-06:00,https://funeral.com/sitemap_blogs_1.xml
https://funeral.com/blogs/the-journal/alabama-cremation-guide-costs-laws-options,2026-01-29T14:30:56-06:00,https://funeral.com/sitemap_blogs_1.xml
https://funeral.com/blogs/the-journal/casket-color-meanings-how-to-choose-a-color-that-honors-your-loved-one,2026-01-29T14:30:58-06:00,https://funeral.com/sitemap_blogs_1.xml
https://funeral.com/blogs/the-journal/monuments-vs-memorials-types-meanings-and-famous-examples-us-world,2026-01-29T14:31:00-06:00,https://funeral.com/sitemap_blogs_1.xml
https://funeral.com/blogs/the-journal/alaska-cremation-guide-costs-laws-options,2026-01-29T14:31:02-06:00,https://funeral.com/sitemap_blogs_1.xml
https://funeral.com/blogs/the-journal/what-does-purple-mean-at-a-funeral-mourning-colors-flower-meanings-and-etiquette,2026-03-07T15:59:19-06:00,https://funeral.com/sitemap_blogs_1.xml
https://funeral.com/blogs/the-journal/why-do-people-light-candles-for-the-dead-symbolism-traditions-and-modern-memorial-ideas,2026-03-24T19:13:29-05:00,https://funeral.com/sitemap_blogs_1.xml
https://funeral.com/blogs/the-journal/pet-burial-vs-pet-cremation-pros-cons-costs-and-how-to-choose,2026-01-29T14:31:07-06:00,https://funeral.com/sitemap_blogs_1.xml
https://funeral.com/blogs/the-journal/famous-memorials-around-the-world-25-iconic-monuments-and-what-they-mean,2026-03-08T00:27:47-06:00,https://funeral.com/sitemap_blogs_1.xml
https://funeral.com/blogs/the-journal/arizona-cremation-guide-costs-laws-options,2026-01-29T14:31:12-06:00,https://funeral.com/sitemap_blogs_1.xml
https://funeral.com/blogs/the-journal/what-is-a-companion-urn-a-guide-to-double-urns-for-couples-and-loved-ones,2026-01-29T14:31:14-06:00,https://funeral.com/sitemap_blogs_1.xml
https://funeral.com/blogs/the-journal/arkansas-cremation-guide-costs-laws-options,2026-01-29T14:31:16-06:00,https://funeral.com/sitemap_blogs_1.xml
https://funeral.com/blogs/the-journal/california-cremation-guide-costs-laws-options,2026-03-25T16:23:07-05:00,https://funeral.com/sitemap_blogs_1.xml
https://funeral.com/blogs/the-journal/colorado-cremation-guide-costs-laws-options,2026-01-29T14:31:21-06:00,https://funeral.com/sitemap_blogs_1.xml
https://funeral.com/blogs/the-journal/tulip-color-meanings-what-red-yellow-pink-white-tulips-symbolize,2026-01-29T14:31:22-06:00,https://funeral.com/sitemap_blogs_1.xml
https://funeral.com/blogs/the-journal/connecticut-cremation-guide-costs-laws-options,2026-01-29T14:31:24-06:00,https://funeral.com/sitemap_blogs_1.xml
https://funeral.com/blogs/the-journal/delaware-cremation-guide-costs-laws-options,2026-01-29T14:31:26-06:00,https://funeral.com/sitemap_blogs_1.xml
https://funeral.com/blogs/the-journal/florida-cremation-guide-costs-laws-options,2026-05-24T20:46:14-05:00,https://funeral.com/sitemap_blogs_1.xml
https://funeral.com/blogs/the-journal/best-companion-urns-for-two-styles-materials-and-buying-tips,2026-01-29T14:31:29-06:00,https://funeral.com/sitemap_blogs_1.xml
https://funeral.com/blogs/the-journal/what-does-blue-mean-at-a-funeral-color-symbolism-etiquette-and-flower-ideas,2026-03-08T00:02:42-06:00,https://funeral.com/sitemap_blogs_1.xml
https://funeral.com/blogs/the-journal/casket-colors-and-their-meanings-a-family-guide-to-choosing-a-colorful-tribute,2026-01-29T14:31:33-06:00,https://funeral.com/sitemap_blogs_1.xml
https://funeral.com/blogs/the-journal/pet-memorial-shelf-ideas-create-a-cozy-at-home-tribute-with-photos-urns-and-keepsakes,2026-03-20T19:55:05-05:00,https://funeral.com/sitemap_blogs_1.xml
https://funeral.com/blogs/the-journal/cremation-urns-101-types-materials-and-how-to-choose-the-right-urn,2026-01-29T14:31:36-06:00,https://funeral.com/sitemap_blogs_1.xml
https://funeral.com/blogs/the-journal/freezer-friendly-sympathy-meals-meal-train-ideas-what-to-bring-and-what-to-skip,2026-03-20T18:04:13-05:00,https://funeral.com/sitemap_blogs_1.xml
https://funeral.com/blogs/the-journal/candles-in-memorial-traditions-meaning-etiquette-and-day-of-the-dead-ofrenda-ideas,2026-03-08T21:14:42-05:00,https://funeral.com/sitemap_blogs_1.xml
https://funeral.com/blogs/the-journal/how-much-does-cremation-cost-in-the-u-s-average-prices-common-fees-and-ways-to-save-2025-guide,2026-01-29T14:31:42-06:00,https://funeral.com/sitemap_blogs_1.xml
https://funeral.com/blogs/the-journal/catholic-cremation-rules-explained-keeping-scattering-and-burial-of-ashes,2026-03-18T21:30:10-05:00,https://funeral.com/sitemap_blogs_1.xml
https://funeral.com/blogs/the-journal/is-cremation-a-sin-what-the-bible-says-about-cremation-burial-and-ashes,2026-01-29T14:31:46-06:00,https://funeral.com/sitemap_blogs_1.xml
https://funeral.com/blogs/the-journal/can-you-scatter-pet-ashes-anywhere-legal-and-etiquette-guide-for-the-us-uk,2026-01-29T14:31:48-06:00,https://funeral.com/sitemap_blogs_1.xml
https://funeral.com/blogs/the-journal/how-to-light-a-memorial-candle-meaning-ritual-ideas-and-candle-safety-basics,2026-01-29T14:31:49-06:00,https://funeral.com/sitemap_blogs_1.xml
https://funeral.com/blogs/the-journal/religious-views-on-cremation-what-judaism-islam-and-christianity-traditionally-teach,2026-01-29T14:31:51-06:00,https://funeral.com/sitemap_blogs_1.xml
https://funeral.com/blogs/the-journal/interment-of-ashes-explained-burial-options-cemetery-rules-and-ceremony-planning,2026-01-29T14:31:52-06:00,https://funeral.com/sitemap_blogs_1.xml
https://funeral.com/blogs/the-journal/interment-vs-internment-the-right-term-for-ashes-plus-how-to-plan-an-interment-ceremony,2026-03-17T16:51:37-05:00,https://funeral.com/sitemap_blogs_1.xml
https://funeral.com/blogs/the-journal/when-your-cat-passes-away-what-to-do-next-cremation-ashes-and-memorial-ideas,2026-01-29T14:31:56-06:00,https://funeral.com/sitemap_blogs_1.xml
https://funeral.com/blogs/the-journal/cremation-jewelry-buying-guide-metals-waterproofing-filling-kits-and-what-to-ask-before-you-buy,2026-01-29T14:31:58-06:00,https://funeral.com/sitemap_blogs_1.xml
https://funeral.com/blogs/the-journal/burying-cremation-ashes-in-a-cemetery-rules-urn-vaults-and-typical-costs,2026-01-29T14:31:59-06:00,https://funeral.com/sitemap_blogs_1.xml
https://funeral.com/blogs/the-journal/15-reasons-people-choose-cremation-cost-flexibility-and-how-to-decide-what-s-right-for-your-family,2026-01-29T14:32:02-06:00,https://funeral.com/sitemap_blogs_1.xml
https://funeral.com/blogs/the-journal/tulip-meaning-by-color-what-red-yellow-white-pink-purple-tulips-symbolize,2026-01-29T14:32:04-06:00,https://funeral.com/sitemap_blogs_1.xml
https://funeral.com/blogs/the-journal/short-condolence-messages-simple-sympathy-texts-for-cards-flowers-and-dms,2026-03-07T02:00:07-06:00,https://funeral.com/sitemap_blogs_1.xml
https://funeral.com/blogs/the-journal/georgia-cremation-guide-costs-laws-options,2026-03-18T21:28:42-05:00,https://funeral.com/sitemap_blogs_1.xml
https://funeral.com/blogs/the-journal/hawaii-cremation-guide-costs-laws-options,2026-03-20T20:05:29-05:00,https://funeral.com/sitemap_blogs_1.xml
https://funeral.com/blogs/the-journal/idaho-cremation-guide-costs-laws-options,2026-06-02T21:48:30-05:00,https://funeral.com/sitemap_blogs_1.xml
https://funeral.com/blogs/the-journal/illinois-cremation-guide-costs-laws-options,2026-01-29T14:32:14-06:00,https://funeral.com/sitemap_blogs_1.xml
https://funeral.com/blogs/the-journal/indiana-cremation-guide-costs-laws-options,2026-03-25T01:50:05-05:00,https://funeral.com/sitemap_blogs_1.xml
https://funeral.com/blogs/the-journal/iowa-cremation-guide-costs-laws-options,2026-01-29T14:32:18-06:00,https://funeral.com/sitemap_blogs_1.xml
https://funeral.com/blogs/the-journal/kansas-cremation-guide-costs-laws-options,2026-01-29T14:32:20-06:00,https://funeral.com/sitemap_blogs_1.xml
https://funeral.com/blogs/the-journal/a-brief-history-of-ceramics-from-ancient-pottery-to-modern-ceramic-memorial-urns,2026-01-29T14:32:22-06:00,https://funeral.com/sitemap_blogs_1.xml
https://funeral.com/blogs/the-journal/kentucky-cremation-guide-costs-laws-options,2026-01-29T14:32:24-06:00,https://funeral.com/sitemap_blogs_1.xml
https://funeral.com/blogs/the-journal/louisiana-cremation-guide-costs-laws-options,2026-03-24T23:40:13-05:00,https://funeral.com/sitemap_blogs_1.xml
https://funeral.com/blogs/the-journal/maine-cremation-guide-costs-laws-options,2026-01-29T14:32:27-06:00,https://funeral.com/sitemap_blogs_1.xml
https://funeral.com/blogs/the-journal/maryland-cremation-guide-costs-laws-options,2026-03-25T16:50:54-05:00,https://funeral.com/sitemap_blogs_1.xml
https://funeral.com/blogs/the-journal/massachusetts-cremation-guide-costs-laws-options,2026-03-18T22:52:37-05:00,https://funeral.com/sitemap_blogs_1.xml
https://funeral.com/blogs/the-journal/michigan-cremation-guide-costs-laws-options,2026-01-29T14:32:33-06:00,https://funeral.com/sitemap_blogs_1.xml
https://funeral.com/blogs/the-journal/keepsakes-made-from-ashes-9-meaningful-memorial-ideas-jewelry-glass-stones-more,2026-01-29T14:32:35-06:00,https://funeral.com/sitemap_blogs_1.xml
https://funeral.com/blogs/the-journal/why-we-light-candles-in-memory-of-the-dead-symbolism-traditions-and-memorial-ideas,2026-01-29T14:32:36-06:00,https://funeral.com/sitemap_blogs_1.xml
https://funeral.com/blogs/the-journal/prayer-memorial-candles-meaning-traditions-and-how-to-light-them-safely,2026-01-29T14:32:37-06:00,https://funeral.com/sitemap_blogs_1.xml
https://funeral.com/blogs/the-journal/keeping-cremation-ashes-at-home-in-the-us-is-it-legal-how-to-store-them-safely-and-display-ideas,2026-01-29T14:32:39-06:00,https://funeral.com/sitemap_blogs_1.xml
https://funeral.com/blogs/the-journal/scattering-urns-and-tubes-how-to-choose-an-eco-friendly-option-for-spreading-ashes,2026-01-29T14:32:41-06:00,https://funeral.com/sitemap_blogs_1.xml
https://funeral.com/blogs/the-journal/why-we-light-prayer-candles-for-the-dead-catholic-traditions-and-modern-memorial-ideas,2026-03-20T00:32:53-05:00,https://funeral.com/sitemap_blogs_1.xml
https://funeral.com/blogs/the-journal/sympathy-messages-that-don-t-sound-generic-examples-for-cards-texts-and-flowers,2026-03-19T23:26:24-05:00,https://funeral.com/sitemap_blogs_1.xml
https://funeral.com/blogs/the-journal/mourning-colors-beyond-black-cultural-meanings-and-how-to-choose-memorial-colors,2026-01-29T14:32:45-06:00,https://funeral.com/sitemap_blogs_1.xml
https://funeral.com/blogs/the-journal/collecting-ashes-after-cremation-what-happens-next-and-what-you-can-do-with-them,2026-01-29T14:32:47-06:00,https://funeral.com/sitemap_blogs_1.xml
https://funeral.com/blogs/the-journal/condolencias-en-espanol-100-short-sympathy-messages-for-cards-flowers-and-funeral-ribbons,2026-03-21T17:12:33-05:00,https://funeral.com/sitemap_blogs_1.xml
https://funeral.com/blogs/the-journal/biodegradable-urns-living-urns-how-they-work-costs-and-what-to-expect,2026-01-29T14:32:50-06:00,https://funeral.com/sitemap_blogs_1.xml
https://funeral.com/blogs/the-journal/condolence-messages-for-the-loss-of-a-mother-50-examples-short-religious-and-professional,2026-03-05T06:22:53-06:00,https://funeral.com/sitemap_blogs_1.xml
https://funeral.com/blogs/the-journal/adult-cremation-urns-how-to-choose-the-right-full-size-urn-capacity-materials-and-shopping-tips,2026-01-29T14:32:53-06:00,https://funeral.com/sitemap_blogs_1.xml
https://funeral.com/blogs/the-journal/memorial-verses-and-funeral-quotes-what-to-write-on-memorial-cards-programs-and-keepsakes,2026-03-11T02:12:41-05:00,https://funeral.com/sitemap_blogs_1.xml
https://funeral.com/blogs/the-journal/10-meaningful-things-to-do-with-ashes-after-cremation-ideas-costs-and-how-to-choose,2026-01-29T14:32:57-06:00,https://funeral.com/sitemap_blogs_1.xml
https://funeral.com/blogs/the-journal/are-cremation-ashes-biodegradable-what-they-re-made-of-and-how-biodegradable-urns-really-work,2026-01-29T14:32:59-06:00,https://funeral.com/sitemap_blogs_1.xml
https://funeral.com/blogs/the-journal/how-much-do-cremation-ashes-weigh-urn-size-rules-volume-estimates-and-simple-calculators,2026-01-29T14:33:00-06:00,https://funeral.com/sitemap_blogs_1.xml
https://funeral.com/blogs/the-journal/which-religions-allow-cremation-a-u-s-focused-guide-to-faith-based-beliefs-and-what-to-do-with-the-ashes,2026-01-29T14:33:02-06:00,https://funeral.com/sitemap_blogs_1.xml
https://funeral.com/blogs/the-journal/how-to-create-an-at-home-memorial-or-grief-shrine-10-comforting-ideas,2026-01-29T14:33:03-06:00,https://funeral.com/sitemap_blogs_1.xml
https://funeral.com/blogs/the-journal/storing-and-sharing-cremation-ashes-keeping-a-portion-burial-rules-and-keepsake-urns,2026-01-29T14:33:05-06:00,https://funeral.com/sitemap_blogs_1.xml
https://funeral.com/blogs/the-journal/collecting-ashes-after-cremation-who-can-pick-them-up-what-to-bring-and-what-happens-next,2026-01-29T14:33:06-06:00,https://funeral.com/sitemap_blogs_1.xml
https://funeral.com/blogs/the-journal/30-condolence-messages-in-spanish-what-to-say-and-what-to-avoid,2026-03-06T18:50:54-06:00,https://funeral.com/sitemap_blogs_1.xml
https://funeral.com/blogs/the-journal/ritual-space-101-how-to-create-a-sacred-place-for-grief-at-home-and-what-to-expect-at-a-graveside-service,2026-01-29T14:33:10-06:00,https://funeral.com/sitemap_blogs_1.xml
https://funeral.com/blogs/the-journal/bereavement-gift-ideas-that-actually-help-what-to-send-do-and-avoid,2026-01-29T14:33:12-06:00,https://funeral.com/sitemap_blogs_1.xml
https://funeral.com/blogs/the-journal/how-to-choose-the-right-pet-urn-size-guide-materials-and-top-memorial-styles,2026-01-29T14:33:14-06:00,https://funeral.com/sitemap_blogs_1.xml
https://funeral.com/blogs/the-journal/choosing-a-cremation-urn-size-material-price-and-columbarium-niche-tips,2026-01-29T14:33:15-06:00,https://funeral.com/sitemap_blogs_1.xml
https://funeral.com/blogs/the-journal/cremation-cemetery-memorial-options-columbarium-niches-urn-gardens-benches-and-more,2026-01-29T14:33:16-06:00,https://funeral.com/sitemap_blogs_1.xml
https://funeral.com/blogs/the-journal/types-of-cremation-urns-and-which-last-longest-metal-wood-ceramic-biodegradable-keepsakes,2026-01-29T14:33:18-06:00,https://funeral.com/sitemap_blogs_1.xml
https://funeral.com/blogs/the-journal/companion-urns-for-couples-sizes-two-chamber-vs-single-materials-and-personalization-ideas,2026-01-29T14:33:20-06:00,https://funeral.com/sitemap_blogs_1.xml
https://funeral.com/blogs/the-journal/personalized-gold-memorial-necklaces-name-pendants-lockets-and-cremation-jewelry-compared,2026-01-29T14:33:22-06:00,https://funeral.com/sitemap_blogs_1.xml
https://funeral.com/blogs/the-journal/custom-cremation-urns-photo-urns-3d-printed-designs-engraving-proofs-and-lead-times,2026-01-29T14:33:23-06:00,https://funeral.com/sitemap_blogs_1.xml
https://funeral.com/blogs/the-journal/how-to-choose-a-pet-urn-types-sizes-personalization-and-where-to-buy,2026-01-29T14:33:24-06:00,https://funeral.com/sitemap_blogs_1.xml
https://funeral.com/blogs/the-journal/cremation-urn-materials-styles-a-u-s-buyer-s-guide-to-types-durability-and-which-urns-can-be-buried,2026-01-29T14:33:26-06:00,https://funeral.com/sitemap_blogs_1.xml
https://funeral.com/blogs/the-journal/unique-artistic-cremation-urns-best-styles-materials-and-where-to-shop-for-one-of-a-kind-designs,2026-01-29T14:33:27-06:00,https://funeral.com/sitemap_blogs_1.xml
https://funeral.com/blogs/the-journal/infant-child-urns-how-to-choose-the-right-size-style-and-memorial-option-a-compassionate-guide,2026-01-29T14:33:29-06:00,https://funeral.com/sitemap_blogs_1.xml
https://funeral.com/blogs/the-journal/biodegradable-urns-explained-types-materials-costs-and-how-eco-living-urns-work,2026-01-29T14:33:30-06:00,https://funeral.com/sitemap_blogs_1.xml
https://funeral.com/blogs/the-journal/pet-urns-101-choosing-the-right-memorial-cremation-boxes-keepsakes-and-custom-options,2026-01-29T14:33:32-06:00,https://funeral.com/sitemap_blogs_1.xml
https://funeral.com/blogs/the-journal/keepsake-mini-urns-how-much-they-hold-how-to-split-ashes-and-best-styles-to-buy,2026-01-29T14:33:33-06:00,https://funeral.com/sitemap_blogs_1.xml
https://funeral.com/blogs/the-journal/cremation-urn-buying-guide-types-of-urns-materials-prices-and-biodegradable-options,2026-01-29T14:33:34-06:00,https://funeral.com/sitemap_blogs_1.xml
https://funeral.com/blogs/the-journal/complete-guide-to-cremation-urns-types-sizes-best-sellers-keepsakes-companion-urns-and-burial-options,2026-01-29T14:34:57-06:00,https://funeral.com/sitemap_blogs_1.xml
https://funeral.com/blogs/the-journal/motorcycle-cremation-urns-styles-personalization-and-where-to-buy,2026-01-29T14:34:58-06:00,https://funeral.com/sitemap_blogs_1.xml
https://funeral.com/blogs/the-journal/companion-urns-for-couples-sizes-styles-and-how-to-choose-the-right-two-person-urn,2026-01-29T14:35:00-06:00,https://funeral.com/sitemap_blogs_1.xml
https://funeral.com/blogs/the-journal/what-size-urn-do-i-need-urn-size-calculator-cubic-inches-and-burial-basics,2026-07-29T03:51:08-05:00,https://funeral.com/sitemap_blogs_1.xml
https://funeral.com/blogs/the-journal/keepsake-urns-101-mini-urns-sharing-ashes-personalization-and-safe-display,2026-01-29T14:35:03-06:00,https://funeral.com/sitemap_blogs_1.xml
https://funeral.com/blogs/the-journal/fishing-ocean-themed-cremation-urns-designs-for-anglers-sea-memorials-and-reef-options,2026-01-29T14:35:05-06:00,https://funeral.com/sitemap_blogs_1.xml
https://funeral.com/blogs/the-journal/urn-alternatives-and-unique-memorials-30-creative-ways-to-keep-or-scatter-ashes,2026-01-29T14:35:07-06:00,https://funeral.com/sitemap_blogs_1.xml
https://funeral.com/blogs/the-journal/custom-cremation-urns-photo-engraved-fully-personalized-memorial-urns-buying-guide,2026-01-29T14:35:09-06:00,https://funeral.com/sitemap_blogs_1.xml
https://funeral.com/blogs/the-journal/choosing-the-right-cremation-urn-materials-sizes-sealing-personalization-and-cost,2026-01-29T14:35:11-06:00,https://funeral.com/sitemap_blogs_1.xml
https://funeral.com/blogs/the-journal/different-types-of-cremation-urns-materials-styles-and-which-last-the-longest,2026-01-29T14:35:13-06:00,https://funeral.com/sitemap_blogs_1.xml
https://funeral.com/blogs/the-journal/pet-urns-for-dogs-and-cats-size-style-and-where-to-buy-online-vs-local,2026-01-29T14:35:14-06:00,https://funeral.com/sitemap_blogs_1.xml
https://funeral.com/blogs/the-journal/best-places-to-buy-cremation-urns-online-specialty-shops-vs-amazon-vs-funeral-homes,2026-01-29T14:35:16-06:00,https://funeral.com/sitemap_blogs_1.xml
https://funeral.com/blogs/the-journal/angel-cremation-urns-angel-wings-keepsakes-meaning-styles-and-how-to-choose,2026-01-29T14:35:18-06:00,https://funeral.com/sitemap_blogs_1.xml
https://funeral.com/blogs/the-journal/where-to-buy-an-urn-for-ashes-online-vs-funeral-home-amazon-tips-red-flags,2026-01-29T14:35:19-06:00,https://funeral.com/sitemap_blogs_1.xml
https://funeral.com/blogs/the-journal/engraved-personalized-cremation-urns-engraving-methods-photo-options-costs-and-what-to-expect,2026-01-29T14:35:21-06:00,https://funeral.com/sitemap_blogs_1.xml
https://funeral.com/blogs/the-journal/motorcycle-cremation-urns-last-ride-memorials-custom-gas-tank-urns-where-to-buy,2026-01-29T14:35:22-06:00,https://funeral.com/sitemap_blogs_1.xml
https://funeral.com/blogs/the-journal/engravable-cremation-urns-engraving-methods-pricing-and-where-to-buy,2026-01-29T14:35:24-06:00,https://funeral.com/sitemap_blogs_1.xml
https://funeral.com/blogs/the-journal/teardrop-cremation-necklace-guide-styles-materials-and-how-much-ashes-it-holds,2026-01-29T14:35:25-06:00,https://funeral.com/sitemap_blogs_1.xml
https://funeral.com/blogs/the-journal/cremation-urn-size-guide-how-many-cubic-inches-you-need-plus-an-easy-calculator,2026-01-29T14:35:26-06:00,https://funeral.com/sitemap_blogs_1.xml
https://funeral.com/blogs/the-journal/custom-personalized-cremation-urns-photo-engraving-and-unique-memorialization-ideas,2026-01-29T14:35:27-06:00,https://funeral.com/sitemap_blogs_1.xml
https://funeral.com/blogs/the-journal/green-burial-vs-cremation-eco-friendly-options-including-natural-burial-and-human-composting,2026-01-29T14:35:30-06:00,https://funeral.com/sitemap_blogs_1.xml
https://funeral.com/blogs/the-journal/cremation-bracelets-for-ashes-styles-materials-men-s-options-and-how-they-re-sealed,2026-01-29T14:35:32-06:00,https://funeral.com/sitemap_blogs_1.xml
https://funeral.com/blogs/the-journal/famous-mothers-and-their-memorials-15-iconic-moms-and-how-they-re-remembered,2026-01-29T14:35:33-06:00,https://funeral.com/sitemap_blogs_1.xml
https://funeral.com/blogs/the-journal/memorial-music-boxes-and-music-box-urns-personalized-keepsakes-that-play-a-meaningful-song,2026-03-21T23:16:42-05:00,https://funeral.com/sitemap_blogs_1.xml
https://funeral.com/blogs/the-journal/military-and-veteran-cremation-urns-va-commemorative-urn-plaque-branch-emblems-and-burial-benefits,2026-01-29T14:35:36-06:00,https://funeral.com/sitemap_blogs_1.xml
https://funeral.com/blogs/the-journal/glass-cremation-urns-for-ashes-crystal-styles-art-glass-designs-pros-cons-and-care-tips,2026-01-29T14:35:38-06:00,https://funeral.com/sitemap_blogs_1.xml
https://funeral.com/blogs/the-journal/cremation-urn-materials-styles-guide-what-can-be-buried-plus-ceramic-wood-and-lighthouse-designs,2026-01-29T14:35:39-06:00,https://funeral.com/sitemap_blogs_1.xml
https://funeral.com/blogs/the-journal/cremation-jewelry-guide-is-it-a-good-idea-how-it-s-filled-and-what-to-look-for-when-buying,2026-01-29T14:35:41-06:00,https://funeral.com/sitemap_blogs_1.xml
https://funeral.com/blogs/the-journal/how-much-do-cremation-urns-cost-typical-prices-ways-to-save,2026-01-29T14:35:43-06:00,https://funeral.com/sitemap_blogs_1.xml
https://funeral.com/blogs/the-journal/choosing-an-urn-to-honor-mom-meaningful-styles-personalization-ideas-and-comforting-wording,2026-01-29T14:35:45-06:00,https://funeral.com/sitemap_blogs_1.xml
https://funeral.com/blogs/the-journal/who-has-the-legal-right-to-cremation-ashes-ownership-uncollected-remains-and-common-disputes,2026-03-20T00:51:57-05:00,https://funeral.com/sitemap_blogs_1.xml
https://funeral.com/blogs/the-journal/biodegradable-ocean-water-burial-urns-how-they-work-sea-scattering-tips-and-best-options,2026-01-29T14:35:48-06:00,https://funeral.com/sitemap_blogs_1.xml
https://funeral.com/blogs/the-journal/unique-urns-and-artistic-memorials-unusual-designs-keepsakes-made-from-ashes-and-where-to-buy,2026-01-29T14:35:49-06:00,https://funeral.com/sitemap_blogs_1.xml
https://funeral.com/blogs/the-journal/does-hobby-lobby-sell-cremation-urns-safe-alternatives-where-to-buy,2026-01-29T14:35:51-06:00,https://funeral.com/sitemap_blogs_1.xml
https://funeral.com/blogs/the-journal/what-size-cremation-urn-do-you-need-adult-child-pet-companion-guide,2026-01-29T14:35:53-06:00,https://funeral.com/sitemap_blogs_1.xml
https://funeral.com/blogs/the-journal/urn-size-calculator-convert-weight-height-amp-frame-to-the-right-capacity,2026-01-29T14:35:54-06:00,https://funeral.com/sitemap_blogs_1.xml
https://funeral.com/blogs/the-journal/cremation-cost-vs-burial-average-prices-hidden-fees-green-options,2026-01-29T14:35:56-06:00,https://funeral.com/sitemap_blogs_1.xml
https://funeral.com/blogs/the-journal/choosing-an-urn-online-how-to-read-listings-avoid-size-mistakes-amp-buy-smart,2026-01-29T14:35:58-06:00,https://funeral.com/sitemap_blogs_1.xml
https://funeral.com/blogs/the-journal/what-to-send-instead-of-flowers-20-thoughtful-sympathy-gifts-that-actually-help,2026-03-25T16:25:20-05:00,https://funeral.com/sitemap_blogs_1.xml
https://funeral.com/blogs/the-journal/biodegradable-urns-explained-how-they-work-types-and-when-to-choose-one,2026-01-29T14:36:02-06:00,https://funeral.com/sitemap_blogs_1.xml
https://funeral.com/blogs/the-journal/cremation-rings-how-ash-holding-rings-work-prices-and-care-tips,2026-01-29T14:36:05-06:00,https://funeral.com/sitemap_blogs_1.xml
https://funeral.com/blogs/the-journal/keepsake-urn-vs-full-size-urn-why-families-choose-to-share-ashes,2026-01-29T14:36:08-06:00,https://funeral.com/sitemap_blogs_1.xml
https://funeral.com/blogs/the-journal/which-urn-materials-last-the-longest-metal-vs-wood-vs-ceramic-vs-biodegradable,2026-01-29T14:36:10-06:00,https://funeral.com/sitemap_blogs_1.xml
https://funeral.com/blogs/the-journal/do-cremation-ashes-expire-how-long-they-last-and-how-to-store-them,2026-01-29T14:36:13-06:00,https://funeral.com/sitemap_blogs_1.xml
https://funeral.com/blogs/the-journal/small-tiny-urns-for-ashes-when-to-choose-a-mini-or-sharing-urn,2026-01-29T14:36:16-06:00,https://funeral.com/sitemap_blogs_1.xml
https://funeral.com/blogs/the-journal/can-you-use-a-hobby-store-container-as-an-urn-safety-seals-and-rules,2026-01-29T14:36:18-06:00,https://funeral.com/sitemap_blogs_1.xml
https://funeral.com/blogs/the-journal/is-it-legal-to-open-an-urn-common-us-rules-and-how-to-do-it-safely,2026-01-29T14:36:19-06:00,https://funeral.com/sitemap_blogs_1.xml
https://funeral.com/blogs/the-journal/sympathy-gifts-that-aren-t-flowers-practical-personal-and-lasting-ideas,2026-01-29T14:36:21-06:00,https://funeral.com/sitemap_blogs_1.xml
https://funeral.com/blogs/the-journal/roadside-memorials-meaning-laws-and-safer-ways-to-remember-a-loved-one,2026-01-29T14:36:23-06:00,https://funeral.com/sitemap_blogs_1.xml
https://funeral.com/blogs/the-journal/cremation-jewelry-101-necklaces-rings-and-charms-that-hold-ashes-plus-filling-tips,2026-01-29T14:36:24-06:00,https://funeral.com/sitemap_blogs_1.xml
https://funeral.com/blogs/the-journal/choosing-an-urn-material-metal-vs-wood-vs-ceramic-vs-biodegradable-pros-cons-care,2026-01-29T14:36:26-06:00,https://funeral.com/sitemap_blogs_1.xml
https://funeral.com/blogs/the-journal/which-urns-last-the-longest-durability-by-material-outdoor-use-and-burial-protection,2026-03-18T22:58:41-05:00,https://funeral.com/sitemap_blogs_1.xml
https://funeral.com/blogs/the-journal/keepsake-urns-how-mini-urns-work-what-they-hold-and-how-to-choose-one,2026-01-29T14:36:29-06:00,https://funeral.com/sitemap_blogs_1.xml
https://funeral.com/blogs/the-journal/cremation-necklace-guide-types-materials-seals-and-how-to-choose-the-right-urn-pendant,2026-01-29T14:36:31-06:00,https://funeral.com/sitemap_blogs_1.xml
https://funeral.com/blogs/the-journal/wicker-caskets-and-willow-coffins-costs-green-burial-benefits-and-what-to-know-before-buying,2026-03-21T00:42:46-05:00,https://funeral.com/sitemap_blogs_1.xml
https://funeral.com/blogs/the-journal/red-cremation-urns-meaning-best-materials-and-beautiful-styles-for-adults-keepsakes-and-companion-urns,2026-01-29T14:36:34-06:00,https://funeral.com/sitemap_blogs_1.xml
https://funeral.com/blogs/the-journal/angel-urns-for-ashes-popular-designs-materials-prices-and-how-to-choose-an-angel-themed-memorial,2026-01-29T14:36:36-06:00,https://funeral.com/sitemap_blogs_1.xml
https://funeral.com/blogs/the-journal/memorial-reefs-explained-how-eternal-reefs-and-reef-memorials-turn-ashes-into-a-living-ocean-tribute,2026-01-29T14:36:37-06:00,https://funeral.com/sitemap_blogs_1.xml
https://funeral.com/blogs/the-journal/keepsake-urns-explained-sizes-filling-steps-costs-and-sharing-ashes,2026-01-29T14:36:39-06:00,https://funeral.com/sitemap_blogs_1.xml
https://funeral.com/blogs/the-journal/can-you-open-the-temporary-container-what-families-should-know-before-they-try,2026-01-29T14:36:42-06:00,https://funeral.com/sitemap_blogs_1.xml
https://funeral.com/blogs/the-journal/pet-urn-size-by-weight-and-by-dog-breed-a-calculator-size-chart-families-can-trust,2026-01-29T14:36:43-06:00,https://funeral.com/sitemap_blogs_1.xml
https://funeral.com/blogs/the-journal/engraved-urn-nameplates-and-plaques-wording-ideas-materials-and-how-to-order-the-right-fit,2026-03-13T04:22:01-05:00,https://funeral.com/sitemap_blogs_1.xml
https://funeral.com/blogs/the-journal/urn-size-guide-humans-how-much-ash-is-left-after-cremation-and-what-size-urn-do-you-need,2026-01-29T14:36:48-06:00,https://funeral.com/sitemap_blogs_1.xml
https://funeral.com/blogs/the-journal/what-to-do-with-cremation-ashes-15-meaningful-options-from-keepsakes-to-stones-reefs-and-scattering,2026-01-29T14:36:50-06:00,https://funeral.com/sitemap_blogs_1.xml
https://funeral.com/blogs/the-journal/keepsake-urns-explained-how-much-they-hold-how-to-split-ashes-and-what-families-do-most-often,2026-01-29T14:36:53-06:00,https://funeral.com/sitemap_blogs_1.xml
https://funeral.com/blogs/the-journal/can-you-fly-with-cremated-ashes-tsa-screening-documents-and-the-best-travel-containers,2026-01-29T14:36:55-06:00,https://funeral.com/sitemap_blogs_1.xml
https://funeral.com/blogs/the-journal/cremation-jewelry-101-how-it-s-filled-sealed-and-worn-safely-necklaces-rings-bracelets,2026-01-29T14:36:56-06:00,https://funeral.com/sitemap_blogs_1.xml
https://funeral.com/blogs/the-journal/can-you-keep-cremation-ashes-at-home-in-poland-and-europe-legal-basics-practical-tips,2026-03-21T19:52:49-05:00,https://funeral.com/sitemap_blogs_1.xml
https://funeral.com/blogs/the-journal/what-to-do-if-you-accidentally-spill-ashes-cleaning-steps-what-s-safe-what-to-avoid,2026-03-21T21:27:31-05:00,https://funeral.com/sitemap_blogs_1.xml
https://funeral.com/blogs/the-journal/keeping-ashes-at-home-pros-cons-safety-and-cultural-considerations-australia-beyond,2026-03-24T23:35:06-05:00,https://funeral.com/sitemap_blogs_1.xml
https://funeral.com/blogs/the-journal/what-happens-at-a-cremation-service-ceremony-options-timeline-and-etiquette,2026-01-29T14:37:03-06:00,https://funeral.com/sitemap_blogs_1.xml
https://funeral.com/blogs/the-journal/pet-keepsake-urns-for-sharing-ashes-ideas-for-siblings-households-and-travel-keepsakes,2026-01-29T14:37:04-06:00,https://funeral.com/sitemap_blogs_1.xml
https://funeral.com/blogs/the-journal/how-long-does-a-cremation-urn-last-material-lifespan-care-tips-and-when-to-replace,2026-01-29T14:37:06-06:00,https://funeral.com/sitemap_blogs_1.xml
https://funeral.com/blogs/the-journal/cremation-urn-101-types-of-urns-keepsakes-and-where-the-ashes-can-be-placed,2026-01-29T14:37:08-06:00,https://funeral.com/sitemap_blogs_1.xml
https://funeral.com/blogs/the-journal/how-to-transfer-ashes-into-an-urn-without-spills-tools-setup-cleanup-when-to-ask-the-funeral-home,2026-01-29T14:37:10-06:00,https://funeral.com/sitemap_blogs_1.xml
https://funeral.com/blogs/the-journal/ceramic-urns-for-ashes-benefits-drawbacks-and-how-to-choose-the-right-one,2026-01-29T14:37:12-06:00,https://funeral.com/sitemap_blogs_1.xml
https://funeral.com/blogs/the-journal/photo-pet-urns-how-to-choose-the-right-frame-print-size-and-engraving-wording,2026-01-29T14:37:14-06:00,https://funeral.com/sitemap_blogs_1.xml
https://funeral.com/blogs/the-journal/rainbow-bridge-memorial-ideas-that-don-t-feel-generic-ceremony-scripts-kids-keepsakes,2026-01-29T14:37:16-06:00,https://funeral.com/sitemap_blogs_1.xml
https://funeral.com/blogs/the-journal/laser-engraved-glass-gifts-and-memorials-best-glass-types-design-ideas-and-care,2026-01-29T14:37:17-06:00,https://funeral.com/sitemap_blogs_1.xml
https://funeral.com/blogs/the-journal/scatter-or-bury-ashes-pros-cons-costs-and-practical-planning-tips,2026-01-29T14:37:19-06:00,https://funeral.com/sitemap_blogs_1.xml
https://funeral.com/blogs/the-journal/cremation-bracelets-for-ashes-types-how-they-work-pros-cons-and-buying-tips,2026-01-29T14:37:21-06:00,https://funeral.com/sitemap_blogs_1.xml
https://funeral.com/blogs/the-journal/which-urn-material-lasts-the-longest-durability-of-metal-wood-ceramic-stone-biodegradable-options,2026-01-29T14:37:22-06:00,https://funeral.com/sitemap_blogs_1.xml
https://funeral.com/blogs/the-journal/flying-with-cremated-remains-and-memorial-jewelry-tsa-rules-airline-tips-and-a-packing-checklist,2026-01-29T14:37:23-06:00,https://funeral.com/sitemap_blogs_1.xml
https://funeral.com/blogs/the-journal/urn-size-for-labrador-retriever-weight-range-recommended-cubic-inches-and-when-to-size-up,2026-01-29T14:37:25-06:00,https://funeral.com/sitemap_blogs_1.xml
https://funeral.com/blogs/the-journal/scattering-vs-water-burial-vs-burial-which-urn-type-fits-each-plan,2026-01-29T14:37:28-06:00,https://funeral.com/sitemap_blogs_1.xml
https://funeral.com/blogs/the-journal/pet-cremation-costs-private-vs-communal-what-you-receive-and-what-affects-price,2026-01-29T14:37:29-06:00,https://funeral.com/sitemap_blogs_1.xml
https://funeral.com/blogs/the-journal/what-documents-families-actually-need-after-a-death-cremation-authorization-death-certificates-permits,2026-01-29T14:37:31-06:00,https://funeral.com/sitemap_blogs_1.xml
https://funeral.com/blogs/the-journal/cremation-timeline-how-long-it-takes-when-you-get-ashes-and-what-delays-it,2026-01-29T14:37:32-06:00,https://funeral.com/sitemap_blogs_1.xml
https://funeral.com/blogs/the-journal/keepsake-urns-101-sizes-seals-and-how-to-open-one-respectfully,2026-01-29T14:37:34-06:00,https://funeral.com/sitemap_blogs_1.xml
https://funeral.com/blogs/the-journal/interment-words-and-funeral-terminology-a-simple-glossary-for-cremation-and-burial-planning,2026-01-29T14:37:36-06:00,https://funeral.com/sitemap_blogs_1.xml
https://funeral.com/blogs/the-journal/do-you-have-to-buy-an-urn-from-the-funeral-home-your-rights-and-options,2026-01-29T14:37:38-06:00,https://funeral.com/sitemap_blogs_1.xml
https://funeral.com/blogs/the-journal/inurnment-vs-inurement-what-inurnment-means-and-how-an-inurnment-ceremony-works,2026-03-17T23:56:56-05:00,https://funeral.com/sitemap_blogs_1.xml
https://funeral.com/blogs/the-journal/cremation-costs-breakdown-average-us-prices-fees-and-add-ons-to-watch,2026-01-29T14:37:43-06:00,https://funeral.com/sitemap_blogs_1.xml
https://funeral.com/blogs/the-journal/when-a-cardinal-appears-sympathy-quotes-and-messages-about-loved-ones,2026-01-29T14:37:45-06:00,https://funeral.com/sitemap_blogs_1.xml
https://funeral.com/blogs/the-journal/small-mini-urns-for-human-ashes-what-sizes-mean-and-when-to-use-them,2026-01-29T14:37:47-06:00,https://funeral.com/sitemap_blogs_1.xml
https://funeral.com/blogs/the-journal/cardinals-and-grief-meaning-symbolism-and-what-to-say-without-being-awkward,2026-01-29T14:37:49-06:00,https://funeral.com/sitemap_blogs_1.xml
https://funeral.com/blogs/the-journal/what-is-an-urn-meaning-uses-and-how-keepsake-urns-differ,2026-01-29T14:37:51-06:00,https://funeral.com/sitemap_blogs_1.xml
https://funeral.com/blogs/the-journal/is-it-legal-to-scatter-ashes-u-s-rules-for-beaches-parks-private-land-and-burial-at-sea,2026-01-29T14:37:52-06:00,https://funeral.com/sitemap_blogs_1.xml
https://funeral.com/blogs/the-journal/what-are-cremation-ashes-made-of-the-simple-science-behind-ashes,2026-01-29T14:37:54-06:00,https://funeral.com/sitemap_blogs_1.xml
https://funeral.com/blogs/the-journal/cremation-urn-sizes-made-simple-capacity-chart-calculator-for-adults-kids-and-pets,2026-01-29T14:37:56-06:00,https://funeral.com/sitemap_blogs_1.xml
https://funeral.com/blogs/the-journal/urn-vaults-101-do-you-need-a-vault-to-bury-a-cremation-urn,2026-01-29T14:38:44-06:00,https://funeral.com/sitemap_blogs_1.xml
https://funeral.com/blogs/the-journal/how-long-do-urns-last-lifespan-by-material-burial-conditions-and-care-tips,2026-01-29T14:38:46-06:00,https://funeral.com/sitemap_blogs_1.xml
https://funeral.com/blogs/the-journal/inurnment-meaning-what-happens-at-a-columbarium-inurnment-ceremony,2026-03-08T21:22:56-05:00,https://funeral.com/sitemap_blogs_1.xml
https://funeral.com/blogs/the-journal/cremation-urn-size-calculator-estimate-capacity-from-body-weight-and-avoid-common-sizing-mistakes,2026-01-29T14:38:52-06:00,https://funeral.com/sitemap_blogs_1.xml
https://funeral.com/blogs/the-journal/keepsakes-cremation-jewelry-how-much-ashes-you-need-and-how-to-share-safely,2026-01-29T14:38:53-06:00,https://funeral.com/sitemap_blogs_1.xml
https://funeral.com/blogs/the-journal/how-much-ash-is-left-after-cremation-average-cremains-volume-and-how-to-pick-the-right-urn,2026-01-29T14:38:55-06:00,https://funeral.com/sitemap_blogs_1.xml
https://funeral.com/blogs/the-journal/cremation-ashes-explained-what-they-are-and-aren-t-why-they-look-like-sand-and-common-myths,2026-03-20T21:49:28-05:00,https://funeral.com/sitemap_blogs_1.xml
https://funeral.com/blogs/the-journal/what-is-a-burial-shroud-natural-burial-shrouds-carriers-and-how-to-choose,2026-01-29T14:39:01-06:00,https://funeral.com/sitemap_blogs_1.xml
https://funeral.com/blogs/the-journal/alternative-urn-ideas-50-unique-containers-and-memorial-options-for-ashes,2026-03-20T16:57:41-05:00,https://funeral.com/sitemap_blogs_1.xml
https://funeral.com/blogs/the-journal/is-it-okay-to-split-ashes-after-cremation-etiquette-religion-and-practical-tips,2026-01-29T14:39:04-06:00,https://funeral.com/sitemap_blogs_1.xml
https://funeral.com/blogs/the-journal/what-size-urn-for-an-adult-capacity-basics-common-ranges-and-when-to-go-oversized,2026-01-29T14:39:07-06:00,https://funeral.com/sitemap_blogs_1.xml
https://funeral.com/blogs/the-journal/what-to-send-instead-of-flowers-sympathy-gifts-that-feel-helpful-not-random,2026-03-17T23:33:48-05:00,https://funeral.com/sitemap_blogs_1.xml
https://funeral.com/blogs/the-journal/cemetery-urn-requirements-vaults-materials-niche-sizes-and-what-to-ask-before-you-buy,2026-01-29T14:39:12-06:00,https://funeral.com/sitemap_blogs_1.xml
https://funeral.com/blogs/the-journal/what-are-cremation-ashes-made-of-what-cremains-really-are-and-why-they-look-the-way-they-do,2026-03-18T23:43:27-05:00,https://funeral.com/sitemap_blogs_1.xml
https://funeral.com/blogs/the-journal/how-much-ashes-are-left-after-cremation-typical-amounts-for-adults-children-and-pets,2026-01-29T14:39:16-06:00,https://funeral.com/sitemap_blogs_1.xml
https://funeral.com/blogs/the-journal/cheapest-way-to-be-cremated-direct-cremation-assistance-programs-and-cost-saving-tips,2026-01-29T14:39:18-06:00,https://funeral.com/sitemap_blogs_1.xml
https://funeral.com/blogs/the-journal/does-cremation-happen-before-or-after-the-funeral-a-clear-timeline-plus-common-exceptions,2026-01-29T14:39:20-06:00,https://funeral.com/sitemap_blogs_1.xml
https://funeral.com/blogs/the-journal/memorial-quotes-for-plaques-and-headstones-100-short-meaningful-inscriptions,2026-03-11T19:51:23-05:00,https://funeral.com/sitemap_blogs_1.xml
https://funeral.com/blogs/the-journal/are-cremation-ashes-bad-for-the-environment-scattering-at-sea-soil-and-best-practices,2026-01-29T14:39:24-06:00,https://funeral.com/sitemap_blogs_1.xml
https://funeral.com/blogs/the-journal/unique-ash-scattering-storage-ideas-creative-alternatives-to-the-traditional-urn,2026-01-29T14:39:26-06:00,https://funeral.com/sitemap_blogs_1.xml
https://funeral.com/blogs/the-journal/funeral-etiquette-for-immediate-family-seating-duties-and-what-to-do-guide,2026-03-18T17:26:59-05:00,https://funeral.com/sitemap_blogs_1.xml
https://funeral.com/blogs/the-journal/minnesota-cremation-guide-costs-laws-options,2026-01-29T14:39:32-06:00,https://funeral.com/sitemap_blogs_1.xml
https://funeral.com/blogs/the-journal/does-hobby-lobby-sell-cremation-urns-what-you-ll-actually-find-and-safer-options,2026-01-29T14:39:33-06:00,https://funeral.com/sitemap_blogs_1.xml
https://funeral.com/blogs/the-journal/mississippi-cremation-guide-costs-laws-options,2026-05-24T21:46:20-05:00,https://funeral.com/sitemap_blogs_1.xml
https://funeral.com/blogs/the-journal/missouri-cremation-guide-costs-laws-options,2026-03-18T00:22:03-05:00,https://funeral.com/sitemap_blogs_1.xml
https://funeral.com/blogs/the-journal/where-to-put-ashes-after-cremation-15-meaningful-options-home-burial-scattering-more,2026-01-29T14:39:40-06:00,https://funeral.com/sitemap_blogs_1.xml
https://funeral.com/blogs/the-journal/montana-cremation-guide-costs-laws-options,2026-01-29T14:39:42-06:00,https://funeral.com/sitemap_blogs_1.xml
https://funeral.com/blogs/the-journal/nebraska-cremation-guide-costs-laws-options,2026-01-29T14:39:43-06:00,https://funeral.com/sitemap_blogs_1.xml
https://funeral.com/blogs/the-journal/what-does-scattering-ashes-symbolize-meaning-traditions-and-ceremony-ideas,2026-01-29T14:39:45-06:00,https://funeral.com/sitemap_blogs_1.xml
https://funeral.com/blogs/the-journal/nevada-cremation-guide-costs-laws-options,2026-05-25T01:46:12-05:00,https://funeral.com/sitemap_blogs_1.xml
https://funeral.com/blogs/the-journal/new-hampshire-cremation-guide-costs-laws-options,2026-01-29T14:39:49-06:00,https://funeral.com/sitemap_blogs_1.xml
https://funeral.com/blogs/the-journal/new-jersey-cremation-guide-costs-laws-options,2026-01-29T14:39:51-06:00,https://funeral.com/sitemap_blogs_1.xml
https://funeral.com/blogs/the-journal/new-mexico-cremation-guide-costs-laws-options,2026-01-29T14:39:53-06:00,https://funeral.com/sitemap_blogs_1.xml
https://funeral.com/blogs/the-journal/new-york-cremation-guide-costs-laws-options,2026-01-29T14:39:55-06:00,https://funeral.com/sitemap_blogs_1.xml
https://funeral.com/blogs/the-journal/north-carolina-cremation-guide-costs-laws-options,2026-06-01T00:13:53-05:00,https://funeral.com/sitemap_blogs_1.xml
https://funeral.com/blogs/the-journal/north-dakota-cremation-guide-costs-laws-options,2026-01-29T14:40:00-06:00,https://funeral.com/sitemap_blogs_1.xml
https://funeral.com/blogs/the-journal/ohio-cremation-guide-costs-laws-options,2026-01-29T14:40:04-06:00,https://funeral.com/sitemap_blogs_1.xml
https://funeral.com/blogs/the-journal/oklahoma-cremation-guide-costs-laws-options,2026-03-21T20:15:04-05:00,https://funeral.com/sitemap_blogs_1.xml
https://funeral.com/blogs/the-journal/oregon-cremation-guide-costs-laws-options,2026-01-29T14:40:08-06:00,https://funeral.com/sitemap_blogs_1.xml
https://funeral.com/blogs/the-journal/pennsylvania-cremation-guide-costs-laws-options,2026-05-25T03:14:40-05:00,https://funeral.com/sitemap_blogs_1.xml
https://funeral.com/blogs/the-journal/rhode-island-cremation-guide-costs-laws-options,2026-01-29T14:40:13-06:00,https://funeral.com/sitemap_blogs_1.xml
https://funeral.com/blogs/the-journal/south-carolina-cremation-guide-costs-laws-options,2026-01-29T14:40:16-06:00,https://funeral.com/sitemap_blogs_1.xml
https://funeral.com/blogs/the-journal/south-dakota-cremation-guide-costs-laws-options,2026-01-29T14:40:19-06:00,https://funeral.com/sitemap_blogs_1.xml
https://funeral.com/blogs/the-journal/tennessee-cremation-guide-costs-laws-options,2026-03-18T20:44:01-05:00,https://funeral.com/sitemap_blogs_1.xml
https://funeral.com/blogs/the-journal/texas-cremation-guide-costs-laws-options,2026-01-29T14:40:23-06:00,https://funeral.com/sitemap_blogs_1.xml
https://funeral.com/blogs/the-journal/utah-cremation-guide-costs-laws-options,2026-01-29T14:40:26-06:00,https://funeral.com/sitemap_blogs_1.xml
https://funeral.com/blogs/the-journal/vermont-cremation-guide-costs-laws-options,2026-01-29T14:40:28-06:00,https://funeral.com/sitemap_blogs_1.xml
https://funeral.com/blogs/the-journal/virginia-cremation-guide-costs-laws-options,2026-03-19T00:58:27-05:00,https://funeral.com/sitemap_blogs_1.xml
https://funeral.com/blogs/the-journal/washington-cremation-guide-costs-laws-options,2026-01-29T14:40:31-06:00,https://funeral.com/sitemap_blogs_1.xml
https://funeral.com/blogs/the-journal/west-virginia-cremation-guide-costs-laws-options,2026-05-25T00:47:20-05:00,https://funeral.com/sitemap_blogs_1.xml
https://funeral.com/blogs/the-journal/wisconsin-cremation-guide-costs-laws-options,2026-03-20T22:06:22-05:00,https://funeral.com/sitemap_blogs_1.xml
https://funeral.com/blogs/the-journal/wyoming-cremation-guide-costs-laws-options,2026-01-29T14:40:37-06:00,https://funeral.com/sitemap_blogs_1.xml
https://funeral.com/blogs/the-journal/funeral-program-examples-order-of-service-layout-wording-and-template-ideas,2026-03-07T23:02:58-06:00,https://funeral.com/sitemap_blogs_1.xml
https://funeral.com/blogs/the-journal/ashes-vs-ashtrays-vs-urns-what-ash-holder-means-and-what-families-actually-need,2026-01-29T14:40:42-06:00,https://funeral.com/sitemap_blogs_1.xml
https://funeral.com/blogs/the-journal/tsa-approved-urns-how-to-fly-with-ashes-what-materials-pass-x-ray-and-packing-tips,2026-03-20T00:57:51-05:00,https://funeral.com/sitemap_blogs_1.xml
https://funeral.com/blogs/the-journal/can-you-be-buried-with-your-partner-couples-plots-double-depth-graves-and-companion-urns,2026-03-08T16:24:53-05:00,https://funeral.com/sitemap_blogs_1.xml
https://funeral.com/blogs/the-journal/marble-and-stone-urns-for-ashes-benefits-weight-care-and-when-to-use-them,2026-01-29T14:40:47-06:00,https://funeral.com/sitemap_blogs_1.xml
https://funeral.com/blogs/the-journal/how-much-do-cremation-urns-cost-price-ranges-costco-walmart-options-and-where-to-buy,2026-03-12T00:03:15-05:00,https://funeral.com/sitemap_blogs_1.xml
https://funeral.com/blogs/the-journal/how-people-honor-the-dead-around-the-world-traditions-rituals-and-modern-memorial-ideas,2026-01-29T14:40:54-06:00,https://funeral.com/sitemap_blogs_1.xml
https://funeral.com/blogs/the-journal/how-much-ash-is-left-after-cremation-average-weight-volume-urn-fit,2026-01-29T14:40:56-06:00,https://funeral.com/sitemap_blogs_1.xml
https://funeral.com/blogs/the-journal/how-much-ash-fits-in-a-heart-keepsake-urn,2026-01-29T14:40:58-06:00,https://funeral.com/sitemap_blogs_1.xml
https://funeral.com/blogs/the-journal/fishing-urns-and-outdoor-themed-memorials-gone-fishing-urns-keepsakes-and-reef-memorials,2026-01-29T14:41:00-06:00,https://funeral.com/sitemap_blogs_1.xml
https://funeral.com/blogs/the-journal/burying-cremation-ashes-cemetery-vs-backyard-depth-containers-and-permits,2026-01-29T14:41:02-06:00,https://funeral.com/sitemap_blogs_1.xml
https://funeral.com/blogs/the-journal/raider-s-urn-search-results-explained-elden-ring-item-vs-raiders-football-cremation-urns,2026-01-29T14:41:04-06:00,https://funeral.com/sitemap_blogs_1.xml
https://funeral.com/blogs/the-journal/best-urn-material-for-home-display-what-holds-up-best-in-real-life,2026-01-29T14:41:05-06:00,https://funeral.com/sitemap_blogs_1.xml
https://funeral.com/blogs/the-journal/bamboo-coffins-caskets-eco-friendly-options-strength-and-pricing,2026-01-29T14:41:08-06:00,https://funeral.com/sitemap_blogs_1.xml
https://funeral.com/blogs/the-journal/the-ultimate-urn-placement-guide-home-columbarium-niche-burial-scattering,2026-01-29T14:41:10-06:00,https://funeral.com/sitemap_blogs_1.xml
https://funeral.com/blogs/the-journal/columbarium-niche-fit-how-to-measure-the-space-and-choose-an-urn-that-actually-fits,2026-03-18T17:55:56-05:00,https://funeral.com/sitemap_blogs_1.xml
https://funeral.com/blogs/the-journal/how-much-ash-fits-in-a-keepsake-urn-tablespoons-to-cubic-inches-cheat-sheet,2026-01-29T14:41:14-06:00,https://funeral.com/sitemap_blogs_1.xml
https://funeral.com/blogs/the-journal/one-loved-one-many-keepsakes-a-calm-plan-for-dividing-ashes-across-family-without-regret-later,2026-01-29T14:41:16-06:00,https://funeral.com/sitemap_blogs_1.xml
https://funeral.com/blogs/the-journal/cremation-jewelry-closures-compared-screw-threaded-chamber-permanent-seal-resin-inlay,2026-01-29T14:41:18-06:00,https://funeral.com/sitemap_blogs_1.xml
https://funeral.com/blogs/the-journal/international-travel-with-ashes-documents-airline-variation-and-re-entering-the-u-s,2026-01-29T14:41:20-06:00,https://funeral.com/sitemap_blogs_1.xml
https://funeral.com/blogs/the-journal/water-burial-and-burial-at-sea-what-3-nautical-miles-means-and-how-families-plan-the-moment,2026-01-29T14:41:22-06:00,https://funeral.com/sitemap_blogs_1.xml
https://funeral.com/blogs/the-journal/funeral-etiquette-for-immediate-family-seating-procession-order-what-to-say,2026-01-29T14:41:23-06:00,https://funeral.com/sitemap_blogs_1.xml
https://funeral.com/blogs/the-journal/urn-engraving-character-limits-line-breaks-and-fonts-what-to-ask-before-you-order,2026-01-29T14:41:25-06:00,https://funeral.com/sitemap_blogs_1.xml
https://funeral.com/blogs/the-journal/what-to-engrave-on-a-cremation-urn-final-messages-quotes-layout-ideas,2026-01-29T14:41:26-06:00,https://funeral.com/sitemap_blogs_1.xml
https://funeral.com/blogs/the-journal/viewing-vs-visitation-before-cremation-timing-what-to-expect-and-planning-tips,2026-01-29T14:41:28-06:00,https://funeral.com/sitemap_blogs_1.xml
https://funeral.com/blogs/the-journal/funeral-decor-ideas-traditional-touches-and-creative-personal-details,2026-03-11T15:13:43-05:00,https://funeral.com/sitemap_blogs_1.xml
https://funeral.com/blogs/the-journal/where-can-you-scatter-ashes-key-u-s-rules-for-land-water-and-national-parks,2026-01-29T14:41:36-06:00,https://funeral.com/sitemap_blogs_1.xml
https://funeral.com/blogs/the-journal/who-has-the-right-to-cremation-ashes-custody-next-of-kin-and-disputes,2026-01-29T14:41:38-06:00,https://funeral.com/sitemap_blogs_1.xml
https://funeral.com/blogs/the-journal/short-epitaphs-for-urns-and-cremation-jewelry-relationship-based-wording-spouse-parent-child-pet,2026-01-29T14:41:40-06:00,https://funeral.com/sitemap_blogs_1.xml
https://funeral.com/blogs/the-journal/purple-urns-for-ashes-adult-keepsake-styles-symbolism-and-where-to-buy,2026-01-29T14:41:43-06:00,https://funeral.com/sitemap_blogs_1.xml
https://funeral.com/blogs/the-journal/what-to-do-when-the-urn-arrives-a-gentle-first-week-plan-placement-safety-family-conversations,2026-01-29T14:41:44-06:00,https://funeral.com/sitemap_blogs_1.xml
https://funeral.com/blogs/the-journal/angel-urns-for-ashes-adult-and-pet-angel-urn-styles-sizes-and-shopping-tips,2026-03-08T21:24:54-05:00,https://funeral.com/sitemap_blogs_1.xml
https://funeral.com/blogs/the-journal/where-to-buy-an-urn-for-ashes-online-stores-amazon-tips-and-local-memorial-shops,2026-01-29T14:41:48-06:00,https://funeral.com/sitemap_blogs_1.xml
https://funeral.com/blogs/the-journal/long-term-care-humidity-sunlight-accidental-drops-and-where-an-urn-is-safest-in-a-home,2026-01-29T14:41:49-06:00,https://funeral.com/sitemap_blogs_1.xml
https://funeral.com/blogs/the-journal/ceramic-pet-urns-beautiful-memorial-options-for-dogs-cats-and-larger-pets,2026-03-08T21:11:22-05:00,https://funeral.com/sitemap_blogs_1.xml
https://funeral.com/blogs/the-journal/urn-size-for-a-french-bulldog-weight-range-recommended-cubic-inches-and-when-to-size-up,2026-01-29T14:41:53-06:00,https://funeral.com/sitemap_blogs_1.xml
https://funeral.com/blogs/the-journal/mailing-ashes-for-jewelry-usps-rules-box-cre-packaging-and-siftproof-explained,2026-01-29T14:41:55-06:00,https://funeral.com/sitemap_blogs_1.xml
https://funeral.com/blogs/the-journal/pet-urn-size-for-5-lb-cubic-inches-size-up-if,2026-01-29T14:41:56-06:00,https://funeral.com/sitemap_blogs_1.xml
https://funeral.com/blogs/the-journal/funeral-home-price-lists-explained-gpl-cash-advances-and-how-to-compare-quotes-ftc-funeral-rule,2026-03-25T03:13:33-05:00,https://funeral.com/sitemap_blogs_1.xml
https://funeral.com/blogs/the-journal/urn-size-guide-how-much-ash-is-left-after-cremation-and-what-size-urn-do-you-need,2026-01-29T14:41:59-06:00,https://funeral.com/sitemap_blogs_1.xml
https://funeral.com/blogs/the-journal/best-urn-material-for-home-display-humidity-sunlight-accident-risk,2026-01-29T14:42:01-06:00,https://funeral.com/sitemap_blogs_1.xml
https://funeral.com/blogs/the-journal/pet-figurine-urns-how-to-choose-the-right-style-without-getting-size-wrong,2026-01-29T14:42:02-06:00,https://funeral.com/sitemap_blogs_1.xml
https://funeral.com/blogs/the-journal/memorial-quotes-that-comfort-celebration-of-life-sayings-for-cards-urns,2026-03-18T17:38:54-05:00,https://funeral.com/sitemap_blogs_1.xml
https://funeral.com/blogs/the-journal/seeing-a-red-cardinal-at-christmas-meaning-myths-and-what-to-say,2026-01-29T14:42:05-06:00,https://funeral.com/sitemap_blogs_1.xml
https://funeral.com/blogs/the-journal/what-to-do-with-cremation-ashes-besides-an-urn-36-meaningful-ideas,2026-01-29T14:42:08-06:00,https://funeral.com/sitemap_blogs_1.xml
https://funeral.com/blogs/the-journal/what-to-do-with-the-urn-after-scattering-ashes-12-meaningful-options,2026-03-18T22:12:35-05:00,https://funeral.com/sitemap_blogs_1.xml
https://funeral.com/blogs/the-journal/how-to-offer-condolences-what-to-say-what-to-write-and-simple-message-examples,2026-01-29T14:42:13-06:00,https://funeral.com/sitemap_blogs_1.xml
https://funeral.com/blogs/the-journal/family-line-up-at-a-funeral-seating-order-arrival-timing-and-who-walks-where,2026-03-08T16:34:48-05:00,https://funeral.com/sitemap_blogs_1.xml
https://funeral.com/blogs/the-journal/they-re-not-ashes-understanding-cremated-remains-and-safe-scattering-basics,2026-01-29T14:43:43-06:00,https://funeral.com/sitemap_blogs_1.xml
https://funeral.com/blogs/the-journal/burial-urns-101-what-you-need-for-cemetery-or-ground-burial-capacity-vaults-and-rules,2026-01-29T14:43:45-06:00,https://funeral.com/sitemap_blogs_1.xml
https://funeral.com/blogs/the-journal/what-to-do-with-cremation-ashes-options-cremation-urn-terminology-glossary,2026-01-29T14:43:47-06:00,https://funeral.com/sitemap_blogs_1.xml
https://funeral.com/blogs/the-journal/dog-urn-vs-cat-urn-what-s-actually-different-sizing-styles-photo-urns-figurines,2026-01-29T14:43:48-06:00,https://funeral.com/sitemap_blogs_1.xml
https://funeral.com/blogs/the-journal/what-does-scattering-ashes-mean-symbolism-etiquette-and-ash-scattering-ceremony-ideas,2026-01-29T14:43:50-06:00,https://funeral.com/sitemap_blogs_1.xml
https://funeral.com/blogs/the-journal/can-spouses-ashes-be-kept-together-companion-urns-vs-commingling-remains,2026-03-12T20:03:20-05:00,https://funeral.com/sitemap_blogs_1.xml
https://funeral.com/blogs/the-journal/candlelight-vigils-and-remembrance-candles-planning-a-meaningful-and-safe-tribute,2026-05-26T03:05:49-05:00,https://funeral.com/sitemap_blogs_1.xml
https://funeral.com/blogs/the-journal/meaningful-remembrance-gifts-after-a-loss-memory-jars-photo-albums-tree-tributes-and-comforting-rituals,2026-01-29T14:43:56-06:00,https://funeral.com/sitemap_blogs_1.xml
https://funeral.com/blogs/the-journal/can-you-open-a-sealed-cremation-urn-safe-ways-to-check-the-seal-and-what-to-do-if-it-s-glued,2026-03-12T19:15:57-05:00,https://funeral.com/sitemap_blogs_1.xml
https://funeral.com/blogs/the-journal/urn-vs-vase-what-s-the-difference-and-what-is-an-urn-vase-for-flowers-or-ashes,2026-01-29T14:43:59-06:00,https://funeral.com/sitemap_blogs_1.xml
https://funeral.com/blogs/the-journal/best-places-to-keep-or-scatter-cremains-home-display-columbariums-and-nature-options,2026-01-29T14:44:00-06:00,https://funeral.com/sitemap_blogs_1.xml
https://funeral.com/blogs/the-journal/cardinal-sympathy-quotes-comforting-words-and-messages-when-a-loved-one-dies,2026-01-29T14:44:03-06:00,https://funeral.com/sitemap_blogs_1.xml
https://funeral.com/blogs/the-journal/57-meaningful-things-to-do-with-cremation-ashes-keepsakes-jewelry-scattering-and-more,2026-01-29T14:44:04-06:00,https://funeral.com/sitemap_blogs_1.xml
https://funeral.com/blogs/the-journal/keepsake-capacity-by-item-type-how-much-ash-fits-and-what-it-really-means,2026-01-29T14:44:06-06:00,https://funeral.com/sitemap_blogs_1.xml
https://funeral.com/blogs/the-journal/why-do-casket-prices-vary-so-much-what-you-re-really-paying-for,2026-01-29T14:44:08-06:00,https://funeral.com/sitemap_blogs_1.xml
https://funeral.com/blogs/the-journal/casket-vs-coffin-costs-in-2025-price-ranges-materials-and-smart-ways-to-save,2026-03-25T03:15:33-05:00,https://funeral.com/sitemap_blogs_1.xml
https://funeral.com/blogs/the-journal/memorial-candle-etiquette-when-to-light-one-what-to-say-and-how-to-set-up-a-ceremony,2026-03-11T19:31:06-05:00,https://funeral.com/sitemap_blogs_1.xml
https://funeral.com/blogs/the-journal/death-anniversary-ideas-how-to-plan-a-meaningful-annual-memorial-service-without-it-feeling-overwhelming,2026-01-29T14:44:15-06:00,https://funeral.com/sitemap_blogs_1.xml
https://funeral.com/blogs/the-journal/can-you-bury-cremated-remains-options-for-cemeteries-graveside-services-and-private-property,2026-01-29T14:44:21-06:00,https://funeral.com/sitemap_blogs_1.xml
https://funeral.com/blogs/the-journal/urns-for-burial-a-plain-english-guide-to-burial-urns-urn-terminology-and-what-you-can-use-instead,2026-01-29T14:44:23-06:00,https://funeral.com/sitemap_blogs_1.xml
https://funeral.com/blogs/the-journal/how-much-do-cremation-urns-cost-in-2025-price-ranges-by-material-where-to-buy,2026-01-29T14:44:24-06:00,https://funeral.com/sitemap_blogs_1.xml
https://funeral.com/blogs/the-journal/cheapest-cremation-options-in-the-u-s-direct-cremation-no-service-plans-ways-to-lower-costs,2026-01-29T14:44:26-06:00,https://funeral.com/sitemap_blogs_1.xml
https://funeral.com/blogs/the-journal/popular-cremation-urns-best-materials-styles-and-how-to-choose-the-right-size,2026-01-29T14:44:27-06:00,https://funeral.com/sitemap_blogs_1.xml
https://funeral.com/blogs/the-journal/what-is-an-urn-burial-inurnment-basics-cemetery-rules-and-what-to-expect,2026-01-29T14:44:29-06:00,https://funeral.com/sitemap_blogs_1.xml
https://funeral.com/blogs/the-journal/funeral-guest-books-what-to-choose-what-to-write-and-digital-alternatives-that-actually-work,2026-01-29T14:44:30-06:00,https://funeral.com/sitemap_blogs_1.xml
https://funeral.com/blogs/the-journal/wood-cremation-urns-guide-benefits-care-tips-and-how-to-choose-the-right-wood-and-finish,2026-01-29T14:44:32-06:00,https://funeral.com/sitemap_blogs_1.xml
https://funeral.com/blogs/the-journal/hardwood-urns-vs-veneer-urns-durability-appearance-and-which-option-is-best-for-your-needs,2026-01-29T14:44:34-06:00,https://funeral.com/sitemap_blogs_1.xml
https://funeral.com/blogs/the-journal/cremation-scattering-laws-by-state-where-you-can-scatter-ashes-and-how-to-do-it-respectfully,2026-01-29T14:44:36-06:00,https://funeral.com/sitemap_blogs_1.xml
https://funeral.com/blogs/the-journal/lighting-a-candle-in-memory-of-someone-symbolism-across-traditions-and-simple-remembrance-ritual-ideas,2026-03-18T00:58:05-05:00,https://funeral.com/sitemap_blogs_1.xml
https://funeral.com/blogs/the-journal/green-burial-guide-what-it-is-how-it-works-costs-and-how-to-find-a-certified-cemetery,2026-01-29T14:44:39-06:00,https://funeral.com/sitemap_blogs_1.xml
https://funeral.com/blogs/the-journal/epitaph-to-a-dog-by-lord-byron-meaning-history-and-pet-memorial-quote-idea,2026-01-29T14:44:41-06:00,https://funeral.com/sitemap_blogs_1.xml
https://funeral.com/blogs/the-journal/what-to-engrave-on-an-urn-inscription-formats-date-styles-and-meaningful-short-quotes,2026-03-18T15:11:36-05:00,https://funeral.com/sitemap_blogs_1.xml
https://funeral.com/blogs/the-journal/are-human-ashes-bad-for-the-environment-what-happens-in-soil-and-water-plus-best-practices,2026-01-29T14:44:44-06:00,https://funeral.com/sitemap_blogs_1.xml
https://funeral.com/blogs/the-journal/scatter-bury-keep-or-water-burial-which-urn-type-fits-each-plan,2026-01-29T14:44:46-06:00,https://funeral.com/sitemap_blogs_1.xml
https://funeral.com/blogs/the-journal/anniversary-of-death-memorial-ideas-simple-rituals-for-1-year-5-years-and-beyond,2026-03-11T02:36:00-05:00,https://funeral.com/sitemap_blogs_1.xml
https://funeral.com/blogs/the-journal/horse-cremation-and-equine-aftercare-options-costs-and-choosing-an-equine-urn,2026-05-24T21:51:16-05:00,https://funeral.com/sitemap_blogs_1.xml
https://funeral.com/blogs/the-journal/custom-car-accessories-as-memorial-keepsakes-personalized-auto-tributes-for-car-enthusiasts,2026-01-29T14:44:50-06:00,https://funeral.com/sitemap_blogs_1.xml
https://funeral.com/blogs/the-journal/memorial-jewelry-meaning-why-a-necklace-for-ashes-helps-people-feel-close-and-how-to-choose-one,2026-01-29T14:44:52-06:00,https://funeral.com/sitemap_blogs_1.xml
https://funeral.com/blogs/the-journal/funeral-thank-you-note-templates-examples-for-flowers-food-donations-and-special-help,2026-03-06T19:40:39-06:00,https://funeral.com/sitemap_blogs_1.xml
https://funeral.com/blogs/the-journal/personalized-cremation-urns-custom-photos-engraving-3d-prints-and-other-memorialization-options,2026-01-29T14:44:54-06:00,https://funeral.com/sitemap_blogs_1.xml
https://funeral.com/blogs/the-journal/cremation-jewelry-brands-and-buyers-guide-where-to-shop-and-questions-to-ask-before-you-buy,2026-01-29T14:44:56-06:00,https://funeral.com/sitemap_blogs_1.xml
https://funeral.com/blogs/the-journal/funeral-thank-you-card-etiquette-when-to-send-who-to-thank-and-what-to-write,2026-03-08T06:03:01-05:00,https://funeral.com/sitemap_blogs_1.xml
https://funeral.com/blogs/the-journal/57-things-to-put-ashes-in-creative-meaningful-ideas-urns-keepsakes-and-alternatives,2026-03-18T01:47:41-05:00,https://funeral.com/sitemap_blogs_1.xml
https://funeral.com/blogs/the-journal/how-to-know-when-it-s-time-a-quality-of-life-approach-vets-actually-use,2026-01-29T14:45:05-06:00,https://funeral.com/sitemap_blogs_1.xml
https://funeral.com/blogs/the-journal/can-you-open-a-sealed-urn-what-to-know-before-you-unseal-transfer-or-split-ashes,2026-03-19T07:27:37-05:00,https://funeral.com/sitemap_blogs_1.xml
https://funeral.com/blogs/the-journal/cord-cutting-rituals-for-grief-a-gentle-candle-practice-for-letting-go-and-finding-closure,2026-01-29T14:45:09-06:00,https://funeral.com/sitemap_blogs_1.xml
https://funeral.com/blogs/the-journal/quality-of-life-scales-for-pets-helpful-tool-not-a-verdict-what-to-watch-for,2026-01-29T14:45:12-06:00,https://funeral.com/sitemap_blogs_1.xml
https://funeral.com/blogs/the-journal/appetite-isn-t-the-whole-story-the-overlooked-signs-that-a-pet-is-struggling,2026-01-29T14:45:13-06:00,https://funeral.com/sitemap_blogs_1.xml
https://funeral.com/blogs/the-journal/shrines-altars-and-memorial-spaces-from-home-tribute-corners-to-famous-shrines,2026-01-29T14:45:16-06:00,https://funeral.com/sitemap_blogs_1.xml
https://funeral.com/blogs/the-journal/i-m-afraid-of-doing-it-too-soon-how-families-reduce-regret-with-better-information,2026-01-29T14:45:17-06:00,https://funeral.com/sitemap_blogs_1.xml
https://funeral.com/blogs/the-journal/dementia-anxiety-and-restlessness-in-senior-pets-when-comfort-care-becomes-the-priority,2026-01-29T14:45:19-06:00,https://funeral.com/sitemap_blogs_1.xml
https://funeral.com/blogs/the-journal/what-if-the-urn-is-too-small-for-the-ashes-simple-options-families-can-choose,2026-03-21T16:02:56-05:00,https://funeral.com/sitemap_blogs_1.xml
https://funeral.com/blogs/the-journal/pet-hospice-vs-palliative-care-the-difference-and-why-it-matters-for-planning,2026-01-29T14:45:22-06:00,https://funeral.com/sitemap_blogs_1.xml
https://funeral.com/blogs/the-journal/medications-mobility-and-hygiene-the-unsexy-details-that-keep-a-pet-comfortable,2026-01-29T14:45:24-06:00,https://funeral.com/sitemap_blogs_1.xml
https://funeral.com/blogs/the-journal/how-much-ash-is-left-after-cremation-typical-weight-volume-and-what-to-expect,2026-01-29T14:45:26-06:00,https://funeral.com/sitemap_blogs_1.xml
https://funeral.com/blogs/the-journal/what-size-urn-do-i-need-the-1-cubic-inch-rule-explained-plus-common-sizing-mistakes,2026-01-29T14:45:28-06:00,https://funeral.com/sitemap_blogs_1.xml
https://funeral.com/blogs/the-journal/memory-jar-ideas-for-grief-how-to-make-a-healing-tribute-with-notes-photos-prompts,2026-03-19T07:49:09-05:00,https://funeral.com/sitemap_blogs_1.xml
https://funeral.com/blogs/the-journal/urn-vs-vase-what-s-the-difference-and-how-to-repurpose-an-urn-after-scattering-ashes,2026-01-29T14:45:32-06:00,https://funeral.com/sitemap_blogs_1.xml
https://funeral.com/blogs/the-journal/best-materials-for-cremation-jewelry-durability-skin-safety-and-what-to-look-for,2026-01-29T14:45:34-06:00,https://funeral.com/sitemap_blogs_1.xml
https://funeral.com/blogs/the-journal/pet-cremation-jewelry-turning-dog-or-cat-ashes-into-wearable-memorial-keepsakes,2026-01-29T14:45:35-06:00,https://funeral.com/sitemap_blogs_1.xml
https://funeral.com/blogs/the-journal/pet-memorial-garden-ideas-pet-safe-plants-layout-tips-and-ways-to-honor-a-dog-or-cat,2026-03-25T16:21:15-05:00,https://funeral.com/sitemap_blogs_1.xml
https://funeral.com/blogs/the-journal/what-to-wear-to-a-funeral-or-memorial-service-modern-dress-code-colors-etiquette,2026-03-19T17:19:23-05:00,https://funeral.com/sitemap_blogs_1.xml
https://funeral.com/blogs/the-journal/how-to-create-a-memorial-garden-small-space-ideas-plants-and-meaningful-touches,2026-03-19T00:28:23-05:00,https://funeral.com/sitemap_blogs_1.xml
https://funeral.com/blogs/the-journal/how-long-do-cremation-urns-last-lifespan-by-material-burial-durability-care-tips,2026-01-29T14:45:45-06:00,https://funeral.com/sitemap_blogs_1.xml
https://funeral.com/blogs/the-journal/pet-urn-vs-keepsake-urn-vs-cremation-jewelry-how-families-choose-what-feels-right,2026-01-29T14:45:47-06:00,https://funeral.com/sitemap_blogs_1.xml
https://funeral.com/blogs/the-journal/helping-kids-when-a-pet-is-dying-honest-language-that-isn-t-traumatizing,2026-01-29T14:45:48-06:00,https://funeral.com/sitemap_blogs_1.xml
https://funeral.com/blogs/the-journal/splitting-ashes-among-family-members-how-to-do-it-respectfully-and-avoid-conflict,2026-01-29T14:45:50-06:00,https://funeral.com/sitemap_blogs_1.xml
https://funeral.com/blogs/the-journal/tracking-your-pet-s-decline-without-obsessing-a-humane-way-to-document-changes,2026-01-29T14:45:51-06:00,https://funeral.com/sitemap_blogs_1.xml
https://funeral.com/blogs/the-journal/pet-cremation-options-what-they-mean-and-how-families-choose,2026-01-29T14:45:53-06:00,https://funeral.com/sitemap_blogs_1.xml
https://funeral.com/blogs/the-journal/pet-memorial-ideas-gentle-ways-to-honor-a-life-that-mattered,2026-01-29T14:45:54-06:00,https://funeral.com/sitemap_blogs_1.xml
https://funeral.com/blogs/the-journal/thoughtful-pet-loss-gifts-what-to-give-after-a-dog-or-cat-dies,2026-03-19T16:56:23-05:00,https://funeral.com/sitemap_blogs_1.xml
https://funeral.com/blogs/the-journal/what-happens-during-pet-euthanasia-a-step-by-step-explanation-that-reduces-fear,2026-01-29T14:45:57-06:00,https://funeral.com/sitemap_blogs_1.xml
https://funeral.com/blogs/the-journal/what-to-wear-to-a-catholic-funeral-modesty-guidelines-colors-and-outfit-examples,2026-03-08T01:05:11-06:00,https://funeral.com/sitemap_blogs_1.xml
https://funeral.com/blogs/the-journal/funeral-prayer-cards-what-they-are-what-to-write-and-where-to-order-personalized-cards,2026-03-24T23:46:19-05:00,https://funeral.com/sitemap_blogs_1.xml
https://funeral.com/blogs/the-journal/at-home-vs-in-clinic-euthanasia-how-families-choose-comfort-timing-logistics,2026-01-29T14:46:03-06:00,https://funeral.com/sitemap_blogs_1.xml
https://funeral.com/blogs/the-journal/what-color-tie-to-wear-to-a-funeral-easy-rules-for-men-s-funeral-tie-etiquette,2026-03-11T03:05:35-05:00,https://funeral.com/sitemap_blogs_1.xml
https://funeral.com/blogs/the-journal/emergency-pet-loss-what-to-do-if-it-s-suddenly-tonight-after-hours-options-and-choices,2026-01-29T14:46:06-06:00,https://funeral.com/sitemap_blogs_1.xml
https://funeral.com/blogs/the-journal/men-s-funeral-attire-guide-suits-shirts-ties-and-what-to-wear-if-you-don-t-own-a-suit,2026-03-07T22:28:25-06:00,https://funeral.com/sitemap_blogs_1.xml
https://funeral.com/blogs/the-journal/cremation-preplanning-how-to-plan-ahead-compare-providers-and-decide-on-prepaid-options,2026-01-29T14:46:10-06:00,https://funeral.com/sitemap_blogs_1.xml
https://funeral.com/blogs/the-journal/pet-end-of-life-decisions-a-calm-compassionate-way-to-know-what-to-do-next,2026-01-29T14:46:11-06:00,https://funeral.com/sitemap_blogs_1.xml
https://funeral.com/blogs/the-journal/how-to-create-a-memory-table-that-doesn-t-feel-performative,2026-01-29T14:46:13-06:00,https://funeral.com/sitemap_blogs_1.xml
https://funeral.com/blogs/the-journal/is-it-time-to-say-goodbye-a-quality-of-life-approach-vets-use,2026-01-29T14:46:14-06:00,https://funeral.com/sitemap_blogs_1.xml
https://funeral.com/blogs/the-journal/should-we-schedule-euthanasia-now-or-wait-how-families-decide,2026-01-29T14:46:16-06:00,https://funeral.com/sitemap_blogs_1.xml
https://funeral.com/blogs/the-journal/what-to-say-to-someone-facing-pet-euthanasia-and-what-not-to-say,2026-01-29T14:46:18-06:00,https://funeral.com/sitemap_blogs_1.xml
https://funeral.com/blogs/the-journal/what-to-cook-for-a-grieving-family-comforting-dinners-meal-train-ideas-what-to-avoid,2026-01-29T14:46:19-06:00,https://funeral.com/sitemap_blogs_1.xml
https://funeral.com/blogs/the-journal/pet-loss-is-real-grief-why-it-hurts-so-much-and-why-that-s-normal,2026-01-29T14:46:22-06:00,https://funeral.com/sitemap_blogs_1.xml
https://funeral.com/blogs/the-journal/holiday-meals-after-a-loss-gentle-christmas-dinner-ideas-for-grieving-families,2026-01-29T14:46:23-06:00,https://funeral.com/sitemap_blogs_1.xml
https://funeral.com/blogs/the-journal/easy-healthy-breakfasts-for-grief-simple-meals-when-you-have-no-appetite,2026-03-18T21:48:31-05:00,https://funeral.com/sitemap_blogs_1.xml
https://funeral.com/blogs/the-journal/cooking-a-comfort-meal-in-someone-s-memory-simple-lamb-chop-dinner-ideas-best-sides,2026-01-29T14:46:26-06:00,https://funeral.com/sitemap_blogs_1.xml
https://funeral.com/blogs/the-journal/what-to-do-when-someone-dies-a-step-by-step-checklist-for-the-first-48-hours,2026-01-29T14:46:27-06:00,https://funeral.com/sitemap_blogs_1.xml
https://funeral.com/blogs/the-journal/advance-care-planning-the-documents-conversations-and-decisions-that-matter,2026-01-29T14:46:28-06:00,https://funeral.com/sitemap_blogs_1.xml
https://funeral.com/blogs/the-journal/home-hospice-what-it-is-what-it-covers-and-how-to-prepare,2026-01-29T14:46:30-06:00,https://funeral.com/sitemap_blogs_1.xml
https://funeral.com/blogs/the-journal/home-hospice-and-advance-care-planning-what-families-need-to-know-before-a-crisis,2026-01-29T14:46:31-06:00,https://funeral.com/sitemap_blogs_1.xml
https://funeral.com/blogs/the-journal/large-dog-urns-how-to-choose-the-right-size-plus-extra-large-pet-urn-options,2026-01-29T14:46:33-06:00,https://funeral.com/sitemap_blogs_1.xml
https://funeral.com/blogs/the-journal/what-to-do-with-cremation-ashes-meaningful-ideas-what-not-to-do-and-legal-basics,2026-01-29T14:46:34-06:00,https://funeral.com/sitemap_blogs_1.xml
https://funeral.com/blogs/the-journal/the-cardinal-s-message-in-grief-meaning-stories-and-sympathy-quotes-you-can-share,2026-01-29T14:46:36-06:00,https://funeral.com/sitemap_blogs_1.xml
https://funeral.com/blogs/the-journal/religious-views-on-cremation-what-major-faiths-say-and-how-to-plan-respectfully,2026-01-29T14:46:38-06:00,https://funeral.com/sitemap_blogs_1.xml
https://funeral.com/blogs/the-journal/have-too-many-eggs-easy-egg-based-comfort-meals-great-for-meal-trains,2026-01-29T14:46:40-06:00,https://funeral.com/sitemap_blogs_1.xml
https://funeral.com/blogs/the-journal/loss-of-father-messages-what-to-say-what-not-to-say-plus-examples-in-spanish,2026-03-18T17:22:27-05:00,https://funeral.com/sitemap_blogs_1.xml
https://funeral.com/blogs/the-journal/can-you-add-cremated-remains-to-an-existing-burial-plot-cemetery-rules-costs-and-options,2026-03-08T03:50:05-05:00,https://funeral.com/sitemap_blogs_1.xml
https://funeral.com/blogs/the-journal/comfort-food-ideas-to-bring-after-a-death-easy-reheatable-meals-people-actually-eat,2026-03-20T17:28:45-05:00,https://funeral.com/sitemap_blogs_1.xml
https://funeral.com/blogs/the-journal/how-many-urns-can-be-buried-in-one-plot-cemetery-rules-plot-sizes-and-family-options,2026-03-13T02:23:35-05:00,https://funeral.com/sitemap_blogs_1.xml
https://funeral.com/blogs/the-journal/cremation-necklaces-for-ashes-types-materials-filling-tips-what-to-buy,2026-01-29T14:47:55-06:00,https://funeral.com/sitemap_blogs_1.xml
https://funeral.com/blogs/the-journal/how-to-write-a-sympathy-note-dos-and-don-ts-condolence-message-templates-spanish-english,2026-01-29T14:47:57-06:00,https://funeral.com/sitemap_blogs_1.xml
https://funeral.com/blogs/the-journal/what-to-say-when-someone-dies-condolence-message-templates-for-texts-cards-and-coworkers,2026-01-29T14:47:59-06:00,https://funeral.com/sitemap_blogs_1.xml
https://funeral.com/blogs/the-journal/what-to-write-on-facebook-after-someone-dies-condolence-posts-that-are-respectful,2026-03-07T18:36:22-06:00,https://funeral.com/sitemap_blogs_1.xml
https://funeral.com/blogs/the-journal/memorials-and-monuments-around-the-world-famous-sites-symbolism-and-how-they-re-designed,2026-01-29T14:48:03-06:00,https://funeral.com/sitemap_blogs_1.xml
https://funeral.com/blogs/the-journal/i-m-sorry-for-your-loss-what-it-means-when-to-say-it-and-better-alternatives,2026-01-29T14:48:05-06:00,https://funeral.com/sitemap_blogs_1.xml
https://funeral.com/blogs/the-journal/urn-size-calculator-guide-how-to-measure-capacity-cubic-inches-and-choose-the-right-urn,2026-01-29T14:48:07-06:00,https://funeral.com/sitemap_blogs_1.xml
https://funeral.com/blogs/the-journal/cremation-ashes-faq-how-much-you-get-what-they-re-made-of-and-where-you-can-scatter,2026-01-29T14:48:10-06:00,https://funeral.com/sitemap_blogs_1.xml
https://funeral.com/blogs/the-journal/creative-urn-ideas-and-alternatives-keepsakes-jewelry-art-and-unique-memorial-options,2026-01-29T14:48:12-06:00,https://funeral.com/sitemap_blogs_1.xml
https://funeral.com/blogs/the-journal/can-you-divide-cremation-ashes-how-to-split-them-safely-legally-and-respectfully,2026-01-29T14:48:15-06:00,https://funeral.com/sitemap_blogs_1.xml
https://funeral.com/blogs/the-journal/do-you-need-an-urn-vault-burial-urns-cemetery-requirements-and-long-term-storage-options,2026-01-29T14:48:16-06:00,https://funeral.com/sitemap_blogs_1.xml
https://funeral.com/blogs/the-journal/what-to-send-instead-of-flowers-sympathy-gift-ideas-that-actually-help-with-examples,2026-03-24T21:07:33-05:00,https://funeral.com/sitemap_blogs_1.xml
https://funeral.com/blogs/the-journal/celebration-of-life-quotes-short-uplifting-sayings-for-programs-speeches-and-tributes,2026-01-29T14:48:20-06:00,https://funeral.com/sitemap_blogs_1.xml
https://funeral.com/blogs/the-journal/57-things-to-put-ashes-in-urn-alternatives-keepsakes-and-creative-memorial-ideas,2026-03-18T17:43:41-05:00,https://funeral.com/sitemap_blogs_1.xml
https://funeral.com/blogs/the-journal/memorial-quotes-inscription-ideas-for-urns-headstones-and-plaques,2026-01-29T14:48:27-06:00,https://funeral.com/sitemap_blogs_1.xml
https://funeral.com/blogs/the-journal/polst-dnr-and-advance-directives-what-each-one-does-in-a-medical-emergency,2026-01-29T14:48:29-06:00,https://funeral.com/sitemap_blogs_1.xml
https://funeral.com/blogs/the-journal/what-to-do-when-death-is-near-comfort-logistics-and-family-communication,2026-01-29T14:48:31-06:00,https://funeral.com/sitemap_blogs_1.xml
https://funeral.com/blogs/the-journal/what-hospice-actually-does-at-home-and-what-families-still-handle,2026-01-29T14:48:32-06:00,https://funeral.com/sitemap_blogs_1.xml
https://funeral.com/blogs/the-journal/does-choosing-hospice-mean-stopping-treatment-what-medicare-means-by-comfort-care,2026-01-29T14:48:34-06:00,https://funeral.com/sitemap_blogs_1.xml
https://funeral.com/blogs/the-journal/how-much-ash-is-left-after-cremation-average-weight-volume-and-urn-size-tips,2026-01-29T14:48:37-06:00,https://funeral.com/sitemap_blogs_1.xml
https://funeral.com/blogs/the-journal/who-qualifies-for-hospice-the-plain-english-medicare-eligibility-guide,2026-01-29T14:48:38-06:00,https://funeral.com/sitemap_blogs_1.xml
https://funeral.com/blogs/the-journal/how-long-can-someone-stay-on-hospice-what-recertification-means,2026-01-29T14:48:40-06:00,https://funeral.com/sitemap_blogs_1.xml
https://funeral.com/blogs/the-journal/in-home-hospice-vs-inpatient-hospice-how-families-decide-without-guessing,2026-01-29T14:48:42-06:00,https://funeral.com/sitemap_blogs_1.xml
https://funeral.com/blogs/the-journal/hospice-in-a-nursing-home-how-it-works-alongside-facility-care,2026-01-29T14:48:43-06:00,https://funeral.com/sitemap_blogs_1.xml
https://funeral.com/blogs/the-journal/inurnment-ceremony-ideas-what-it-is-where-it-happens-and-how-to-plan-one,2026-01-29T14:48:45-06:00,https://funeral.com/sitemap_blogs_1.xml
https://funeral.com/blogs/the-journal/hospice-respite-care-what-it-is-and-when-families-can-use-it,2026-01-29T14:48:46-06:00,https://funeral.com/sitemap_blogs_1.xml
https://funeral.com/blogs/the-journal/does-hospice-pay-for-medications-what-related-to-the-terminal-illness-means,2026-01-29T14:48:48-06:00,https://funeral.com/sitemap_blogs_1.xml
https://funeral.com/blogs/the-journal/how-to-choose-the-best-cremation-urn-size-material-style-and-budget-5-minute-guide,2026-01-29T14:48:50-06:00,https://funeral.com/sitemap_blogs_1.xml
https://funeral.com/blogs/the-journal/does-hospice-provide-medical-equipment-at-home-beds-oxygen-wheelchairs-supplies,2026-01-29T14:48:51-06:00,https://funeral.com/sitemap_blogs_1.xml
https://funeral.com/blogs/the-journal/hospice-and-the-hospital-when-medicare-still-covers-er-visits-and-admissions,2026-01-29T14:48:53-06:00,https://funeral.com/sitemap_blogs_1.xml
https://funeral.com/blogs/the-journal/can-you-keep-your-current-doctor-on-hospice-what-attending-physician-means,2026-01-29T14:48:55-06:00,https://funeral.com/sitemap_blogs_1.xml
https://funeral.com/blogs/the-journal/hospice-and-chemotherapy-radiation-when-comfort-focused-treatment-can-still-happen,2026-01-29T14:48:56-06:00,https://funeral.com/sitemap_blogs_1.xml
https://funeral.com/blogs/the-journal/what-medicare-hospice-covers-and-what-it-doesn-t,2026-01-29T14:48:57-06:00,https://funeral.com/sitemap_blogs_1.xml
https://funeral.com/blogs/the-journal/funeral-seating-etiquette-for-immediate-family-where-to-sit-and-procession-order,2026-03-08T15:27:52-05:00,https://funeral.com/sitemap_blogs_1.xml
https://funeral.com/blogs/the-journal/what-are-cremation-ashes-made-of-and-how-they-re-turned-into-memorial-diamonds,2026-01-29T14:49:02-06:00,https://funeral.com/sitemap_blogs_1.xml
https://funeral.com/blogs/the-journal/u-s-funeral-traditions-explained-common-customs-etiquette-and-how-funerals-evolved,2026-01-29T14:49:04-06:00,https://funeral.com/sitemap_blogs_1.xml
https://funeral.com/blogs/the-journal/colors-of-mourning-around-the-world-what-funeral-colors-mean-across-cultures,2026-03-21T17:32:03-05:00,https://funeral.com/sitemap_blogs_1.xml
https://funeral.com/blogs/the-journal/tree-of-life-meaning-symbolism-comfort-in-grief-and-memorial-ideas,2026-01-29T14:49:10-06:00,https://funeral.com/sitemap_blogs_1.xml
https://funeral.com/blogs/the-journal/are-cremation-ashes-loose-in-the-urn-proper-containers-bags-and-storage-options,2026-03-17T21:46:47-05:00,https://funeral.com/sitemap_blogs_1.xml
https://funeral.com/blogs/the-journal/gifts-for-a-grieving-family-practical-comfort-keepsakes-and-what-to-avoid,2026-01-29T14:49:16-06:00,https://funeral.com/sitemap_blogs_1.xml
https://funeral.com/blogs/the-journal/tulip-symbolism-what-tulips-mean-in-love-springtime-and-sympathy,2026-01-29T14:49:17-06:00,https://funeral.com/sitemap_blogs_1.xml
https://funeral.com/blogs/the-journal/57-creative-things-to-put-cremation-ashes-in-from-keepsakes-to-diy-urns,2026-03-21T16:09:37-05:00,https://funeral.com/sitemap_blogs_1.xml
https://funeral.com/blogs/the-journal/meaning-of-the-color-blue-psychology-symbolism-and-how-designers-use-it,2026-01-29T14:49:24-06:00,https://funeral.com/sitemap_blogs_1.xml
https://funeral.com/blogs/the-journal/what-families-mean-by-quality-of-life-at-end-of-life-and-how-to-talk-about-it,2026-01-29T14:49:26-06:00,https://funeral.com/sitemap_blogs_1.xml
https://funeral.com/blogs/the-journal/when-someone-refuses-hospice-how-families-respond-without-fighting,2026-01-29T14:49:28-06:00,https://funeral.com/sitemap_blogs_1.xml
https://funeral.com/blogs/the-journal/10-things-to-take-to-a-grieving-family-practical-support-comfort-items-and-etiquette,2026-03-19T15:21:25-05:00,https://funeral.com/sitemap_blogs_1.xml
https://funeral.com/blogs/the-journal/hospice-for-dementia-what-changes-what-helps-and-what-to-expect-over-time,2026-01-29T14:49:33-06:00,https://funeral.com/sitemap_blogs_1.xml
https://funeral.com/blogs/the-journal/hospice-for-cancer-at-home-common-symptom-concerns-and-planning-tips,2026-01-29T14:49:34-06:00,https://funeral.com/sitemap_blogs_1.xml
https://funeral.com/blogs/the-journal/hospice-for-heart-failure-and-copd-planning-for-breathlessness-and-anxiety,2026-01-29T14:49:36-06:00,https://funeral.com/sitemap_blogs_1.xml
https://funeral.com/blogs/the-journal/advance-care-planning-101-what-it-is-and-why-it-reduces-family-conflict,2026-01-29T14:49:38-06:00,https://funeral.com/sitemap_blogs_1.xml
https://funeral.com/blogs/the-journal/birds-as-symbols-of-the-soul-meaning-hope-and-why-robins-feel-comforting-in-grief,2026-01-29T14:49:41-06:00,https://funeral.com/sitemap_blogs_1.xml
https://funeral.com/blogs/the-journal/how-to-choose-a-health-care-proxy-the-traits-that-prevent-crisis-confusion,2026-01-29T14:49:42-06:00,https://funeral.com/sitemap_blogs_1.xml
https://funeral.com/blogs/the-journal/polst-explained-why-it-s-a-medical-order-not-just-a-preference,2026-01-29T14:49:46-06:00,https://funeral.com/sitemap_blogs_1.xml
https://funeral.com/blogs/the-journal/traditional-funeral-service-explained-what-happens-and-what-families-can-customize,2026-01-29T14:49:50-06:00,https://funeral.com/sitemap_blogs_1.xml
https://funeral.com/blogs/the-journal/what-to-do-with-cremation-ashes-57-ideas-for-keeping-sharing-or-scattering,2026-01-29T14:49:52-06:00,https://funeral.com/sitemap_blogs_1.xml
https://funeral.com/blogs/the-journal/pet-loss-what-to-do-next-with-ashes-urns-and-memorial-jewelry,2026-01-29T14:49:53-06:00,https://funeral.com/sitemap_blogs_1.xml
https://funeral.com/blogs/the-journal/lighting-a-candle-in-memory-meaning-traditions-and-how-to-create-a-safe-home-ritual,2026-01-29T14:49:55-06:00,https://funeral.com/sitemap_blogs_1.xml
https://funeral.com/blogs/the-journal/japanese-funeral-traditions-explained-cremation-kotsuage-etiquette-and-what-to-expect,2026-03-18T01:02:56-05:00,https://funeral.com/sitemap_blogs_1.xml
https://funeral.com/blogs/the-journal/finding-a-gray-feather-spiritual-meanings-symbolism-and-common-interpretations,2026-03-07T18:42:36-06:00,https://funeral.com/sitemap_blogs_1.xml
https://funeral.com/blogs/the-journal/what-to-do-with-pet-ashes-15-meaningful-ideas-for-honoring-a-beloved-pet,2026-01-29T14:49:59-06:00,https://funeral.com/sitemap_blogs_1.xml
https://funeral.com/blogs/the-journal/urn-size-guide-calculator-how-many-cubic-inches-you-need-adult-child-keepsake,2026-01-29T14:50:00-06:00,https://funeral.com/sitemap_blogs_1.xml
https://funeral.com/blogs/the-journal/butterflies-and-grief-what-they-symbolize-and-why-monarchs-appear-in-remembrance-traditions,2026-03-19T17:16:07-05:00,https://funeral.com/sitemap_blogs_1.xml
https://funeral.com/blogs/the-journal/how-big-are-pet-ashes-after-cremation-urn-capacity-volume-real-world-examples,2026-03-19T19:38:23-05:00,https://funeral.com/sitemap_blogs_1.xml
https://funeral.com/blogs/the-journal/colors-of-mourning-around-the-world-what-black-white-purple-and-red-can-mean,2026-01-29T14:50:08-06:00,https://funeral.com/sitemap_blogs_1.xml
https://funeral.com/blogs/the-journal/can-you-add-items-to-cremation-ashes-meaningful-mementos-and-what-to-avoid,2026-03-19T21:49:54-05:00,https://funeral.com/sitemap_blogs_1.xml
https://funeral.com/blogs/the-journal/keepsake-jewelry-glass-art-urns-diamonds-and-display-ideas,2026-01-29T14:50:14-06:00,https://funeral.com/sitemap_blogs_1.xml
https://funeral.com/blogs/the-journal/green-burials-in-wisconsin-what-s-available-how-it-works-and-how-to-choose-a-cemetery,2026-03-13T04:56:52-05:00,https://funeral.com/sitemap_blogs_1.xml
https://funeral.com/blogs/the-journal/roses-and-tulips-together-bouquet-meaning-color-pairings-and-when-to-send-them,2026-03-11T19:48:59-05:00,https://funeral.com/sitemap_blogs_1.xml
https://funeral.com/blogs/the-journal/should-you-seal-a-cremation-urn-when-to-use-glue-and-when-not-to,2026-01-29T14:50:22-06:00,https://funeral.com/sitemap_blogs_1.xml
https://funeral.com/blogs/the-journal/what-does-a-funeral-planner-or-funeral-agent-do-roles-costs-and-when-you-might-need-one,2026-01-29T14:50:23-06:00,https://funeral.com/sitemap_blogs_1.xml
https://funeral.com/blogs/the-journal/unique-bereavement-gifts-creative-meaningful-ideas-beyond-flowers,2026-01-29T14:50:26-06:00,https://funeral.com/sitemap_blogs_1.xml
https://funeral.com/blogs/the-journal/lighting-a-candle-for-the-dead-meaning-traditions-and-a-simple-remembrance-ritual-at-home,2026-03-12T19:27:20-05:00,https://funeral.com/sitemap_blogs_1.xml
https://funeral.com/blogs/the-journal/cremation-urn-size-guide-the-cubic-inch-rule-a-simple-urn-size-calculator,2026-01-29T14:50:33-06:00,https://funeral.com/sitemap_blogs_1.xml
https://funeral.com/blogs/the-journal/memorial-candle-etiquette-when-and-how-to-use-candles-at-funerals-memorials-and-celebrations-of-life,2026-01-29T14:50:35-06:00,https://funeral.com/sitemap_blogs_1.xml
https://funeral.com/blogs/the-journal/why-do-people-light-candles-for-the-deceased-meaning-comfort-and-a-simple-at-home-practice,2026-03-24T18:49:37-05:00,https://funeral.com/sitemap_blogs_1.xml
https://funeral.com/blogs/the-journal/the-ultimate-grief-gift-guide-thoughtful-sympathy-gifts-that-feel-supportive-not-awkward,2026-01-29T14:50:40-06:00,https://funeral.com/sitemap_blogs_1.xml
https://funeral.com/blogs/the-journal/urn-vs-vase-what-s-the-difference-and-how-urn-vases-work-for-flower-tributes-and-ashes,2026-03-18T01:44:29-05:00,https://funeral.com/sitemap_blogs_1.xml
https://funeral.com/blogs/the-journal/how-much-do-cremated-remains-weigh-typical-pounds-and-volume-with-real-world-ranges,2026-01-29T14:50:44-06:00,https://funeral.com/sitemap_blogs_1.xml
https://funeral.com/blogs/the-journal/memory-jar-ideas-for-grief-a-step-by-step-guide-with-prompts-notes-and-keepsake-add-ons,2026-03-19T07:51:43-05:00,https://funeral.com/sitemap_blogs_1.xml
https://funeral.com/blogs/the-journal/what-to-wear-to-a-funeral-color-meanings-cultural-traditions-and-dress-etiquette,2026-01-29T14:50:48-06:00,https://funeral.com/sitemap_blogs_1.xml
https://funeral.com/blogs/the-journal/sympathy-group-gifts-gift-cards-what-to-send-when-you-want-to-help,2026-03-11T19:24:28-05:00,https://funeral.com/sitemap_blogs_1.xml
https://funeral.com/blogs/the-journal/what-are-cremation-ashes-made-of-what-cremains-really-are-and-aren-t,2026-01-29T14:50:52-06:00,https://funeral.com/sitemap_blogs_1.xml
https://funeral.com/blogs/the-journal/funeral-traditions-in-the-u-s-vs-worldwide-common-customs-and-etiquette-explained,2026-01-29T14:50:54-06:00,https://funeral.com/sitemap_blogs_1.xml
https://funeral.com/blogs/the-journal/57-things-to-do-with-cremation-ashes-unique-ideas-keepsakes-and-safe-storage,2026-01-29T14:50:56-06:00,https://funeral.com/sitemap_blogs_1.xml
https://funeral.com/blogs/the-journal/why-do-people-choose-cremation-40-reasons-costs-and-religious-considerations,2026-01-29T14:50:57-06:00,https://funeral.com/sitemap_blogs_1.xml
https://funeral.com/blogs/the-journal/how-much-ash-is-left-after-cremation-urn-size-rule-of-thumb-examples,2026-01-29T14:50:59-06:00,https://funeral.com/sitemap_blogs_1.xml
https://funeral.com/blogs/the-journal/funeral-merchandise-costs-in-2025-casket-urn-vault-memorial-item-price-guide,2026-01-29T14:51:01-06:00,https://funeral.com/sitemap_blogs_1.xml
https://funeral.com/blogs/the-journal/what-s-a-vase-urn-understanding-vases-for-ashes-and-how-flower-holder-urns-work,2026-01-29T14:51:02-06:00,https://funeral.com/sitemap_blogs_1.xml
https://funeral.com/blogs/the-journal/cremation-urn-terminology-explained-temporary-urn-keepsake-companion-and-more,2026-01-29T14:51:04-06:00,https://funeral.com/sitemap_blogs_1.xml
https://funeral.com/blogs/the-journal/tulip-color-symbolism-meaning-of-red-yellow-pink-white-and-purple-tulips,2026-01-29T14:51:08-06:00,https://funeral.com/sitemap_blogs_1.xml
https://funeral.com/blogs/the-journal/yahrzeit-candle-guide-when-to-light-how-long-it-burns-and-what-to-do-for-yizkor,2026-03-11T00:26:32-05:00,https://funeral.com/sitemap_blogs_1.xml
https://funeral.com/blogs/the-journal/how-to-display-an-urn-at-home-placement-ideas-safety-tips-and-memorial-decor,2026-03-12T16:42:49-05:00,https://funeral.com/sitemap_blogs_1.xml
https://funeral.com/blogs/the-journal/memorial-candle-lighting-ceremonies-timing-scripts-and-easy-ideas-for-any-service,2026-03-08T06:16:14-05:00,https://funeral.com/sitemap_blogs_1.xml
https://funeral.com/blogs/the-journal/what-to-send-a-grieving-family-thoughtful-sympathy-gifts-and-gift-baskets,2026-01-29T14:51:17-06:00,https://funeral.com/sitemap_blogs_1.xml
https://funeral.com/blogs/the-journal/dreaming-in-gray-spiritual-and-psychological-meanings-of-the-color-gray-in-dreams,2026-03-07T01:11:09-06:00,https://funeral.com/sitemap_blogs_1.xml
https://funeral.com/blogs/the-journal/cremation-urn-vaults-explained-types-materials-prices-and-where-to-buy,2026-01-29T14:53:00-06:00,https://funeral.com/sitemap_blogs_1.xml
https://funeral.com/blogs/the-journal/do-you-need-a-vault-to-bury-an-urn-cemetery-rules-protection-benefits-and-alternatives,2026-03-20T20:25:17-05:00,https://funeral.com/sitemap_blogs_1.xml
https://funeral.com/blogs/the-journal/white-heart-emoji-meaning-what-can-say-in-grief-sympathy-and-support,2026-03-11T00:49:02-05:00,https://funeral.com/sitemap_blogs_1.xml
https://funeral.com/blogs/the-journal/how-to-measure-urn-capacity-interior-volume-shape-and-why-size-charts-differ,2026-01-29T14:53:07-06:00,https://funeral.com/sitemap_blogs_1.xml
https://funeral.com/blogs/the-journal/how-to-open-a-sealed-cremation-urn-screw-top-glue-sealed-and-permanent-seals,2026-03-13T02:44:57-05:00,https://funeral.com/sitemap_blogs_1.xml
https://funeral.com/blogs/the-journal/cat-urn-size-guide-how-to-choose-the-right-capacity-by-weight,2026-01-29T14:53:11-06:00,https://funeral.com/sitemap_blogs_1.xml
https://funeral.com/blogs/the-journal/wooden-cremation-urns-best-woods-finishes-and-care-tips-for-long-lasting-memorials,2026-01-29T14:53:14-06:00,https://funeral.com/sitemap_blogs_1.xml
https://funeral.com/blogs/the-journal/what-to-write-on-a-pet-memorial-stone-engraving-ideas-quotes-and-layout-tips,2026-03-08T16:16:43-05:00,https://funeral.com/sitemap_blogs_1.xml
https://funeral.com/blogs/the-journal/what-can-you-do-with-an-urn-after-scattering-ashes-10-meaningful-ways-to-repurpose-it,2026-01-29T14:53:16-06:00,https://funeral.com/sitemap_blogs_1.xml
https://funeral.com/blogs/the-journal/are-wood-urns-eco-friendly-pros-cons-and-sustainable-options-for-cremation-urns,2026-06-02T20:20:09-05:00,https://funeral.com/sitemap_blogs_1.xml
https://funeral.com/blogs/the-journal/the-history-of-memorial-candles-from-ancient-rituals-to-yahrzeit-and-modern-remembrance-traditions,2026-01-29T14:53:20-06:00,https://funeral.com/sitemap_blogs_1.xml
https://funeral.com/blogs/the-journal/12-meaningful-ways-to-repurpose-a-wedding-ring-after-loss-keepsakes-jewelry-redesign-memorial-ideas,2026-03-07T22:20:56-06:00,https://funeral.com/sitemap_blogs_1.xml
https://funeral.com/blogs/the-journal/teardrops-and-tears-symbolism-types-of-tears-and-common-myths,2026-03-08T21:07:11-05:00,https://funeral.com/sitemap_blogs_1.xml
https://funeral.com/blogs/the-journal/when-should-you-replace-or-upgrade-a-cremation-urn-signs-materials-and-care-tips,2026-01-29T14:53:26-06:00,https://funeral.com/sitemap_blogs_1.xml
https://funeral.com/blogs/the-journal/what-to-send-someone-who-lost-a-parent-comforting-gifts-and-what-to-write,2026-03-18T18:02:22-05:00,https://funeral.com/sitemap_blogs_1.xml
https://funeral.com/blogs/the-journal/wood-cremation-urns-guide-best-wood-types-hardwood-vs-veneer-durability-care,2026-01-29T14:53:30-06:00,https://funeral.com/sitemap_blogs_1.xml
https://funeral.com/blogs/the-journal/why-is-black-the-color-of-mourning-history-symbolism-and-modern-funeral-etiquette,2026-01-29T14:53:31-06:00,https://funeral.com/sitemap_blogs_1.xml
https://funeral.com/blogs/the-journal/how-much-ash-is-left-after-cremation-what-families-receive-urn-size-guide,2026-01-29T14:53:33-06:00,https://funeral.com/sitemap_blogs_1.xml
https://funeral.com/blogs/the-journal/urn-burial-basics-how-deep-to-bury-an-urn-and-can-it-go-above-a-casket,2026-05-25T03:36:37-05:00,https://funeral.com/sitemap_blogs_1.xml
https://funeral.com/blogs/the-journal/what-are-cremation-ashes-made-of-the-chemistry-of-cremains-explained,2026-01-29T14:53:37-06:00,https://funeral.com/sitemap_blogs_1.xml
https://funeral.com/blogs/the-journal/can-you-bury-a-cremation-urn-burial-urn-types-cemetery-rules-and-urn-vault-tips,2026-01-29T14:53:38-06:00,https://funeral.com/sitemap_blogs_1.xml
https://funeral.com/blogs/the-journal/burying-ashes-after-cremation-cemetery-backyard-and-urn-options,2026-03-08T20:45:26-05:00,https://funeral.com/sitemap_blogs_1.xml
https://funeral.com/blogs/the-journal/what-to-say-in-a-text-after-someone-dies-condolence-messages-and-what-not-to-say,2026-03-18T00:54:08-05:00,https://funeral.com/sitemap_blogs_1.xml
https://funeral.com/blogs/the-journal/are-cremains-really-ashes-what-they-look-like-weigh-and-why,2026-03-24T19:48:18-05:00,https://funeral.com/sitemap_blogs_1.xml
https://funeral.com/blogs/the-journal/urn-size-for-french-bulldog,2026-01-29T14:53:46-06:00,https://funeral.com/sitemap_blogs_1.xml
https://funeral.com/blogs/the-journal/where-to-put-cremation-ashes-10-meaningful-options-from-home-display-to-scattering,2026-01-29T14:53:48-06:00,https://funeral.com/sitemap_blogs_1.xml
https://funeral.com/blogs/the-journal/urn-size-for-labrador-retriever,2026-01-29T14:53:52-06:00,https://funeral.com/sitemap_blogs_1.xml
https://funeral.com/blogs/the-journal/urn-size-for-golden-retriever,2026-01-29T14:53:54-06:00,https://funeral.com/sitemap_blogs_1.xml
https://funeral.com/blogs/the-journal/urn-size-for-german-shepherd-dog,2026-01-29T14:53:56-06:00,https://funeral.com/sitemap_blogs_1.xml
https://funeral.com/blogs/the-journal/urn-size-for-poodle,2026-01-29T14:53:58-06:00,https://funeral.com/sitemap_blogs_1.xml
https://funeral.com/blogs/the-journal/urn-size-for-dachshund,2026-01-29T14:54:01-06:00,https://funeral.com/sitemap_blogs_1.xml
https://funeral.com/blogs/the-journal/urn-size-for-beagle,2026-01-29T14:54:03-06:00,https://funeral.com/sitemap_blogs_1.xml
https://funeral.com/blogs/the-journal/urn-size-for-rottweiler,2026-01-29T14:54:05-06:00,https://funeral.com/sitemap_blogs_1.xml
https://funeral.com/blogs/the-journal/57-things-you-can-put-ashes-in-keepsakes-jewelry-and-alternative-containers,2026-01-29T14:54:07-06:00,https://funeral.com/sitemap_blogs_1.xml
https://funeral.com/blogs/the-journal/urn-size-for-english-bulldog,2026-01-29T14:54:10-06:00,https://funeral.com/sitemap_blogs_1.xml
https://funeral.com/blogs/the-journal/urn-size-for-german-shorthaired-pointer,2026-01-29T14:54:12-06:00,https://funeral.com/sitemap_blogs_1.xml
https://funeral.com/blogs/the-journal/urn-size-for-yorkshire-terrier,2026-01-29T14:54:14-06:00,https://funeral.com/sitemap_blogs_1.xml
https://funeral.com/blogs/the-journal/urn-size-for-australian-shepherd,2026-01-29T14:54:16-06:00,https://funeral.com/sitemap_blogs_1.xml
https://funeral.com/blogs/the-journal/what-to-text-when-someone-dies-short-thoughtful-messages-follow-up-ideas,2026-03-08T16:28:20-05:00,https://funeral.com/sitemap_blogs_1.xml
https://funeral.com/blogs/the-journal/urn-size-for-cavalier-king-charles-spaniel,2026-01-29T14:54:20-06:00,https://funeral.com/sitemap_blogs_1.xml
https://funeral.com/blogs/the-journal/urn-size-for-cane-corso,2026-01-29T14:54:22-06:00,https://funeral.com/sitemap_blogs_1.xml
https://funeral.com/blogs/the-journal/urn-size-for-pembroke-welsh-corgi,2026-01-29T14:54:24-06:00,https://funeral.com/sitemap_blogs_1.xml
https://funeral.com/blogs/the-journal/how-much-ashes-are-left-after-cremation-weight-volume-urn-size-examples,2026-01-29T14:54:26-06:00,https://funeral.com/sitemap_blogs_1.xml
https://funeral.com/blogs/the-journal/urn-size-for-doberman-pinscher,2026-01-29T14:54:28-06:00,https://funeral.com/sitemap_blogs_1.xml
https://funeral.com/blogs/the-journal/urn-size-for-boxer,2026-01-29T14:54:30-06:00,https://funeral.com/sitemap_blogs_1.xml
https://funeral.com/blogs/the-journal/u-s-funeral-traditions-explained-what-to-expect-at-a-typical-american-service,2026-01-29T14:54:33-06:00,https://funeral.com/sitemap_blogs_1.xml
https://funeral.com/blogs/the-journal/urn-size-for-miniature-schnauzer,2026-01-29T14:54:35-06:00,https://funeral.com/sitemap_blogs_1.xml
https://funeral.com/blogs/the-journal/what-does-gray-symbolize-color-psychology-meaning-and-when-it-feels-comforting,2026-03-11T02:54:36-05:00,https://funeral.com/sitemap_blogs_1.xml
https://funeral.com/blogs/the-journal/urn-size-for-bernese-mountain-dog,2026-01-29T14:54:40-06:00,https://funeral.com/sitemap_blogs_1.xml
https://funeral.com/blogs/the-journal/cremation-urn-alternatives-36-creative-ideas-including-diy-wooden-urns,2026-01-29T14:54:42-06:00,https://funeral.com/sitemap_blogs_1.xml
https://funeral.com/blogs/the-journal/urn-size-for-shih-tzu,2026-01-29T14:54:44-06:00,https://funeral.com/sitemap_blogs_1.xml
https://funeral.com/blogs/the-journal/what-to-send-after-someone-dies-thoughtful-sympathy-gifts-uk-us-friendly-ideas,2026-01-29T14:54:45-06:00,https://funeral.com/sitemap_blogs_1.xml
https://funeral.com/blogs/the-journal/pet-memorial-garden-ideas-plants-stones-and-meaningful-ways-to-honor-your-pet-outdoors,2026-01-29T14:54:47-06:00,https://funeral.com/sitemap_blogs_1.xml
https://funeral.com/blogs/the-journal/bird-symbolism-after-loss-what-birds-can-represent-in-grief-and-culture,2026-01-29T14:54:49-06:00,https://funeral.com/sitemap_blogs_1.xml
https://funeral.com/blogs/the-journal/tsa-approved-urns-what-to-bring-when-flying-with-cremated-remains,2026-03-17T17:13:51-05:00,https://funeral.com/sitemap_blogs_1.xml
https://funeral.com/blogs/the-journal/urn-size-for-great-dane,2026-01-29T14:54:52-06:00,https://funeral.com/sitemap_blogs_1.xml
https://funeral.com/blogs/the-journal/urn-size-for-pomeranian,2026-01-29T14:54:53-06:00,https://funeral.com/sitemap_blogs_1.xml
https://funeral.com/blogs/the-journal/wood-cremation-urns-101-hardwood-vs-veneer-care-tips-and-when-to-upgrade,2026-01-29T14:54:55-06:00,https://funeral.com/sitemap_blogs_1.xml
https://funeral.com/blogs/the-journal/how-to-support-a-grieving-neighbor-thoughtful-gestures-and-gifts-besides-flowers,2026-01-29T14:54:56-06:00,https://funeral.com/sitemap_blogs_1.xml
https://funeral.com/blogs/the-journal/blue-in-islam-meaning-symbolism-and-the-psychology-of-color,2026-03-13T02:06:57-05:00,https://funeral.com/sitemap_blogs_1.xml
https://funeral.com/blogs/the-journal/urn-size-for-boston-terrier,2026-01-29T14:55:01-06:00,https://funeral.com/sitemap_blogs_1.xml
https://funeral.com/blogs/the-journal/the-cheapest-funeral-options-in-2025-direct-cremation-simple-burial-and-cost-saving-tips,2026-01-29T14:55:03-06:00,https://funeral.com/sitemap_blogs_1.xml
https://funeral.com/blogs/the-journal/what-is-a-burial-urn-materials-cemetery-rules-and-how-urn-burial-work,2026-01-29T14:55:05-06:00,https://funeral.com/sitemap_blogs_1.xml
https://funeral.com/blogs/the-journal/how-much-do-cremation-urns-cost-price-ranges-what-drives-cost-and-ways-to-save,2026-01-29T14:55:07-06:00,https://funeral.com/sitemap_blogs_1.xml
https://funeral.com/blogs/the-journal/urn-size-for-miniature-american-shepherd,2026-01-29T14:55:11-06:00,https://funeral.com/sitemap_blogs_1.xml
https://funeral.com/blogs/the-journal/average-cost-of-cremation-and-an-urn-what-you-ll-pay-in-2025-plus-budget-friendly-options,2026-03-21T18:13:28-05:00,https://funeral.com/sitemap_blogs_1.xml
https://funeral.com/blogs/the-journal/urn-size-for-havanese,2026-01-29T14:55:16-06:00,https://funeral.com/sitemap_blogs_1.xml
https://funeral.com/blogs/the-journal/urn-size-for-siberian-husky,2026-01-29T14:55:18-06:00,https://funeral.com/sitemap_blogs_1.xml
https://funeral.com/blogs/the-journal/how-much-does-cremation-jewelry-cost-price-ranges-for-necklaces-rings-and-memorial-diamonds,2026-01-29T14:55:20-06:00,https://funeral.com/sitemap_blogs_1.xml
https://funeral.com/blogs/the-journal/urn-size-for-chihuahua,2026-01-29T14:55:22-06:00,https://funeral.com/sitemap_blogs_1.xml
https://funeral.com/blogs/the-journal/do-cremation-ashes-go-bad-how-long-cremated-remains-last-and-the-best-ways-to-store-them,2026-01-29T14:55:24-06:00,https://funeral.com/sitemap_blogs_1.xml
https://funeral.com/blogs/the-journal/cremation-cost-breakdown-what-you-re-paying-for-and-10-ways-to-lower-the-total,2026-01-29T14:55:25-06:00,https://funeral.com/sitemap_blogs_1.xml
https://funeral.com/blogs/the-journal/memorial-candles-meaning-symbolism-and-how-to-use-them-in-services-religious-and-secular,2026-01-29T14:55:27-06:00,https://funeral.com/sitemap_blogs_1.xml
https://funeral.com/blogs/the-journal/do-cremation-ashes-go-bad-how-long-cremains-last-and-what-those-white-chunks-mean,2026-03-11T01:04:40-05:00,https://funeral.com/sitemap_blogs_1.xml
https://funeral.com/blogs/the-journal/pet-urn-size-calculator-choosing-the-right-capacity-for-cats-and-dogs-plus-keepsake-options,2026-01-29T14:55:29-06:00,https://funeral.com/sitemap_blogs_1.xml
https://funeral.com/blogs/the-journal/pet-memorial-keepsakes-guide-urns-wind-chimes-stones-and-personalized-tribute-gifts,2026-01-29T14:55:31-06:00,https://funeral.com/sitemap_blogs_1.xml
https://funeral.com/blogs/the-journal/15-meaningful-things-to-do-with-your-pet-s-ashes-ideas-for-dogs-cats-and-other-pets,2026-01-29T14:55:33-06:00,https://funeral.com/sitemap_blogs_1.xml
https://funeral.com/blogs/the-journal/how-to-store-your-pet-s-ashes-at-home-urns-keepsakes-and-safety-tips,2026-03-21T21:56:49-05:00,https://funeral.com/sitemap_blogs_1.xml
https://funeral.com/blogs/the-journal/what-to-do-with-cremation-ashes-10-options-to-scatter-bury-keep-or-turn-into-keepsakes,2026-01-29T14:55:38-06:00,https://funeral.com/sitemap_blogs_1.xml
https://funeral.com/blogs/the-journal/sympathy-gifts-vs-sympathy-gestures-food-flowers-donations-and-keepsakes-that-comfort,2026-01-29T14:55:39-06:00,https://funeral.com/sitemap_blogs_1.xml
https://funeral.com/blogs/the-journal/urn-and-cremation-costs-breakdown-what-you-ll-pay-for-the-urn-and-what-s-separate,2026-01-29T14:55:41-06:00,https://funeral.com/sitemap_blogs_1.xml
https://funeral.com/blogs/the-journal/how-much-do-cremation-urns-cost-pricing-by-size-material-and-where-you-buy,2026-01-29T14:55:43-06:00,https://funeral.com/sitemap_blogs_1.xml
https://funeral.com/blogs/the-journal/best-material-for-a-cremation-urn-metal-vs-wood-vs-ceramic-vs-biodegradable,2026-01-29T14:55:44-06:00,https://funeral.com/sitemap_blogs_1.xml
https://funeral.com/blogs/the-journal/how-to-transfer-ashes-into-an-urn-safely-step-by-step-filling-sealing-and-cleanup-tips,2026-01-29T14:55:46-06:00,https://funeral.com/sitemap_blogs_1.xml
https://funeral.com/blogs/the-journal/what-to-do-with-your-pet-s-ashes-meaningful-memorial-ideas-urns-jewelry-scattering-more,2026-01-29T14:55:47-06:00,https://funeral.com/sitemap_blogs_1.xml
https://funeral.com/blogs/the-journal/what-is-a-keepsake-urn-mini-and-tiny-urn-sizes-uses-and-buying-tips,2026-01-29T14:55:49-06:00,https://funeral.com/sitemap_blogs_1.xml
https://funeral.com/blogs/the-journal/what-to-do-with-cremation-ashes-15-meaningful-ideas-keepsakes-scattering-and-more,2026-01-29T14:55:50-06:00,https://funeral.com/sitemap_blogs_1.xml
https://funeral.com/blogs/the-journal/what-to-do-with-cremation-ashes-25-meaningful-ideas-keepsakes-scattering-burial,2026-03-25T02:15:09-05:00,https://funeral.com/sitemap_blogs_1.xml
https://funeral.com/blogs/the-journal/is-it-legal-to-keep-cremation-ashes-at-home-rules-best-practices-and-how-to-transfer-ashes-into-an-urn,2026-01-29T14:55:53-06:00,https://funeral.com/sitemap_blogs_1.xml
https://funeral.com/blogs/the-journal/condolence-messages-75-examples-for-sympathy-cards-texts-and-coworkers,2026-03-20T23:06:42-05:00,https://funeral.com/sitemap_blogs_1.xml
https://funeral.com/blogs/the-journal/what-to-write-in-a-sympathy-card-and-whatsapp-comforting-condolence-messages-in-english-spanish,2026-03-11T19:41:51-05:00,https://funeral.com/sitemap_blogs_1.xml
https://funeral.com/blogs/the-journal/how-to-write-a-sympathy-message-in-spanish-dos-don-ts-and-ready-to-use-templates,2026-01-29T14:55:58-06:00,https://funeral.com/sitemap_blogs_1.xml
https://funeral.com/blogs/the-journal/what-to-write-in-a-sympathy-card-50-comforting-messages-simple-etiquette-tips,2026-01-29T14:56:00-06:00,https://funeral.com/sitemap_blogs_1.xml
https://funeral.com/blogs/the-journal/condolence-messages-for-a-coworker-professional-examples-plus-spanish-options,2026-03-06T22:25:25-06:00,https://funeral.com/sitemap_blogs_1.xml
https://funeral.com/blogs/the-journal/how-to-say-rest-in-peace-in-spanish-phrases-for-texts-obituaries-and-memorial-posts,2026-03-07T20:07:49-06:00,https://funeral.com/sitemap_blogs_1.xml
https://funeral.com/blogs/the-journal/what-to-do-with-cremation-ashes-25-meaningful-ideas-for-scattering-keeping-or-sharing,2026-01-29T14:56:05-06:00,https://funeral.com/sitemap_blogs_1.xml
https://funeral.com/blogs/the-journal/how-to-give-condolences-in-spanish-what-to-say-como-dar-el-pesame,2026-03-08T00:34:05-06:00,https://funeral.com/sitemap_blogs_1.xml
https://funeral.com/blogs/the-journal/urn-sizes-explained-capacity-chart-the-1-lb-rule-how-to-choose-the-right-urn,2026-01-29T14:56:09-06:00,https://funeral.com/sitemap_blogs_1.xml
https://funeral.com/blogs/the-journal/what-to-text-someone-who-s-grieving-comforting-messages-what-not-to-say,2026-03-08T00:58:37-06:00,https://funeral.com/sitemap_blogs_1.xml
https://funeral.com/blogs/the-journal/what-to-say-after-a-funeral-simple-phrases-for-texts-calls-sympathy-cards,2026-03-11T23:45:44-05:00,https://funeral.com/sitemap_blogs_1.xml
https://funeral.com/blogs/the-journal/cremation-boxes-urns-what-they-are-how-they-work-and-where-to-buy,2026-01-29T14:57:57-06:00,https://funeral.com/sitemap_blogs_1.xml
https://funeral.com/blogs/the-journal/tree-of-life-meaning-symbolism-across-cultures-and-why-it-s-popular-for-memorial-jewelry,2026-01-29T14:57:59-06:00,https://funeral.com/sitemap_blogs_1.xml
https://funeral.com/blogs/the-journal/urn-size-for-english-springer-spaniel,2026-01-29T14:58:00-06:00,https://funeral.com/sitemap_blogs_1.xml
https://funeral.com/blogs/the-journal/cremation-urn-options-materials-biodegradable-choices-and-picking-the-right-container-for-ashes,2026-01-29T14:58:03-06:00,https://funeral.com/sitemap_blogs_1.xml
https://funeral.com/blogs/the-journal/57-things-to-do-with-cremation-ashes-meaningful-creative-practical-ideas,2026-03-19T21:12:49-05:00,https://funeral.com/sitemap_blogs_1.xml
https://funeral.com/blogs/the-journal/urn-size-for-shetland-sheepdog,2026-01-29T14:58:06-06:00,https://funeral.com/sitemap_blogs_1.xml
https://funeral.com/blogs/the-journal/urn-size-for-border-collie,2026-01-29T14:58:08-06:00,https://funeral.com/sitemap_blogs_1.xml
https://funeral.com/blogs/the-journal/cardinal-sympathy-quotes-red-cardinal-sayings-about-angels-hope-loved-ones,2026-03-19T23:36:14-05:00,https://funeral.com/sitemap_blogs_1.xml
https://funeral.com/blogs/the-journal/urn-size-for-brittany,2026-01-29T14:58:13-06:00,https://funeral.com/sitemap_blogs_1.xml
https://funeral.com/blogs/the-journal/urn-size-for-cocker-spaniel,2026-01-29T14:58:15-06:00,https://funeral.com/sitemap_blogs_1.xml
https://funeral.com/blogs/the-journal/urn-size-for-belgian-malinois,2026-01-29T14:58:17-06:00,https://funeral.com/sitemap_blogs_1.xml
https://funeral.com/blogs/the-journal/urn-size-for-basset-hound,2026-01-29T14:58:18-06:00,https://funeral.com/sitemap_blogs_1.xml
https://funeral.com/blogs/the-journal/where-to-put-cremation-ashes-10-options-for-home-cemetery-scattering-more,2026-01-29T14:58:20-06:00,https://funeral.com/sitemap_blogs_1.xml
https://funeral.com/blogs/the-journal/urn-size-for-vizsla,2026-01-29T14:58:23-06:00,https://funeral.com/sitemap_blogs_1.xml
https://funeral.com/blogs/the-journal/urn-size-for-english-cocker-spaniel,2026-01-29T14:58:25-06:00,https://funeral.com/sitemap_blogs_1.xml
https://funeral.com/blogs/the-journal/urn-size-for-maltese,2026-01-29T14:58:26-06:00,https://funeral.com/sitemap_blogs_1.xml
https://funeral.com/blogs/the-journal/urn-size-for-pug,2026-01-29T14:58:28-06:00,https://funeral.com/sitemap_blogs_1.xml
https://funeral.com/blogs/the-journal/urn-size-for-collie,2026-01-29T14:58:30-06:00,https://funeral.com/sitemap_blogs_1.xml
https://funeral.com/blogs/the-journal/urn-size-for-mastiff,2026-01-29T14:58:31-06:00,https://funeral.com/sitemap_blogs_1.xml
https://funeral.com/blogs/the-journal/urn-size-for-west-highland-white-terrier,2026-01-29T14:58:33-06:00,https://funeral.com/sitemap_blogs_1.xml
https://funeral.com/blogs/the-journal/urn-size-for-shiba-inu,2026-01-29T14:58:35-06:00,https://funeral.com/sitemap_blogs_1.xml
https://funeral.com/blogs/the-journal/urn-size-for-rhodesian-ridgeback,2026-01-29T14:58:37-06:00,https://funeral.com/sitemap_blogs_1.xml
https://funeral.com/blogs/the-journal/urn-size-for-papillon,2026-01-29T14:58:38-06:00,https://funeral.com/sitemap_blogs_1.xml
https://funeral.com/blogs/the-journal/urn-size-for-portuguese-water-dog,2026-01-29T14:58:40-06:00,https://funeral.com/sitemap_blogs_1.xml
https://funeral.com/blogs/the-journal/urn-size-for-bichon-frise,2026-01-29T14:58:41-06:00,https://funeral.com/sitemap_blogs_1.xml
https://funeral.com/blogs/the-journal/condolence-messages-for-coworkers-professional-sympathy-texts-notes-emails,2026-03-06T16:21:35-06:00,https://funeral.com/sitemap_blogs_1.xml
https://funeral.com/blogs/the-journal/urn-size-for-newfoundland,2026-01-29T14:58:45-06:00,https://funeral.com/sitemap_blogs_1.xml
https://funeral.com/blogs/the-journal/urn-size-for-dalmatian,2026-01-29T14:58:48-06:00,https://funeral.com/sitemap_blogs_1.xml
https://funeral.com/blogs/the-journal/urn-size-for-australian-cattle-dog,2026-01-29T14:58:50-06:00,https://funeral.com/sitemap_blogs_1.xml
https://funeral.com/blogs/the-journal/bird-symbolism-in-christianity-doves-eagles-and-what-they-represent,2026-01-29T14:58:52-06:00,https://funeral.com/sitemap_blogs_1.xml
https://funeral.com/blogs/the-journal/urn-size-for-whippet,2026-01-29T14:58:55-06:00,https://funeral.com/sitemap_blogs_1.xml
https://funeral.com/blogs/the-journal/how-pet-cremation-works-private-vs-communal-timeline-and-what-you-receive-back,2026-01-29T14:58:57-06:00,https://funeral.com/sitemap_blogs_1.xml
https://funeral.com/blogs/the-journal/best-cremation-necklaces-for-ashes-materials-styles-and-buying-tips,2026-01-29T14:58:59-06:00,https://funeral.com/sitemap_blogs_1.xml
https://funeral.com/blogs/the-journal/9-meaningful-keepsakes-made-from-ashes-jewelry-glass-art-diamonds-and-more,2026-01-29T14:59:01-06:00,https://funeral.com/sitemap_blogs_1.xml
https://funeral.com/blogs/the-journal/necklace-for-ashes-for-mom-memorial-pendant-styles-materials-amp-engraving-ideas,2026-01-29T14:59:02-06:00,https://funeral.com/sitemap_blogs_1.xml
https://funeral.com/blogs/the-journal/choosing-a-cremation-urn-for-a-child-or-infant-sizes-materials-amp-keepsake-options,2026-01-29T14:59:04-06:00,https://funeral.com/sitemap_blogs_1.xml
https://funeral.com/blogs/the-journal/biodegradable-urns-for-ashes-types-burial-options-how-long-they-last,2026-01-29T14:59:07-06:00,https://funeral.com/sitemap_blogs_1.xml
https://funeral.com/blogs/the-journal/cremation-jewelry-guide-types-metals-engraving-and-how-to-fill-it-safely,2026-01-29T14:59:09-06:00,https://funeral.com/sitemap_blogs_1.xml
https://funeral.com/blogs/the-journal/fishing-themed-cremation-urns-gone-fishing-memorials-for-anglers-styles-sizes-amp-ideas,2026-01-29T14:59:12-06:00,https://funeral.com/sitemap_blogs_1.xml
https://funeral.com/blogs/the-journal/bird-symbolism-in-grief-why-doves-eagles-and-robins-feel-like-signs-of-peace,2026-03-11T19:19:46-05:00,https://funeral.com/sitemap_blogs_1.xml
https://funeral.com/blogs/the-journal/what-to-do-with-cremation-ashes-15-meaningful-options-keeping-scattering-burying-more,2026-01-29T14:59:16-06:00,https://funeral.com/sitemap_blogs_1.xml
https://funeral.com/blogs/the-journal/what-is-a-tulip-origins-types-and-how-to-buy-or-plant-tulip-bulbs,2026-01-29T14:59:18-06:00,https://funeral.com/sitemap_blogs_1.xml
https://funeral.com/blogs/the-journal/burying-ashes-after-cremation-interment-steps-cemetery-rules-what-happens-when-you-receive-ashes,2026-01-29T14:59:20-06:00,https://funeral.com/sitemap_blogs_1.xml
https://funeral.com/blogs/the-journal/135-condolence-phrases-in-spanish-psychology-backed-tips-ready-to-send-messages,2026-03-11T19:38:23-05:00,https://funeral.com/sitemap_blogs_1.xml
https://funeral.com/blogs/the-journal/all-souls-day-explained-meaning-date-traditions-ways-to-remember-loved-ones,2026-01-29T14:59:23-06:00,https://funeral.com/sitemap_blogs_1.xml
https://funeral.com/blogs/the-journal/pet-cremation-faqs-usa-how-it-works-private-vs-communal-and-what-you-receive-back,2026-01-29T14:59:24-06:00,https://funeral.com/sitemap_blogs_1.xml
https://funeral.com/blogs/the-journal/what-to-say-to-a-friend-after-a-loss-spanish-kind-phrases-emotional-support-and-boundaries,2026-01-29T14:59:26-06:00,https://funeral.com/sitemap_blogs_1.xml
https://funeral.com/blogs/the-journal/how-to-give-condolences-in-spanish-what-to-say-what-to-avoid-and-helpful-phrases,2026-03-07T23:06:32-06:00,https://funeral.com/sitemap_blogs_1.xml
https://funeral.com/blogs/the-journal/keepsake-urns-explained-what-they-are-how-much-they-hold-when-to-choose-one,2026-01-29T14:59:29-06:00,https://funeral.com/sitemap_blogs_1.xml
https://funeral.com/blogs/the-journal/200-condolence-messages-you-can-copy-spanish-english-templates-for-friends-family-and-coworkers,2026-03-07T19:23:41-06:00,https://funeral.com/sitemap_blogs_1.xml
https://funeral.com/blogs/the-journal/what-to-do-with-cremation-ashes-10-meaningful-ideas-scattering-jewelry-memorials-and-more,2026-01-29T14:59:32-06:00,https://funeral.com/sitemap_blogs_1.xml
https://funeral.com/blogs/the-journal/funeral-and-cremation-terms-glossary-urn-columbarium-ossuary-and-more,2026-01-29T14:59:34-06:00,https://funeral.com/sitemap_blogs_1.xml
https://funeral.com/blogs/the-journal/veterinary-clinics-and-end-of-life-what-to-expect-what-to-ask-and-how-to-plan-a-meaningful-goodbye,2026-01-29T14:59:35-06:00,https://funeral.com/sitemap_blogs_1.xml
https://funeral.com/blogs/the-journal/what-to-do-after-a-pet-dies-a-gentle-practical-guide-for-the-first-hour-first-day-and-the-days-after,2026-01-29T14:59:37-06:00,https://funeral.com/sitemap_blogs_1.xml
https://funeral.com/blogs/the-journal/symbols-of-grief-and-mourning-25-common-icons-and-what-they-represent,2026-03-07T15:56:03-06:00,https://funeral.com/sitemap_blogs_1.xml
https://funeral.com/blogs/the-journal/what-to-do-with-cremation-ashes-25-meaningful-ideas-plus-what-to-avoid,2026-01-29T14:59:40-06:00,https://funeral.com/sitemap_blogs_1.xml
https://funeral.com/blogs/the-journal/ceramic-urns-pros-cons-durability-and-when-ceramic-is-the-best-choice,2026-01-29T14:59:42-06:00,https://funeral.com/sitemap_blogs_1.xml
https://funeral.com/blogs/the-journal/urn-return-policies-and-guarantees-what-s-returnable-what-s-not-and-why,2026-01-29T14:59:43-06:00,https://funeral.com/sitemap_blogs_1.xml
https://funeral.com/blogs/the-journal/31-creative-cremation-ashes-ideas-from-urn-displays-to-memorial-jewelry,2026-01-29T14:59:45-06:00,https://funeral.com/sitemap_blogs_1.xml
https://funeral.com/blogs/the-journal/cremation-urn-size-calculator-find-the-right-capacity-plus-a-simple-size-chart,2026-01-29T14:59:46-06:00,https://funeral.com/sitemap_blogs_1.xml
https://funeral.com/blogs/the-journal/condolences-on-social-media-what-to-comment-dm-or-post-spanish-english-examples,2026-01-29T14:59:48-06:00,https://funeral.com/sitemap_blogs_1.xml
https://funeral.com/blogs/the-journal/condolence-messages-for-the-loss-of-a-father-what-to-say-with-spanish-examples,2026-01-29T14:59:49-06:00,https://funeral.com/sitemap_blogs_1.xml
https://funeral.com/blogs/the-journal/is-an-urn-required-for-cremation-or-cemetery-burial-containers-rules-and-urn-vaults,2026-01-29T14:59:51-06:00,https://funeral.com/sitemap_blogs_1.xml
https://funeral.com/blogs/the-journal/10-meaningful-things-to-do-with-cremation-ashes-beyond-a-traditional-urn,2026-01-29T14:59:52-06:00,https://funeral.com/sitemap_blogs_1.xml
https://funeral.com/blogs/the-journal/36-creative-urn-alternatives-for-ashes-jewelry-trees-art-more,2026-01-29T14:59:54-06:00,https://funeral.com/sitemap_blogs_1.xml
https://funeral.com/blogs/the-journal/what-size-urn-do-i-need-the-1-cubic-inch-rule-when-to-round-up-and-special-cases,2026-03-08T20:44:32-05:00,https://funeral.com/sitemap_blogs_1.xml
https://funeral.com/blogs/the-journal/can-you-open-an-urn-later-how-to-unseal-safely-respectfully-and-usually-legally,2026-01-29T14:59:57-06:00,https://funeral.com/sitemap_blogs_1.xml
https://funeral.com/blogs/the-journal/are-ashes-loose-in-an-urn-how-cremains-are-returned-and-how-to-transfer-them-cleanly,2026-01-29T15:00:01-06:00,https://funeral.com/sitemap_blogs_1.xml
https://funeral.com/blogs/the-journal/pet-cremation-options-private-vs-communal-what-individual-really-means-and-how-to-choose-with-confidence,2026-01-29T15:00:03-06:00,https://funeral.com/sitemap_blogs_1.xml
https://funeral.com/blogs/the-journal/when-to-put-a-pet-down-a-compassionate-clear-guide-to-knowing-when-it-s-time,2026-01-29T15:00:04-06:00,https://funeral.com/sitemap_blogs_1.xml
https://funeral.com/blogs/the-journal/urn-size-calculator-chart-how-to-choose-the-right-cremation-urn-capacity,2026-01-29T15:00:06-06:00,https://funeral.com/sitemap_blogs_1.xml
https://funeral.com/blogs/the-journal/4-rules-for-choosing-the-right-urn-for-ashes-capacity-material-use-case-and-closure,2026-01-29T15:00:09-06:00,https://funeral.com/sitemap_blogs_1.xml
https://funeral.com/blogs/the-journal/pet-end-of-life-care-comfort-planning-euthanasia-decisions-and-what-happens-after,2026-01-29T15:00:11-06:00,https://funeral.com/sitemap_blogs_1.xml
https://funeral.com/blogs/the-journal/living-will-vs-health-care-power-of-attorney-the-difference-that-matters,2026-05-25T22:45:03-05:00,https://funeral.com/sitemap_blogs_1.xml
https://funeral.com/blogs/the-journal/how-long-do-cremated-ashes-last-storage-urn-seals-and-what-happens-over-time,2026-03-17T20:06:30-05:00,https://funeral.com/sitemap_blogs_1.xml
https://funeral.com/blogs/the-journal/best-companion-urn-styles-photo-heart-stainless-wood-and-modern-designs,2026-01-29T15:00:18-06:00,https://funeral.com/sitemap_blogs_1.xml
https://funeral.com/blogs/the-journal/urn-vaults-explained-when-cemeteries-require-one-and-how-to-choose,2026-08-31T11:17:32-05:00,https://funeral.com/sitemap_blogs_1.xml
https://funeral.com/blogs/the-journal/burying-cremation-ashes-cemetery-rules-burial-urns-and-step-by-step-interment-planning-2024,2026-01-29T15:00:21-06:00,https://funeral.com/sitemap_blogs_1.xml
https://funeral.com/blogs/the-journal/what-are-cremation-ashes-made-of-white-chunks-texture-and-what-you-receive,2026-03-08T01:01:01-06:00,https://funeral.com/sitemap_blogs_1.xml
https://funeral.com/blogs/the-journal/where-to-find-affordable-cremation-urns-budget-options-materials-and-red-flags,2026-01-29T15:00:25-06:00,https://funeral.com/sitemap_blogs_1.xml
https://funeral.com/blogs/the-journal/mini-small-and-tiny-urns-for-ashes-sizes-uses-and-how-to-choose,2026-01-29T15:00:26-06:00,https://funeral.com/sitemap_blogs_1.xml
https://funeral.com/blogs/the-journal/biodegradable-urns-for-ashes-best-eco-options-for-land-burial-or-sea-scattering,2026-01-29T15:00:28-06:00,https://funeral.com/sitemap_blogs_1.xml
https://funeral.com/blogs/the-journal/companion-urns-explained-how-double-urns-work-for-couples-and-shared-memorials,2026-03-21T01:56:54-05:00,https://funeral.com/sitemap_blogs_1.xml
https://funeral.com/blogs/the-journal/urn-sizing-101-full-size-vs-keepsake-urns-capacity-charts-and-calculator-tips,2026-01-29T15:00:31-06:00,https://funeral.com/sitemap_blogs_1.xml
https://funeral.com/blogs/the-journal/57-creative-and-practical-things-to-put-ashes-in-urn-alternatives-keepsakes-and-display-ideas,2026-03-18T22:14:24-05:00,https://funeral.com/sitemap_blogs_1.xml
https://funeral.com/blogs/the-journal/what-are-cremation-ashes-made-of-cremains-explained-bone-fragments-minerals-and-myths,2026-01-29T15:00:35-06:00,https://funeral.com/sitemap_blogs_1.xml
https://funeral.com/blogs/the-journal/are-ashes-loose-in-an-urn-how-cremains-are-packaged-and-transferred-safely,2026-08-10T05:20:11-05:00,https://funeral.com/sitemap_blogs_1.xml
https://funeral.com/blogs/the-journal/how-much-do-cremation-ashes-weigh-typical-amounts-volume-and-urn-sizing-tips,2026-01-29T15:00:38-06:00,https://funeral.com/sitemap_blogs_1.xml
https://funeral.com/blogs/the-journal/how-to-arrange-urn-burial-steps-permits-cemetery-policies-and-service-ideas,2026-01-29T15:00:39-06:00,https://funeral.com/sitemap_blogs_1.xml
https://funeral.com/blogs/the-journal/cremation-urn-memorial-quotes-50-saying-ideas-for-a-loved-one-s-urn-or-plaque,2026-03-12T16:48:28-05:00,https://funeral.com/sitemap_blogs_1.xml
https://funeral.com/blogs/the-journal/alternatives-to-a-traditional-urn-keepsakes-made-from-ashes-and-other-memorial-options,2026-01-29T15:00:43-06:00,https://funeral.com/sitemap_blogs_1.xml
https://funeral.com/blogs/the-journal/who-gets-custody-of-cremated-remains-next-of-kin-rules-disputes-and-what-to-do,2026-03-20T20:23:15-05:00,https://funeral.com/sitemap_blogs_1.xml
https://funeral.com/blogs/the-journal/urn-size-guide-calculator-how-to-choose-the-right-capacity-cubic-inches,2026-01-29T15:00:46-06:00,https://funeral.com/sitemap_blogs_1.xml
https://funeral.com/blogs/the-journal/unique-cremation-urn-ideas-personalized-diy-and-meaningful-ways-to-keep-ashes,2026-01-29T15:00:48-06:00,https://funeral.com/sitemap_blogs_1.xml
https://funeral.com/blogs/the-journal/are-urns-sealed-after-cremation-closure-types-how-to-reseal-and-tamper-concerns,2026-03-11T23:49:52-05:00,https://funeral.com/sitemap_blogs_1.xml
https://funeral.com/blogs/the-journal/burying-an-urn-in-a-cemetery-vault-requirements-burial-depth-and-typical-costs,2026-01-29T15:00:51-06:00,https://funeral.com/sitemap_blogs_1.xml
https://funeral.com/blogs/the-journal/tulip-meaning-by-color-symbolism-in-the-language-of-flowers,2026-01-29T15:00:53-06:00,https://funeral.com/sitemap_blogs_1.xml
https://funeral.com/blogs/the-journal/sympathy-gifts-for-the-loss-of-a-child-25-thoughtful-ideas-that-go-beyond-flowers,2026-03-08T15:52:18-05:00,https://funeral.com/sitemap_blogs_1.xml
https://funeral.com/blogs/the-journal/cremation-urn-materials-guide-metal-wood-ceramic-glass-and-biodegradable-options,2026-01-29T15:01:53-06:00,https://funeral.com/sitemap_blogs_1.xml
https://funeral.com/blogs/the-journal/diy-at-home-memorial-ideas-create-a-meaningful-space-to-remember-a-loved-one,2026-01-29T15:01:55-06:00,https://funeral.com/sitemap_blogs_1.xml
https://funeral.com/blogs/the-journal/personalizing-a-cremation-urn-engraving-options-photo-prints-what-to-ask,2026-01-29T15:01:57-06:00,https://funeral.com/sitemap_blogs_1.xml
https://funeral.com/blogs/the-journal/religious-views-on-cremation-what-major-faiths-believe-and-how-to-plan-respectfully,2026-01-29T15:01:59-06:00,https://funeral.com/sitemap_blogs_1.xml
https://funeral.com/blogs/the-journal/how-to-choose-a-decorative-urn-for-ashes-style-size-placement-and-budget,2026-01-29T15:02:00-06:00,https://funeral.com/sitemap_blogs_1.xml
https://funeral.com/blogs/the-journal/which-religion-is-most-associated-with-cremation-hinduism-buddhism-and-cultural-reasons,2026-01-29T15:02:03-06:00,https://funeral.com/sitemap_blogs_1.xml
https://funeral.com/blogs/the-journal/biodegradable-water-urns-for-ashes-how-they-float-sink-and-dissolve-plus-top-options,2026-03-17T18:37:04-05:00,https://funeral.com/sitemap_blogs_1.xml
https://funeral.com/blogs/the-journal/which-urns-last-the-longest-durability-by-material-sealing-tips-and-outdoor-use,2026-01-29T15:02:09-06:00,https://funeral.com/sitemap_blogs_1.xml
https://funeral.com/blogs/the-journal/what-size-urn-do-i-need-cremation-urn-capacity-chart-and-calculator-guide,2026-01-29T15:02:11-06:00,https://funeral.com/sitemap_blogs_1.xml
https://funeral.com/blogs/the-journal/why-red-poppies-symbolize-memorial-day-meaning-history-and-how-to-honor-the-fallen,2026-01-29T15:02:13-06:00,https://funeral.com/sitemap_blogs_1.xml
https://funeral.com/blogs/the-journal/what-to-do-with-a-loved-one-s-ashes-scatter-bury-keep-at-home-or-create-a-memorial,2026-03-08T20:43:58-05:00,https://funeral.com/sitemap_blogs_1.xml
https://funeral.com/blogs/the-journal/memorial-quotes-and-sayings-short-lines-for-programs-plaques-and-urn-engraving,2026-03-21T21:15:36-05:00,https://funeral.com/sitemap_blogs_1.xml
https://funeral.com/blogs/the-journal/how-to-choose-the-right-urn-size-material-style-and-budget-checklist,2026-01-29T15:02:19-06:00,https://funeral.com/sitemap_blogs_1.xml
https://funeral.com/blogs/the-journal/where-can-you-scatter-ashes-u-s-laws-permissions-and-best-practices-by-location,2026-01-29T15:02:21-06:00,https://funeral.com/sitemap_blogs_1.xml
https://funeral.com/blogs/the-journal/memorial-day-flowers-and-symbols-why-red-poppies-matter-and-other-meaningful-choices,2026-01-29T15:02:23-06:00,https://funeral.com/sitemap_blogs_1.xml
https://funeral.com/blogs/the-journal/keepsake-urn-size-chart-choosing-capacity-for-sharing-ashes-jewelry-and-small-memorials,2026-01-29T15:02:25-06:00,https://funeral.com/sitemap_blogs_1.xml
https://funeral.com/blogs/the-journal/in-loving-memory-quotes-epitaph-and-headstone-inscription-ideas-for-any-loved-one,2026-03-24T21:44:31-05:00,https://funeral.com/sitemap_blogs_1.xml
https://funeral.com/blogs/the-journal/how-are-cremation-urns-buried-burial-urns-vaults-and-cemetery-requirements,2026-01-29T15:02:29-06:00,https://funeral.com/sitemap_blogs_1.xml
https://funeral.com/blogs/the-journal/turning-ashes-into-a-memorial-tree-how-the-living-urn-works-and-what-to-expect,2026-01-29T15:02:31-06:00,https://funeral.com/sitemap_blogs_1.xml
https://funeral.com/blogs/the-journal/how-to-offer-condolences-what-to-say-and-do-for-friends-coworkers-and-families-in-grief,2026-01-29T15:02:32-06:00,https://funeral.com/sitemap_blogs_1.xml
https://funeral.com/blogs/the-journal/what-are-cremation-ashes-made-of-a-simple-breakdown-of-cremains-and-composition,2026-01-29T15:02:34-06:00,https://funeral.com/sitemap_blogs_1.xml
https://funeral.com/blogs/the-journal/what-metals-are-cremation-jewelry-made-of-sterling-silver-vs-stainless-steel-vs-gold,2026-01-29T15:02:35-06:00,https://funeral.com/sitemap_blogs_1.xml
https://funeral.com/blogs/the-journal/what-to-write-in-a-sympathy-card-examples-etiquette-tips-and-short-messages-that-feel-genuine,2026-03-20T17:19:40-05:00,https://funeral.com/sitemap_blogs_1.xml
https://funeral.com/blogs/the-journal/inurnment-meaning-and-ceremony-ideas-columbarium-services-etiquette-and-planning,2026-03-25T08:08:10-05:00,https://funeral.com/sitemap_blogs_1.xml
https://funeral.com/blogs/the-journal/how-much-ash-is-left-after-cremation-typical-volume-weight-and-urn-capacity,2026-01-29T15:02:41-06:00,https://funeral.com/sitemap_blogs_1.xml
https://funeral.com/blogs/the-journal/headstone-engraving-vs-etching-vs-laser-what-s-the-difference-and-which-looks-best,2026-01-29T15:02:45-06:00,https://funeral.com/sitemap_blogs_1.xml
https://funeral.com/blogs/the-journal/50-memorial-quotes-for-announcement-cards-programs-plaques-with-quick-choosing-tips,2026-01-29T15:02:46-06:00,https://funeral.com/sitemap_blogs_1.xml
https://funeral.com/blogs/the-journal/how-to-put-ashes-into-an-urn-step-by-step-filling-closing-and-sealing-tips,2026-01-29T15:02:48-06:00,https://funeral.com/sitemap_blogs_1.xml
https://funeral.com/blogs/the-journal/when-a-cardinal-appears-sympathy-quotes-sayings-about-loved-ones-in-heaven,2026-01-29T15:02:50-06:00,https://funeral.com/sitemap_blogs_1.xml
https://funeral.com/blogs/the-journal/what-to-text-a-grieving-parent-comforting-messages-and-what-not-to-say,2026-03-17T23:31:01-05:00,https://funeral.com/sitemap_blogs_1.xml
https://funeral.com/blogs/the-journal/ceramic-urns-for-ashes-pros-cons-durability-and-can-you-keep-one-outdoors,2026-03-08T20:26:48-05:00,https://funeral.com/sitemap_blogs_1.xml
https://funeral.com/blogs/the-journal/do-you-need-to-buy-an-urn-from-the-funeral-home-pros-cons-and-how-to-decide,2026-01-29T15:02:55-06:00,https://funeral.com/sitemap_blogs_1.xml
https://funeral.com/blogs/the-journal/sympathy-quotes-for-cards-texts-and-flowers-short-messages-for-any-loss,2026-03-25T16:54:59-05:00,https://funeral.com/sitemap_blogs_1.xml
https://funeral.com/blogs/the-journal/diy-urn-ideas-from-craft-stores-how-to-repurpose-containers-safely-and-respectfully,2026-03-20T02:18:23-05:00,https://funeral.com/sitemap_blogs_1.xml
https://funeral.com/blogs/the-journal/best-places-to-buy-an-urn-online-vs-local-shops-returns-and-what-to-check-first,2026-01-29T15:03:01-06:00,https://funeral.com/sitemap_blogs_1.xml
https://funeral.com/blogs/the-journal/how-to-comfort-someone-who-is-grieving-over-text-examples-templates-and-do-s-don-ts,2026-03-11T02:48:51-05:00,https://funeral.com/sitemap_blogs_1.xml
https://funeral.com/blogs/the-journal/is-it-illegal-to-open-an-urn-common-us-considerations-cemetery-rules-and-safe-steps,2026-01-29T15:03:04-06:00,https://funeral.com/sitemap_blogs_1.xml
https://funeral.com/blogs/the-journal/can-you-bury-cremated-remains-cemetery-rules-home-burial-tips-and-what-to-expect,2026-01-29T15:03:06-06:00,https://funeral.com/sitemap_blogs_1.xml
https://funeral.com/blogs/the-journal/how-much-do-cremation-urns-cost-typical-price-ranges-and-easy-ways-to-save,2026-01-29T15:03:08-06:00,https://funeral.com/sitemap_blogs_1.xml
https://funeral.com/blogs/the-journal/mini-keepsake-urns-what-they-are-typical-sizes-and-when-to-choose-one,2026-01-29T15:03:10-06:00,https://funeral.com/sitemap_blogs_1.xml
https://funeral.com/blogs/the-journal/condolence-messages-for-a-coworker-what-to-write-in-a-card-text-or-email,2026-03-06T19:09:50-06:00,https://funeral.com/sitemap_blogs_1.xml
https://funeral.com/blogs/the-journal/cremation-jewelry-options-necklaces-rings-ash-in-glass-and-memorial-diamonds-explained,2026-01-29T15:03:16-06:00,https://funeral.com/sitemap_blogs_1.xml
https://funeral.com/blogs/the-journal/how-long-do-biodegradable-urns-last-decomposition-timelines-by-material-and-setting,2026-01-29T15:03:17-06:00,https://funeral.com/sitemap_blogs_1.xml
https://funeral.com/blogs/the-journal/wicker-caskets-explained-history-materials-and-when-a-woven-coffin-makes-sense,2026-01-29T15:03:19-06:00,https://funeral.com/sitemap_blogs_1.xml
https://funeral.com/blogs/the-journal/best-places-to-buy-an-urn-online-vs-retail-vs-funeral-home-pros-cons-and-returns,2026-01-29T15:03:21-06:00,https://funeral.com/sitemap_blogs_1.xml
https://funeral.com/blogs/the-journal/are-ashes-loose-in-an-urn-how-cremains-are-packaged-and-how-to-transfer-them,2026-01-29T15:03:22-06:00,https://funeral.com/sitemap_blogs_1.xml
https://funeral.com/blogs/the-journal/urn-alternatives-creative-meaningful-options-beyond-the-traditional-ash-urn,2026-01-29T15:03:26-06:00,https://funeral.com/sitemap_blogs_1.xml
https://funeral.com/blogs/the-journal/what-is-a-companion-urn-and-how-does-it-work-side-by-side-vs-divided-designs,2026-01-29T15:03:27-06:00,https://funeral.com/sitemap_blogs_1.xml
https://funeral.com/blogs/the-journal/urn-size-calculator-guide-how-to-choose-the-right-cremation-urn-capacity,2026-01-29T15:03:28-06:00,https://funeral.com/sitemap_blogs_1.xml
https://funeral.com/blogs/the-journal/companion-urn-guide-types-sizes-and-how-to-choose-a-double-urn-for-two-people,2026-01-29T15:03:30-06:00,https://funeral.com/sitemap_blogs_1.xml
https://funeral.com/blogs/the-journal/wooden-box-urns-measuring-sizing-and-choosing-the-right-style-for-ashes,2026-01-29T15:03:32-06:00,https://funeral.com/sitemap_blogs_1.xml
https://funeral.com/blogs/the-journal/what-to-send-instead-of-flowers-after-a-loss-25-thoughtful-sympathy-gift-ideas,2026-03-12T00:07:08-05:00,https://funeral.com/sitemap_blogs_1.xml
https://funeral.com/blogs/the-journal/what-size-urn-do-i-need-urn-size-guide-cubic-inches-and-keepsake-vs-adult-urns,2026-01-29T15:03:36-06:00,https://funeral.com/sitemap_blogs_1.xml
https://funeral.com/blogs/the-journal/100-memorial-quotes-and-short-gravestone-sayings-for-headstones-urns-and-tributes,2026-03-18T15:21:18-05:00,https://funeral.com/sitemap_blogs_1.xml
https://funeral.com/blogs/the-journal/how-to-bury-cremation-ashes-and-urns-cemetery-rules-home-burial-and-green-options,2026-01-29T15:03:40-06:00,https://funeral.com/sitemap_blogs_1.xml
https://funeral.com/blogs/the-journal/funeral-etiquette-for-immediate-family-roles-procession-order-and-what-to-do-at-the-service,2026-03-12T19:42:01-05:00,https://funeral.com/sitemap_blogs_1.xml
https://funeral.com/blogs/the-journal/how-much-do-cremation-urns-cost-price-ranges-what-affects-cost-and-ways-to-save,2026-01-29T15:03:43-06:00,https://funeral.com/sitemap_blogs_1.xml
https://funeral.com/blogs/the-journal/tsa-approved-urns-and-flying-with-cremated-remains-airline-rules-and-travel-tips,2026-01-29T15:03:44-06:00,https://funeral.com/sitemap_blogs_1.xml
https://funeral.com/blogs/the-journal/urn-return-policies-explained-time-windows-restocking-fees-and-custom-engraving-rules,2026-01-29T15:03:46-06:00,https://funeral.com/sitemap_blogs_1.xml
https://funeral.com/blogs/the-journal/what-are-cremation-ashes-made-of-understanding-cremains-and-options-for-keeping-scattering-or-burying,2026-01-29T15:03:47-06:00,https://funeral.com/sitemap_blogs_1.xml
https://funeral.com/blogs/the-journal/urn-size-calculator-how-to-choose-the-right-capacity-for-adults-children-and-keepsakes,2026-01-29T15:03:49-06:00,https://funeral.com/sitemap_blogs_1.xml
https://funeral.com/blogs/the-journal/how-to-choose-the-right-urn-size-capacity-guide-for-adults-children-pets-and-companion-urns,2026-01-29T15:03:51-06:00,https://funeral.com/sitemap_blogs_1.xml
https://funeral.com/blogs/the-journal/can-you-fly-with-cremated-ashes-tsa-rules-best-urn-materials-and-travel-checklist,2026-01-29T15:03:53-06:00,https://funeral.com/sitemap_blogs_1.xml
https://funeral.com/blogs/the-journal/why-people-wear-cremation-jewelry-meaning-comfort-and-what-to-know-about-urn-necklaces,2026-08-01T03:33:22-05:00,https://funeral.com/sitemap_blogs_1.xml
https://funeral.com/blogs/the-journal/urn-alternatives-safe-respectful-containers-and-creative-memorial-ideas-plus-when-to-upgrade,2026-01-29T15:03:55-06:00,https://funeral.com/sitemap_blogs_1.xml
https://funeral.com/blogs/the-journal/what-size-urn-do-i-need-capacity-charts-companion-urns-and-common-fit-mistakes,2026-01-29T15:03:57-06:00,https://funeral.com/sitemap_blogs_1.xml
https://funeral.com/blogs/the-journal/low-cost-urn-alternatives-budget-friendly-containers-diy-options-and-where-to-buy-affordable-urns,2026-01-29T15:03:58-06:00,https://funeral.com/sitemap_blogs_1.xml
https://funeral.com/blogs/the-journal/how-long-do-cremated-ashes-last-storage-scattering-at-sea-environmental-notes,2026-01-29T15:04:00-06:00,https://funeral.com/sitemap_blogs_1.xml
https://funeral.com/blogs/the-journal/custom-urns-for-ashes-personalization-ideas-engraving-options-and-where-to-order,2026-01-29T15:04:01-06:00,https://funeral.com/sitemap_blogs_1.xml
https://funeral.com/blogs/the-journal/what-to-text-someone-who-s-grieving-comforting-messages-examples-and-what-not-to-say,2026-01-29T15:04:03-06:00,https://funeral.com/sitemap_blogs_1.xml
https://funeral.com/blogs/the-journal/12-meaningful-things-to-do-with-cremation-ashes-unique-ideas-keepsakes-memorial-options,2026-01-29T15:04:07-06:00,https://funeral.com/sitemap_blogs_1.xml
https://funeral.com/blogs/the-journal/inurnment-vs-interment-vs-entombment-what-these-funeral-terms-mean-with-examples,2026-03-11T20:51:51-05:00,https://funeral.com/sitemap_blogs_1.xml
https://funeral.com/blogs/the-journal/burial-shrouds-explained-how-shroud-burial-works-materials-and-green-burial-requirements,2026-01-29T15:04:12-06:00,https://funeral.com/sitemap_blogs_1.xml
https://funeral.com/blogs/the-journal/how-long-do-biodegradable-urns-last-breakdown-times-for-burial-and-water-ceremonies,2026-01-29T15:04:15-06:00,https://funeral.com/sitemap_blogs_1.xml
https://funeral.com/blogs/the-journal/cardinal-bird-meaning-in-grief-quotes-myths-vs-facts-and-gentle-ways-to-remember,2026-01-29T15:04:16-06:00,https://funeral.com/sitemap_blogs_1.xml
https://funeral.com/blogs/the-journal/where-to-put-the-urn-after-cremation-15-practical-and-meaningful-options-for-ashes,2026-01-29T15:04:18-06:00,https://funeral.com/sitemap_blogs_1.xml
https://funeral.com/blogs/the-journal/when-cardinals-appear-loved-ones-are-near-popular-quotes-messages-memorial-gift-ideas,2026-03-19T22:44:16-05:00,https://funeral.com/sitemap_blogs_1.xml
https://funeral.com/blogs/the-journal/do-you-get-all-the-ashes-after-cremation-what-s-returned-and-how-collection-works,2026-03-11T00:32:59-05:00,https://funeral.com/sitemap_blogs_1.xml
https://funeral.com/blogs/the-journal/red-cardinal-at-christmas-meaning-comforting-messages-poems-and-memorial-ideas,2026-01-29T15:04:24-06:00,https://funeral.com/sitemap_blogs_1.xml
https://funeral.com/blogs/the-journal/when-a-cardinal-appears-sympathy-quotes-and-meaningful-messages-about-red-cardinals,2026-01-29T15:04:26-06:00,https://funeral.com/sitemap_blogs_1.xml
https://funeral.com/blogs/the-journal/cremation-urn-size-calculator-how-to-choose-the-right-urn-capacity-for-adults-pets-couples,2026-01-29T15:04:27-06:00,https://funeral.com/sitemap_blogs_1.xml
https://funeral.com/blogs/the-journal/choosing-the-best-cremation-urn-popular-styles-materials-personalization-and-where-to-buy,2026-01-29T15:04:30-06:00,https://funeral.com/sitemap_blogs_1.xml
https://funeral.com/blogs/the-journal/how-to-offer-condolences-what-to-say-and-not-say-in-texts-cards-and-in-person,2026-03-20T21:59:15-05:00,https://funeral.com/sitemap_blogs_1.xml
https://funeral.com/blogs/the-journal/what-are-cremation-ashes-made-of-a-simple-breakdown-of-cremains,2026-01-29T15:04:32-06:00,https://funeral.com/sitemap_blogs_1.xml
https://funeral.com/blogs/the-journal/cardinal-symbolism-in-grief-what-different-cultures-say-40-comforting-quotes,2026-01-29T15:04:34-06:00,https://funeral.com/sitemap_blogs_1.xml
https://funeral.com/blogs/the-journal/meaningful-engraving-ideas-for-urns-plaques-and-headstones-with-examples,2026-03-20T19:42:53-05:00,https://funeral.com/sitemap_blogs_1.xml
https://funeral.com/blogs/the-journal/what-to-text-when-someone-dies-35-condolence-messages-and-what-to-say-and-avoid,2026-03-18T00:02:53-05:00,https://funeral.com/sitemap_blogs_1.xml
https://funeral.com/blogs/the-journal/what-size-urn-do-i-need-simple-urn-size-guide-cubic-inches-adult-vs-keepsake,2026-01-29T15:04:39-06:00,https://funeral.com/sitemap_blogs_1.xml
https://funeral.com/blogs/the-journal/how-much-ash-is-left-after-cremation-typical-amounts-and-urn-sizing-tips,2026-01-29T15:04:41-06:00,https://funeral.com/sitemap_blogs_1.xml
https://funeral.com/blogs/the-journal/cremation-urn-size-calculator-how-to-choose-the-right-capacity-for-adults-kids-and-pets,2026-01-29T15:04:43-06:00,https://funeral.com/sitemap_blogs_1.xml
https://funeral.com/blogs/the-journal/what-are-cremation-ashes-made-of-from-cremains-to-memorial-diamonds,2026-01-29T15:04:44-06:00,https://funeral.com/sitemap_blogs_1.xml
https://funeral.com/blogs/the-journal/who-owns-cremation-ashes-custody-permissions-and-scattering-laws-explained,2026-01-29T15:04:46-06:00,https://funeral.com/sitemap_blogs_1.xml
https://funeral.com/blogs/the-journal/cheapest-way-to-be-cremated-direct-cremation-costs-fees-and-ways-to-save-including-california,2026-01-29T15:04:48-06:00,https://funeral.com/sitemap_blogs_1.xml
https://funeral.com/blogs/the-journal/final-messages-to-engrave-on-a-custom-urn-short-quotes-names-dates-and-personal-wording-ideas,2026-01-29T15:04:50-06:00,https://funeral.com/sitemap_blogs_1.xml
https://funeral.com/blogs/the-journal/quotes-for-when-a-loved-one-dies-short-memorial-sayings-for-urn-engraving-and-keepsakes,2026-01-29T15:04:51-06:00,https://funeral.com/sitemap_blogs_1.xml
https://funeral.com/blogs/the-journal/urn-size-calculator-how-to-choose-the-right-capacity-for-adults-children-and-pets,2026-01-29T15:04:53-06:00,https://funeral.com/sitemap_blogs_1.xml
https://funeral.com/blogs/the-journal/cheapest-way-to-be-cremated-direct-cremation-costs-california-price-guide-and-money-saving-tips,2026-01-29T15:04:54-06:00,https://funeral.com/sitemap_blogs_1.xml
https://funeral.com/blogs/the-journal/who-owns-cremation-ashes-custody-rights-scattering-rules-and-common-legal-pitfalls,2026-03-21T21:07:33-05:00,https://funeral.com/sitemap_blogs_1.xml
https://funeral.com/blogs/the-journal/cardinal-sympathy-quotes-meaningful-sayings-and-messages-when-a-red-cardinal-appears,2026-03-17T18:56:14-05:00,https://funeral.com/sitemap_blogs_1.xml
https://funeral.com/blogs/the-journal/how-much-ash-is-left-after-cremation-typical-amounts-and-the-urn-size-you-ll-need,2026-01-29T15:05:57-06:00,https://funeral.com/sitemap_blogs_1.xml
https://funeral.com/blogs/the-journal/what-are-cremation-ashes-made-of-composition-texture-and-what-families-receive,2026-01-29T15:05:58-06:00,https://funeral.com/sitemap_blogs_1.xml
https://funeral.com/blogs/the-journal/best-type-of-urn-for-ashes-materials-durability-burial-options-and-what-to-avoid,2026-01-29T15:06:00-06:00,https://funeral.com/sitemap_blogs_1.xml
https://funeral.com/blogs/the-journal/are-biodegradable-burial-urns-a-good-option-pros-cons-and-best-use-cases,2026-01-29T15:06:02-06:00,https://funeral.com/sitemap_blogs_1.xml
https://funeral.com/blogs/the-journal/biodegradable-urns-for-land-burial-best-materials-for-green-burial-and-tree-memorials,2026-01-29T15:06:04-06:00,https://funeral.com/sitemap_blogs_1.xml
https://funeral.com/blogs/the-journal/last-48-hours-of-life-common-physical-changes-and-comfort-tips,2026-01-29T15:06:06-06:00,https://funeral.com/sitemap_blogs_1.xml
https://funeral.com/blogs/the-journal/memorial-engraving-ideas-quotes-headstone-sayings-and-personal-messages-that-fit,2026-03-11T02:38:25-05:00,https://funeral.com/sitemap_blogs_1.xml
https://funeral.com/blogs/the-journal/blue-nail-beds-cyanosis-identifying-nail-discoloration-and-when-to-get-help,2026-03-17T20:15:43-05:00,https://funeral.com/sitemap_blogs_1.xml
https://funeral.com/blogs/the-journal/cremation-urn-size-calculator-pick-the-right-capacity-for-adults-kids-pets,2026-01-29T15:06:13-06:00,https://funeral.com/sitemap_blogs_1.xml
https://funeral.com/blogs/the-journal/how-to-choose-a-cremation-urn-materials-styles-cost-placement-tips,2026-01-29T15:06:14-06:00,https://funeral.com/sitemap_blogs_1.xml
https://funeral.com/blogs/the-journal/where-to-put-the-urn-after-cremation-home-cemetery-scattering-ca-rules,2026-01-29T15:06:17-06:00,https://funeral.com/sitemap_blogs_1.xml
https://funeral.com/blogs/the-journal/coroner-vs-medical-examiner-who-investigates-a-death-and-why-it-depends-on-your-county,2026-01-29T15:06:18-06:00,https://funeral.com/sitemap_blogs_1.xml
https://funeral.com/blogs/the-journal/guitar-cremation-urns-memorial-options-for-musicians-full-size-and-keepsake,2026-01-29T15:06:20-06:00,https://funeral.com/sitemap_blogs_1.xml
https://funeral.com/blogs/the-journal/cremation-headstones-and-columbarium-niches-memorial-options-designs-and-costs,2026-03-11T01:26:00-05:00,https://funeral.com/sitemap_blogs_1.xml
https://funeral.com/blogs/the-journal/do-you-get-all-the-ashes-after-cremation-what-families-receive-and-common-myths,2026-03-22T00:52:17-05:00,https://funeral.com/sitemap_blogs_1.xml
https://funeral.com/blogs/the-journal/mottled-skin-near-death-what-it-looks-like-why-it-happens-what-to-do,2026-03-11T00:16:49-05:00,https://funeral.com/sitemap_blogs_1.xml
https://funeral.com/blogs/the-journal/how-to-personalize-a-cremation-urn-engraving-photos-colors-custom-designs,2026-01-29T15:06:27-06:00,https://funeral.com/sitemap_blogs_1.xml
https://funeral.com/blogs/the-journal/cremation-urn-size-guide-how-to-choose-the-right-capacity-for-adults-kids-pets-niches,2026-01-29T15:06:29-06:00,https://funeral.com/sitemap_blogs_1.xml
https://funeral.com/blogs/the-journal/memorial-plaque-wording-short-beautiful-inscriptions-layout-tips,2026-01-29T15:06:31-06:00,https://funeral.com/sitemap_blogs_1.xml
https://funeral.com/blogs/the-journal/affordable-cremation-urns-budget-friendly-options-materials-smart-buying-tips,2026-01-29T15:06:32-06:00,https://funeral.com/sitemap_blogs_1.xml
https://funeral.com/blogs/the-journal/ceramic-cremation-urns-styles-pros-cons-care-tips-and-how-to-choose,2026-01-29T15:06:34-06:00,https://funeral.com/sitemap_blogs_1.xml
https://funeral.com/blogs/the-journal/how-much-do-cremated-remains-weigh-typical-ashes-weight-and-urn-size-guide,2026-01-29T15:06:35-06:00,https://funeral.com/sitemap_blogs_1.xml
https://funeral.com/blogs/the-journal/cheyne-stokes-breathing-why-breaths-pause-and-what-families-can-expect,2026-01-29T15:06:37-06:00,https://funeral.com/sitemap_blogs_1.xml
https://funeral.com/blogs/the-journal/where-to-buy-cremation-urns-online-vs-funeral-home-types-you-should-know,2026-01-29T15:06:39-06:00,https://funeral.com/sitemap_blogs_1.xml
https://funeral.com/blogs/the-journal/how-to-bury-cremated-remains-in-a-cemetery-fees-urn-vaults-and-tips,2026-01-29T15:06:40-06:00,https://funeral.com/sitemap_blogs_1.xml
https://funeral.com/blogs/the-journal/companion-urns-for-two-how-they-work-sizing-and-options-for-couples,2026-01-29T15:06:42-06:00,https://funeral.com/sitemap_blogs_1.xml
https://funeral.com/blogs/the-journal/entomb-meaning-definition-synonyms-and-how-it-differs-from-burial-and-inurnment,2026-01-29T15:06:43-06:00,https://funeral.com/sitemap_blogs_1.xml
https://funeral.com/blogs/the-journal/funeral-procession-etiquette-meaning-traditions-and-what-drivers-should-do,2026-01-29T15:06:45-06:00,https://funeral.com/sitemap_blogs_1.xml
https://funeral.com/blogs/the-journal/what-size-cremation-urn-do-i-need-simple-capacity-guide-and-calculator-tips,2026-01-29T15:06:47-06:00,https://funeral.com/sitemap_blogs_1.xml
https://funeral.com/blogs/the-journal/glassy-eyes-near-death-why-the-fixed-stare-happens-and-how-to-provide-comfort,2026-03-12T19:18:34-05:00,https://funeral.com/sitemap_blogs_1.xml
https://funeral.com/blogs/the-journal/facial-relaxation-near-death-understanding-the-mask-of-death-hypotonia,2026-01-29T15:06:52-06:00,https://funeral.com/sitemap_blogs_1.xml
https://funeral.com/blogs/the-journal/urn-alternatives-36-creative-ideas-for-ashes-and-unique-modern-cremation-urns,2026-01-29T15:06:54-06:00,https://funeral.com/sitemap_blogs_1.xml
https://funeral.com/blogs/the-journal/terminal-dehydration-at-end-of-life-ketosis-comfort-and-what-to-expect,2026-01-29T15:06:56-06:00,https://funeral.com/sitemap_blogs_1.xml
https://funeral.com/blogs/the-journal/cremation-urns-101-urn-vs-temporary-container-materials-laws-and-care-tips,2026-01-29T15:06:57-06:00,https://funeral.com/sitemap_blogs_1.xml
https://funeral.com/blogs/the-journal/what-to-write-in-a-sympathy-card-message-ideas-tips-and-what-not-to-say,2026-01-29T15:06:59-06:00,https://funeral.com/sitemap_blogs_1.xml
https://funeral.com/blogs/the-journal/can-you-bury-an-urn-in-a-cemetery-burial-urn-rules-urn-vaults-and-plot-limits,2026-01-29T15:07:00-06:00,https://funeral.com/sitemap_blogs_1.xml
https://funeral.com/blogs/the-journal/how-to-travel-with-cremated-remains-flying-with-ashes-tsa-screening-and-mailing-options,2026-01-29T15:07:02-06:00,https://funeral.com/sitemap_blogs_1.xml
https://funeral.com/blogs/the-journal/what-size-cremation-urn-do-i-need-capacity-by-weight-guide-urn-size-calculator,2026-01-29T15:07:04-06:00,https://funeral.com/sitemap_blogs_1.xml
https://funeral.com/blogs/the-journal/managing-dry-mouth-xerostomia-in-hospice-oral-care-when-swallowing-is-difficult,2026-01-29T15:07:06-06:00,https://funeral.com/sitemap_blogs_1.xml
https://funeral.com/blogs/the-journal/funeral-etiquette-for-immediate-family-roles-receiving-line-order-and-what-to-expect,2026-03-10T23:31:10-05:00,https://funeral.com/sitemap_blogs_1.xml
https://funeral.com/blogs/the-journal/cremation-urn-size-guide-adult-keepsake-companion-and-pet-urn-capacities-explained,2026-01-29T15:07:10-06:00,https://funeral.com/sitemap_blogs_1.xml
https://funeral.com/blogs/the-journal/sleeping-more-vs-coma-in-hospice-how-responsiveness-changes-near-the-end-of-life,2026-01-29T15:07:15-06:00,https://funeral.com/sitemap_blogs_1.xml
https://funeral.com/blogs/the-journal/how-to-bury-cremated-remains-cemetery-options-columbarium-niches-and-costs-to-expect,2026-05-25T01:20:46-05:00,https://funeral.com/sitemap_blogs_1.xml
https://funeral.com/blogs/the-journal/burial-vault-cost-guide-concrete-vault-prices-urn-vaults-and-what-affects-the-total,2026-03-12T19:35:53-05:00,https://funeral.com/sitemap_blogs_1.xml
https://funeral.com/blogs/the-journal/hummingbird-cremation-urns-meaning-popular-styles-and-where-to-buy,2026-01-29T15:07:21-06:00,https://funeral.com/sitemap_blogs_1.xml
https://funeral.com/blogs/the-journal/personalized-cremation-urns-engraving-photos-custom-designs-and-ordering-tips,2026-01-29T15:07:23-06:00,https://funeral.com/sitemap_blogs_1.xml
https://funeral.com/blogs/the-journal/condolence-messages-for-cards-and-texts-meaningful-examples-for-any-relationship,2026-01-29T15:07:24-06:00,https://funeral.com/sitemap_blogs_1.xml
https://funeral.com/blogs/the-journal/urn-alternatives-creative-ways-to-store-display-or-memorialize-cremation-ashes,2026-01-29T15:07:26-06:00,https://funeral.com/sitemap_blogs_1.xml
https://funeral.com/blogs/the-journal/what-are-human-ashes-after-cremation-weight-texture-safety-and-memorial-options,2026-01-29T15:07:28-06:00,https://funeral.com/sitemap_blogs_1.xml
https://funeral.com/blogs/the-journal/urn-terminology-explained-keepsake-scattering-biodegradable-and-other-common-terms,2026-01-29T15:07:31-06:00,https://funeral.com/sitemap_blogs_1.xml
https://funeral.com/blogs/the-journal/what-to-say-when-someone-dies-condolence-messages-email-subject-lines-and-etiquette,2026-03-18T01:22:56-05:00,https://funeral.com/sitemap_blogs_1.xml
https://funeral.com/blogs/the-journal/cremation-urns-guide-types-materials-costs-and-how-to-choose-the-right-one,2026-01-29T15:07:34-06:00,https://funeral.com/sitemap_blogs_1.xml
https://funeral.com/blogs/the-journal/interment-vs-inurnment-definitions-examples-and-cemetery-terminology-made-simple,2026-03-11T00:08:14-05:00,https://funeral.com/sitemap_blogs_1.xml
https://funeral.com/blogs/the-journal/how-much-do-cremation-ashes-weigh-typical-amounts-volume-and-urn-size-planning,2026-01-29T15:07:38-06:00,https://funeral.com/sitemap_blogs_1.xml
https://funeral.com/blogs/the-journal/how-to-transfer-ashes-into-an-urn-step-by-step-instructions-and-sealing-tips,2026-01-29T15:07:39-06:00,https://funeral.com/sitemap_blogs_1.xml
https://funeral.com/blogs/the-journal/how-to-choose-a-cremation-urn-size-material-price-and-where-to-buy,2026-01-29T15:07:41-06:00,https://funeral.com/sitemap_blogs_1.xml
https://funeral.com/blogs/the-journal/what-are-cremation-ashes-made-of-composition-texture-and-what-to-do-next,2026-01-29T15:07:42-06:00,https://funeral.com/sitemap_blogs_1.xml
https://funeral.com/blogs/the-journal/do-you-need-an-urn-vault-to-bury-ashes-cemetery-requirements-and-cost-breakdown,2026-03-08T20:23:48-05:00,https://funeral.com/sitemap_blogs_1.xml
https://funeral.com/blogs/the-journal/raku-cremation-urns-what-they-are-how-they-re-made-and-care-tips,2026-01-29T15:07:46-06:00,https://funeral.com/sitemap_blogs_1.xml
https://funeral.com/blogs/the-journal/can-you-scatter-ashes-anywhere-u-s-laws-permission-rules-and-best-practices,2026-01-29T15:07:47-06:00,https://funeral.com/sitemap_blogs_1.xml
https://funeral.com/blogs/the-journal/best-urns-for-ashes-top-materials-eco-options-and-unique-urn-ideas,2026-03-18T00:16:53-05:00,https://funeral.com/sitemap_blogs_1.xml
https://funeral.com/blogs/the-journal/praying-hands-meaning-symbolism-tattoo-ideas-and-praying-hands-memorial-urns,2026-01-29T15:07:50-06:00,https://funeral.com/sitemap_blogs_1.xml
https://funeral.com/blogs/the-journal/red-cardinal-at-christmas-meaning-symbolism-myths-and-what-s-actually-true,2026-01-29T15:07:52-06:00,https://funeral.com/sitemap_blogs_1.xml
https://funeral.com/blogs/the-journal/heart-keepsake-urns-meaning-sizes-and-how-to-choose-a-heart-shaped-memorial,2026-01-29T15:07:53-06:00,https://funeral.com/sitemap_blogs_1.xml
https://funeral.com/blogs/the-journal/glass-cremation-urns-for-ashes-styles-pros-cons-and-how-to-choose,2026-01-29T15:07:55-06:00,https://funeral.com/sitemap_blogs_1.xml
https://funeral.com/blogs/the-journal/companion-urns-for-two-people-how-they-work-sizes-and-together-or-separate-options,2026-01-29T15:07:56-06:00,https://funeral.com/sitemap_blogs_1.xml
https://funeral.com/blogs/the-journal/falling-blood-pressure-in-hospice-what-a-low-diastolic-reading-can-mean,2026-03-08T01:56:22-06:00,https://funeral.com/sitemap_blogs_1.xml
https://funeral.com/blogs/the-journal/cremation-urn-sizes-and-materials-what-size-urn-do-you-need-adults-pets-keepsakes,2026-01-29T15:08:00-06:00,https://funeral.com/sitemap_blogs_1.xml
https://funeral.com/blogs/the-journal/cremation-bracelets-for-ashes-styles-pros-cons-and-buying-tips,2026-01-29T15:08:01-06:00,https://funeral.com/sitemap_blogs_1.xml
https://funeral.com/blogs/the-journal/my-condolences-meaning-when-to-say-it-and-what-to-write-instead,2026-03-08T01:43:03-06:00,https://funeral.com/sitemap_blogs_1.xml
https://funeral.com/blogs/the-journal/angel-urns-for-human-ashes-meaning-sizes-and-how-to-choose-the-right-style,2026-01-29T15:08:05-06:00,https://funeral.com/sitemap_blogs_1.xml
https://funeral.com/blogs/the-journal/cremation-necklaces-and-pendants-for-ashes-how-they-work-what-to-ask-before-buying,2026-01-29T15:08:06-06:00,https://funeral.com/sitemap_blogs_1.xml
https://funeral.com/blogs/the-journal/death-anniversary-ideas-35-meaningful-ways-to-remember-a-loved-one,2026-01-29T15:08:08-06:00,https://funeral.com/sitemap_blogs_1.xml
https://funeral.com/blogs/the-journal/urn-vs-keepsake-urn-what-s-the-difference-how-much-they-hold-and-how-to-choose,2026-01-29T15:08:11-06:00,https://funeral.com/sitemap_blogs_1.xml
https://funeral.com/blogs/the-journal/scattering-urns-and-tubes-how-they-work-how-to-use-them-and-what-to-do-after,2026-01-29T15:08:14-06:00,https://funeral.com/sitemap_blogs_1.xml
https://funeral.com/blogs/the-journal/how-much-does-a-cremation-urn-cost-price-ranges-bio-urns-and-cemetery-burial-fees,2026-01-29T15:08:17-06:00,https://funeral.com/sitemap_blogs_1.xml
https://funeral.com/blogs/the-journal/air-hunger-dyspnea-in-hospice-how-morphine-can-ease-breathlessness,2026-01-29T15:08:19-06:00,https://funeral.com/sitemap_blogs_1.xml
https://funeral.com/blogs/the-journal/terminal-agitation-restlessness-causes-signs-and-how-to-comfort,2026-01-29T15:08:21-06:00,https://funeral.com/sitemap_blogs_1.xml
https://funeral.com/blogs/the-journal/why-toxicology-results-take-weeks-after-a-sudden-death-lab-steps-backlogs-and-what-to-expect,2026-03-08T01:17:26-06:00,https://funeral.com/sitemap_blogs_1.xml
https://funeral.com/blogs/the-journal/the-death-rattle-what-noisy-breathing-means-and-how-to-help,2026-01-29T15:08:26-06:00,https://funeral.com/sitemap_blogs_1.xml
https://funeral.com/blogs/the-journal/kennedy-terminal-ulcer-how-it-differs-from-preventable-pressure-injuries,2026-01-29T15:08:27-06:00,https://funeral.com/sitemap_blogs_1.xml
https://funeral.com/blogs/the-journal/less-urine-at-end-of-life-what-kidney-shutdown-can-look-like,2026-01-29T15:08:29-06:00,https://funeral.com/sitemap_blogs_1.xml
https://funeral.com/blogs/the-journal/cold-hands-warm-core-temperature-changes-in-the-final-days,2026-05-25T22:09:44-05:00,https://funeral.com/sitemap_blogs_1.xml
https://funeral.com/blogs/the-journal/when-appetite-fades-why-forcing-food-can-hurt-and-what-to-do-instead,2026-01-29T15:08:32-06:00,https://funeral.com/sitemap_blogs_1.xml
https://funeral.com/blogs/the-journal/terminal-lucidity-what-the-surge-of-energy-means-and-how-to-respond,2026-03-21T17:45:31-05:00,https://funeral.com/sitemap_blogs_1.xml
https://funeral.com/blogs/the-journal/when-touch-hurts-near-end-of-life-tactile-hypersensitivity-and-comfort-tips,2026-03-13T04:27:23-05:00,https://funeral.com/sitemap_blogs_1.xml
https://funeral.com/blogs/the-journal/is-hearing-the-last-sense-to-go-why-you-should-keep-talking-at-the-end-of-life,2026-01-29T15:08:38-06:00,https://funeral.com/sitemap_blogs_1.xml
https://funeral.com/blogs/the-journal/pacemakers-vs-icds-at-end-of-life-deactivation-preventing-shocks-and-what-families-should-know,2026-01-29T15:08:40-06:00,https://funeral.com/sitemap_blogs_1.xml
https://funeral.com/blogs/the-journal/private-autopsy-cost-what-families-pay-what-s-included-and-how-to-request-one,2026-05-23T20:32:43-05:00,https://funeral.com/sitemap_blogs_1.xml
https://funeral.com/blogs/the-journal/keepsake-urns-for-ashes-how-they-work-sizes-and-how-to-choose-one,2026-01-29T15:08:44-06:00,https://funeral.com/sitemap_blogs_1.xml
https://funeral.com/blogs/the-journal/what-to-say-over-text-after-a-death-condolence-messages-examples-and-tips,2026-03-08T00:00:38-06:00,https://funeral.com/sitemap_blogs_1.xml
https://funeral.com/blogs/the-journal/inurnment-ceremony-meaning-and-ideas-what-it-is-where-it-happens-and-what-to-wear,2026-03-17T20:33:23-05:00,https://funeral.com/sitemap_blogs_1.xml
https://funeral.com/blogs/the-journal/cremation-urns-types-prices-sizing-guide-and-eco-friendly-options,2026-01-29T15:08:48-06:00,https://funeral.com/sitemap_blogs_1.xml
https://funeral.com/blogs/the-journal/headstone-and-memorial-quotes-short-epitaphs-inscriptions-and-in-loving-memory-lines,2026-01-29T15:08:50-06:00,https://funeral.com/sitemap_blogs_1.xml
https://funeral.com/blogs/the-journal/cremation-urns-buying-guide-types-prices-where-to-buy-and-what-to-avoid,2026-01-29T15:08:51-06:00,https://funeral.com/sitemap_blogs_1.xml
https://funeral.com/blogs/the-journal/dna-banking-after-death-how-postmortem-samples-are-collected-stored-and-used,2026-01-29T15:08:55-06:00,https://funeral.com/sitemap_blogs_1.xml
https://funeral.com/blogs/the-journal/metal-urns-for-ashes-brass-stainless-steel-and-other-popular-materials,2026-01-29T15:08:56-06:00,https://funeral.com/sitemap_blogs_1.xml
https://funeral.com/blogs/the-journal/how-to-choose-the-right-cremation-urn-size-material-and-final-resting-place,2026-01-29T15:08:57-06:00,https://funeral.com/sitemap_blogs_1.xml
https://funeral.com/blogs/the-journal/choosing-the-right-urn-size-capacity-rules-of-thumb-for-adults-children-and-pets,2026-01-29T15:08:59-06:00,https://funeral.com/sitemap_blogs_1.xml
https://funeral.com/blogs/the-journal/wood-urns-for-ashes-styles-durability-and-when-wood-is-the-best-choice,2026-01-29T15:09:00-06:00,https://funeral.com/sitemap_blogs_1.xml
https://funeral.com/blogs/the-journal/what-does-ashes-mean-cremation-remains-religious-ashes-and-other-uses,2026-01-29T15:09:57-06:00,https://funeral.com/sitemap_blogs_1.xml
https://funeral.com/blogs/the-journal/adult-urns-for-ashes-full-size-capacity-guide-materials-and-shopping-tips,2026-01-29T15:09:59-06:00,https://funeral.com/sitemap_blogs_1.xml
https://funeral.com/blogs/the-journal/immediate-family-funeral-etiquette-and-bereavement-leave-who-s-included-and-what-to-do,2026-01-29T15:10:00-06:00,https://funeral.com/sitemap_blogs_1.xml
https://funeral.com/blogs/the-journal/can-you-bury-cremation-ashes-in-a-cemetery-rules-permits-and-burial-urns,2026-03-25T00:23:21-05:00,https://funeral.com/sitemap_blogs_1.xml
https://funeral.com/blogs/the-journal/inurnment-meaning-what-it-is-where-it-happens-and-cremation-burial-options,2026-01-29T15:10:03-06:00,https://funeral.com/sitemap_blogs_1.xml
https://funeral.com/blogs/the-journal/ceramic-urns-for-ashes-pros-cons-and-how-to-choose-a-quality-one,2026-01-29T15:10:05-06:00,https://funeral.com/sitemap_blogs_1.xml
https://funeral.com/blogs/the-journal/types-of-cremation-urns-sizes-costs-and-eco-friendly-options-explained,2026-01-29T15:10:06-06:00,https://funeral.com/sitemap_blogs_1.xml
https://funeral.com/blogs/the-journal/where-to-buy-an-urn-for-ashes-online-vs-funeral-home-vs-local-stores,2026-01-29T15:10:08-06:00,https://funeral.com/sitemap_blogs_1.xml
https://funeral.com/blogs/the-journal/postmortem-fingerprints-for-memorial-jewelry-how-prints-are-taken-saved-and-used,2026-03-21T20:19:24-05:00,https://funeral.com/sitemap_blogs_1.xml
https://funeral.com/blogs/the-journal/biodegradable-caskets-and-eco-friendly-coffins-options-for-green-burial-and-cremation,2026-01-29T15:10:15-06:00,https://funeral.com/sitemap_blogs_1.xml
https://funeral.com/blogs/the-journal/companion-urns-explained-how-double-urns-work-sizing-for-two-and-style-options,2026-01-29T15:10:18-06:00,https://funeral.com/sitemap_blogs_1.xml
https://funeral.com/blogs/the-journal/what-size-urn-do-i-need-urn-size-calculator-easy-rule-of-thumb,2026-01-29T15:10:20-06:00,https://funeral.com/sitemap_blogs_1.xml
https://funeral.com/blogs/the-journal/cremation-ashes-faqs-what-cremains-are-made-of-how-long-they-last-and-what-s-normal,2026-01-29T15:10:22-06:00,https://funeral.com/sitemap_blogs_1.xml
https://funeral.com/blogs/the-journal/in-loving-memory-quotes-for-urns-headstones-and-sympathy-cards,2026-01-29T15:10:24-06:00,https://funeral.com/sitemap_blogs_1.xml
https://funeral.com/blogs/the-journal/inurnment-meaning-definition-pronunciation-and-inurnment-vs-interment,2026-05-25T22:43:06-05:00,https://funeral.com/sitemap_blogs_1.xml
https://funeral.com/blogs/the-journal/condolence-messages-for-coworkers-professional-sympathy-notes-for-cards-email-and-teams,2026-03-08T00:41:59-06:00,https://funeral.com/sitemap_blogs_1.xml
https://funeral.com/blogs/the-journal/how-to-offer-condolences-what-to-say-what-to-avoid-and-10-message-examples,2026-01-29T15:10:28-06:00,https://funeral.com/sitemap_blogs_1.xml
https://funeral.com/blogs/the-journal/wooden-cremation-urns-pros-cons-durability-and-best-wood-types,2026-01-29T15:10:30-06:00,https://funeral.com/sitemap_blogs_1.xml
https://funeral.com/blogs/the-journal/when-cardinals-appear-loved-ones-are-near-meaning-comforting-quotes,2026-01-29T15:10:32-06:00,https://funeral.com/sitemap_blogs_1.xml
https://funeral.com/blogs/the-journal/what-is-an-urn-meaning-types-of-cremation-urns-and-common-terminology,2026-01-29T15:10:35-06:00,https://funeral.com/sitemap_blogs_1.xml
https://funeral.com/blogs/the-journal/pacemakers-and-cremation-why-devices-must-be-removed-to-prevent-explosions,2026-01-29T15:10:37-06:00,https://funeral.com/sitemap_blogs_1.xml
https://funeral.com/blogs/the-journal/can-you-bury-a-cremation-urn-cemetery-rules-vaults-and-burial-options,2026-01-29T15:10:39-06:00,https://funeral.com/sitemap_blogs_1.xml
https://funeral.com/blogs/the-journal/funeral-order-of-service-what-to-include-sample-layouts-and-templates,2026-03-11T00:38:51-05:00,https://funeral.com/sitemap_blogs_1.xml
https://funeral.com/blogs/the-journal/entomb-meaning-burial-term-definition-entombment-vs-interment-and-the-mtg-entomb-card,2026-01-29T15:10:42-06:00,https://funeral.com/sitemap_blogs_1.xml
https://funeral.com/blogs/the-journal/what-are-cremation-ashes-made-of-the-science-behind-cremated-remains,2026-01-29T15:10:44-06:00,https://funeral.com/sitemap_blogs_1.xml
https://funeral.com/blogs/the-journal/cremation-ashes-composition-chemistry-metals-and-why-results-vary,2026-01-29T15:10:46-06:00,https://funeral.com/sitemap_blogs_1.xml
https://funeral.com/blogs/the-journal/what-are-cremation-ashes-made-of-ash-vs-ashes-and-why-cremains-aren-t-like-fireplace-ash,2026-01-29T15:10:48-06:00,https://funeral.com/sitemap_blogs_1.xml
https://funeral.com/blogs/the-journal/how-to-send-condolences-etiquette-what-to-write-and-messages-for-coworkers,2026-01-29T15:10:49-06:00,https://funeral.com/sitemap_blogs_1.xml
https://funeral.com/blogs/the-journal/what-to-say-to-someone-who-s-grieving-helpful-phrases-what-not-to-say-and-how-to-show-up,2026-01-29T15:10:52-06:00,https://funeral.com/sitemap_blogs_1.xml
https://funeral.com/blogs/the-journal/the-cremation-process-explained-what-happens-timing-and-common-family-questions,2026-01-29T15:10:54-06:00,https://funeral.com/sitemap_blogs_1.xml
https://funeral.com/blogs/the-journal/are-ashes-loose-in-an-urn-what-s-inside-how-cremains-are-packaged-and-how-to-fill-an-urn,2026-01-29T15:10:56-06:00,https://funeral.com/sitemap_blogs_1.xml
https://funeral.com/blogs/the-journal/what-to-text-when-someone-dies-40-condolence-messages-and-do-s-don-ts,2026-03-17T22:09:59-05:00,https://funeral.com/sitemap_blogs_1.xml
https://funeral.com/blogs/the-journal/mayo-clinic-body-donation-program-how-to-register-what-s-required-and-common-reasons-for-refusal,2026-05-27T05:14:12-05:00,https://funeral.com/sitemap_blogs_1.xml
https://funeral.com/blogs/the-journal/cardinal-loved-one-is-near-messages-short-texts-and-sympathy-quotes,2026-01-29T15:11:04-06:00,https://funeral.com/sitemap_blogs_1.xml
https://funeral.com/blogs/the-journal/celebration-of-life-quotes-uplifting-words-for-tributes-programs-and-speeches,2026-03-11T20:14:05-05:00,https://funeral.com/sitemap_blogs_1.xml
https://funeral.com/blogs/the-journal/what-happens-to-titanium-implants-after-cremation-how-orthopedic-metal-recycling-works,2026-03-07T19:54:06-06:00,https://funeral.com/sitemap_blogs_1.xml
https://funeral.com/blogs/the-journal/when-a-cardinal-appears-50-loved-one-is-near-quotes-and-sayings,2026-03-12T15:26:26-05:00,https://funeral.com/sitemap_blogs_1.xml
https://funeral.com/blogs/the-journal/cardinal-bird-symbolism-after-death-songs-stories-and-sympathy-quotes,2026-01-29T15:11:11-06:00,https://funeral.com/sitemap_blogs_1.xml
https://funeral.com/blogs/the-journal/when-an-autopsy-is-required-deaths-that-trigger-the-coroner-or-medical-examiner-and-what-families-can-expect,2026-01-29T15:11:14-06:00,https://funeral.com/sitemap_blogs_1.xml
https://funeral.com/blogs/the-journal/cardinal-facts-myths-and-quotes-what-cardinals-appear-really-means,2026-01-29T15:11:15-06:00,https://funeral.com/sitemap_blogs_1.xml
https://funeral.com/blogs/the-journal/how-to-choose-the-right-urn-4-rules-for-size-material-and-personalization,2026-01-29T15:11:17-06:00,https://funeral.com/sitemap_blogs_1.xml
https://funeral.com/blogs/the-journal/mechanism-vs-cause-of-death-how-to-read-a-death-certificate-in-plain-english,2026-01-29T15:11:19-06:00,https://funeral.com/sitemap_blogs_1.xml
https://funeral.com/blogs/the-journal/when-cardinals-appear-comforting-grief-quotes-sayings-and-what-they-mean,2026-01-29T15:11:21-06:00,https://funeral.com/sitemap_blogs_1.xml
https://funeral.com/blogs/the-journal/full-size-cremation-urns-standard-sizes-price-range-and-how-to-shop,2026-01-29T15:11:23-06:00,https://funeral.com/sitemap_blogs_1.xml
https://funeral.com/blogs/the-journal/urn-size-calculator-guide-how-to-choose-the-right-capacity-for-ashes,2026-01-29T15:11:24-06:00,https://funeral.com/sitemap_blogs_1.xml
https://funeral.com/blogs/the-journal/do-red-cardinals-mean-a-visitor-from-heaven-symbolism-stories-and-comfort,2026-01-29T15:11:26-06:00,https://funeral.com/sitemap_blogs_1.xml
https://funeral.com/blogs/the-journal/how-to-transfer-ashes-into-an-urn-step-by-step-instructions-tools-and-mess-free-tips,2026-01-29T15:11:28-06:00,https://funeral.com/sitemap_blogs_1.xml
https://funeral.com/blogs/the-journal/pronouncement-of-death-at-home-who-can-do-it-and-what-happens-next,2026-01-29T15:11:30-06:00,https://funeral.com/sitemap_blogs_1.xml
https://funeral.com/blogs/the-journal/urn-sizes-made-simple-full-size-vs-keepsake-vs-temporary-urns-with-capacity-rules,2026-01-29T15:11:31-06:00,https://funeral.com/sitemap_blogs_1.xml
https://funeral.com/blogs/the-journal/transporting-human-remains-across-state-lines-permits-paperwork-and-common-options,2026-03-12T19:29:53-05:00,https://funeral.com/sitemap_blogs_1.xml
https://funeral.com/blogs/the-journal/tsa-guidelines-for-cremated-remains-x-ray-friendly-urn-materials-and-carry-on-tips,2026-01-29T15:11:35-06:00,https://funeral.com/sitemap_blogs_1.xml
https://funeral.com/blogs/the-journal/advanced-heart-failure-managing-edema-and-fluid-overload-for-comfort,2026-01-29T15:11:39-06:00,https://funeral.com/sitemap_blogs_1.xml
https://funeral.com/blogs/the-journal/memorial-day-poppies-and-colors-what-they-mean-and-thoughtful-ways-to-honor-a-loved-one,2026-01-29T15:11:41-06:00,https://funeral.com/sitemap_blogs_1.xml
https://funeral.com/blogs/the-journal/what-size-urn-do-i-need-a-practical-guide-to-urn-capacity-cubic-inches-weight-and-calculators,2026-01-29T15:11:42-06:00,https://funeral.com/sitemap_blogs_1.xml
https://funeral.com/blogs/the-journal/gold-teeth-and-fillings-during-cremation-do-they-melt-and-can-they-be-recovered,2026-03-18T17:51:09-05:00,https://funeral.com/sitemap_blogs_1.xml
https://funeral.com/blogs/the-journal/cremation-services-in-richmond-va-costs-packages-and-how-to-choose-a-provider,2026-01-29T15:11:46-06:00,https://funeral.com/sitemap_blogs_1.xml
https://funeral.com/blogs/the-journal/the-meaning-of-coins-on-headstones-pennies-nickels-dimes-and-quarters-explained,2026-05-24T22:04:40-05:00,https://funeral.com/sitemap_blogs_1.xml
https://funeral.com/blogs/the-journal/near-death-experiences-what-science-suggests-and-why-spiritual-meaning-matters-to-families,2026-01-29T15:11:49-06:00,https://funeral.com/sitemap_blogs_1.xml
https://funeral.com/blogs/the-journal/breast-implants-and-cremation-what-silicone-does-in-the-retort-and-emissions-questions-to-ask,2026-01-29T15:11:51-06:00,https://funeral.com/sitemap_blogs_1.xml
https://funeral.com/blogs/the-journal/cremation-jewelry-faq-how-it-works-how-much-ashes-you-need-and-how-to-care-for-it,2026-01-29T15:11:52-06:00,https://funeral.com/sitemap_blogs_1.xml
https://funeral.com/blogs/the-journal/creating-a-family-remembrance-day-for-both-pets-and-people,2026-01-29T15:11:54-06:00,https://funeral.com/sitemap_blogs_1.xml
https://funeral.com/blogs/the-journal/does-god-care-about-animals-bible-passages-that-comfort-pet-lovers,2026-01-29T15:11:55-06:00,https://funeral.com/sitemap_blogs_1.xml
https://funeral.com/blogs/the-journal/the-buddhist-perspective-on-animal-death-and-reincarnation,2026-03-12T15:16:27-05:00,https://funeral.com/sitemap_blogs_1.xml
https://funeral.com/blogs/the-journal/the-3-month-decline-common-markers-of-transition-in-advanced-chronic-illness,2026-01-29T15:11:59-06:00,https://funeral.com/sitemap_blogs_1.xml
https://funeral.com/blogs/the-journal/how-to-plan-a-funeral-in-2026-costs-trends-and-preplanning-options-for-seniors,2026-01-29T15:12:01-06:00,https://funeral.com/sitemap_blogs_1.xml
https://funeral.com/blogs/the-journal/pediatric-palliative-care-vs-adult-hospice-what-s-different-and-what-families-can-expect,2026-01-29T15:12:03-06:00,https://funeral.com/sitemap_blogs_1.xml
https://funeral.com/blogs/the-journal/what-food-to-bring-to-a-grieving-family-sympathy-meal-ideas-that-travel-well,2026-03-08T16:08:29-05:00,https://funeral.com/sitemap_blogs_1.xml
https://funeral.com/blogs/the-journal/neonatal-hospice-in-the-nicu-comfort-care-and-meaningful-memory-making,2026-01-29T15:12:07-06:00,https://funeral.com/sitemap_blogs_1.xml
https://funeral.com/blogs/the-journal/how-to-offer-condolences-10-practical-tips-sample-messages-for-texts-and-cards,2026-03-11T02:20:34-05:00,https://funeral.com/sitemap_blogs_1.xml
https://funeral.com/blogs/the-journal/how-much-ash-is-left-after-cremation-weight-volume-estimates-urn-size-calculator,2026-01-29T15:12:11-06:00,https://funeral.com/sitemap_blogs_1.xml
https://funeral.com/blogs/the-journal/what-is-a-columbarium-niche-urn-and-inurnment-terms-explained,2026-03-21T18:06:37-05:00,https://funeral.com/sitemap_blogs_1.xml
https://funeral.com/blogs/the-journal/the-fast-scale-for-dementia-a-family-guide-to-late-stage-stage-7-changes-and-hospice-readiness,2026-01-29T15:12:14-06:00,https://funeral.com/sitemap_blogs_1.xml
https://funeral.com/blogs/the-journal/how-to-transfer-cremation-ashes-into-an-urn-step-by-step-tools-and-sealing-tips,2026-01-29T15:12:18-06:00,https://funeral.com/sitemap_blogs_1.xml
https://funeral.com/blogs/the-journal/inurnment-ceremony-ideas-what-it-means-how-it-works-and-inurnment-vs-interment,2026-03-18T00:00:44-05:00,https://funeral.com/sitemap_blogs_1.xml
https://funeral.com/blogs/the-journal/are-ashes-loose-in-an-urn-how-cremains-are-packaged-and-how-to-transfer-them-safely,2026-01-29T15:12:22-06:00,https://funeral.com/sitemap_blogs_1.xml
https://funeral.com/blogs/the-journal/what-happens-to-unclaimed-or-uncollected-cremation-ashes-policies-timeframes-and-family-next-steps,2026-03-17T18:33:52-05:00,https://funeral.com/sitemap_blogs_1.xml
https://funeral.com/blogs/the-journal/judaism-and-cremation-what-different-traditions-teach-and-what-families-can-do,2026-01-29T15:12:25-06:00,https://funeral.com/sitemap_blogs_1.xml
https://funeral.com/blogs/the-journal/helping-children-understand-active-dying-a-sibling-support-guide-for-families,2026-01-29T15:12:27-06:00,https://funeral.com/sitemap_blogs_1.xml
https://funeral.com/blogs/the-journal/how-to-close-utility-accounts-after-a-death-phone-scripts-for-electric-gas-companies,2026-03-20T17:09:56-05:00,https://funeral.com/sitemap_blogs_1.xml
https://funeral.com/blogs/the-journal/cancel-or-transfer-a-cell-phone-plan-after-a-death-verizon-at-t-policies-made-simple,2026-03-10T22:02:09-05:00,https://funeral.com/sitemap_blogs_1.xml
https://funeral.com/blogs/the-journal/stroke-prognosis-decisions-rehab-palliative-care-or-hospice-how-families-choose,2026-01-29T15:12:34-06:00,https://funeral.com/sitemap_blogs_1.xml
https://funeral.com/blogs/the-journal/exhumation-disinterment-legal-reasons-typical-costs-and-the-step-by-step-process,2026-03-11T23:55:18-05:00,https://funeral.com/sitemap_blogs_1.xml
https://funeral.com/blogs/the-journal/credit-card-rewards-after-death-do-points-expire-transfer-or-get-forfeited,2026-01-29T15:12:37-06:00,https://funeral.com/sitemap_blogs_1.xml
https://funeral.com/blogs/the-journal/dmv-license-cancellation-after-death-how-to-notify-the-state-and-prevent-id-theft,2026-03-08T04:40:35-05:00,https://funeral.com/sitemap_blogs_1.xml
https://funeral.com/blogs/the-journal/returning-social-security-payments-after-death-month-of-death-rules-for-checks-and-direct-deposit,2026-03-25T15:40:55-05:00,https://funeral.com/sitemap_blogs_1.xml
https://funeral.com/blogs/the-journal/transferring-airline-miles-after-death-delta-united-amp-american-policies-and-workarounds,2026-03-08T03:07:15-05:00,https://funeral.com/sitemap_blogs_1.xml
https://funeral.com/blogs/the-journal/hotel-loyalty-points-after-death-marriott-bonvoy-and-hilton-honors-transfer-rules,2026-03-17T23:39:59-05:00,https://funeral.com/sitemap_blogs_1.xml
https://funeral.com/blogs/the-journal/space-burial-explained-celestis-orbital-memorial-flights-launch-process-and-what-to-expect,2026-01-29T15:12:47-06:00,https://funeral.com/sitemap_blogs_1.xml
https://funeral.com/blogs/the-journal/moon-burial-services-sending-dna-or-ashes-to-lunar-orbit-or-the-moon-s-surface,2026-01-29T15:12:49-06:00,https://funeral.com/sitemap_blogs_1.xml
https://funeral.com/blogs/the-journal/unclaimed-property-search-after-a-death-finding-lost-accounts-in-state-databases,2026-01-29T15:12:51-06:00,https://funeral.com/sitemap_blogs_1.xml
https://funeral.com/blogs/the-journal/deep-space-burial-sending-ashes-or-dna-beyond-the-moon-into-infinite-space,2026-01-29T15:12:53-06:00,https://funeral.com/sitemap_blogs_1.xml
https://funeral.com/blogs/the-journal/carbon-offsetting-for-funerals-how-to-offset-cremation-and-travel-emissions-without-greenwashing,2026-01-29T15:12:55-06:00,https://funeral.com/sitemap_blogs_1.xml
https://funeral.com/blogs/the-journal/how-to-cancel-a-deceased-loved-one-s-passport-where-to-mail-it-what-to-include,2026-03-10T23:29:01-05:00,https://funeral.com/sitemap_blogs_1.xml
https://funeral.com/blogs/the-journal/freeze-a-deceased-person-s-credit-preventing-post-mortem-identity-theft-ghosting,2026-01-29T15:12:59-06:00,https://funeral.com/sitemap_blogs_1.xml
https://funeral.com/blogs/the-journal/social-security-255-death-benefit-who-qualifies-and-how-to-apply-for-the-lump-sum-death-payment,2026-03-18T17:30:33-05:00,https://funeral.com/sitemap_blogs_1.xml
https://funeral.com/blogs/the-journal/va-burial-benefits-explained-burial-allowance-headstones-flags-and-reimbursement-basics,2026-01-29T15:13:04-06:00,https://funeral.com/sitemap_blogs_1.xml
https://funeral.com/blogs/the-journal/if-a-life-insurance-policy-lapsed-before-death-what-coverage-might-still-apply,2026-01-29T15:13:07-06:00,https://funeral.com/sitemap_blogs_1.xml
https://funeral.com/blogs/the-journal/joint-tenancy-with-right-of-survivorship-how-real-estate-transfers-after-death,2026-01-29T15:13:09-06:00,https://funeral.com/sitemap_blogs_1.xml
https://funeral.com/blogs/the-journal/small-estate-affidavit-by-state-how-to-skip-probate-limits-and-requirements,2026-05-25T20:13:45-05:00,https://funeral.com/sitemap_blogs_1.xml
https://funeral.com/blogs/the-journal/transfer-on-death-tod-deeds-pros-cons-and-common-problems-to-avoid,2026-05-25T04:59:48-05:00,https://funeral.com/sitemap_blogs_1.xml
https://funeral.com/blogs/the-journal/how-to-notify-credit-bureaus-after-a-death-equifax-experian-transunion-step-by-step,2026-03-11T23:39:05-05:00,https://funeral.com/sitemap_blogs_1.xml
https://funeral.com/blogs/the-journal/probate-101-which-assets-avoid-probate-and-which-ones-go-to-court,2026-05-25T20:46:16-05:00,https://funeral.com/sitemap_blogs_1.xml
https://funeral.com/blogs/the-journal/administrator-vs-executor-what-happens-when-there-s-no-will-intestate-estates,2026-05-24T20:36:03-05:00,https://funeral.com/sitemap_blogs_1.xml
https://funeral.com/blogs/the-journal/executor-fees-and-taxes-are-executor-payments-taxable-income,2026-03-08T04:04:25-05:00,https://funeral.com/sitemap_blogs_1.xml
https://funeral.com/blogs/the-journal/from-ashes-to-meaning-a-practical-guide-to-cremation-urns-pet-urns-cremation-jewelry-and-funeral-planning,2026-01-29T15:15:31-06:00,https://funeral.com/sitemap_blogs_1.xml
https://funeral.com/blogs/the-journal/executor-liability-can-you-be-sued-for-mistakes-when-settling-an-estate,2026-01-29T15:15:33-06:00,https://funeral.com/sitemap_blogs_1.xml
https://funeral.com/blogs/the-journal/cremation-urn-size-guide-adult-keepsake-companion-and-pet-urn-capacities-explained-1,2026-01-29T15:15:34-06:00,https://funeral.com/sitemap_blogs_1.xml
https://funeral.com/blogs/the-journal/federal-estate-tax-exemption-2026-15m-limits-portability-and-what-form-706-does,2026-03-08T20:22:45-05:00,https://funeral.com/sitemap_blogs_1.xml
https://funeral.com/blogs/the-journal/a-calm-guide-to-cremation-urns-keepsakes-and-memorial-jewelry-planning-what-comes-next,2026-01-29T15:15:37-06:00,https://funeral.com/sitemap_blogs_1.xml
https://funeral.com/blogs/the-journal/cremation-choices-that-feel-manageable-a-gentle-guide-to-urns-pet-memorials-cremation-jewelry-and-funeral-planning,2026-03-08T20:19:16-05:00,https://funeral.com/sitemap_blogs_1.xml
https://funeral.com/blogs/the-journal/backyard-burial-zoning-health-rules-and-how-to-record-a-home-burial-on-the-deed,2026-01-29T15:15:43-06:00,https://funeral.com/sitemap_blogs_1.xml
https://funeral.com/blogs/the-journal/guaranteed-vs-non-guaranteed-prepaid-funeral-contracts-what-can-still-increase-in-price,2026-01-29T15:15:45-06:00,https://funeral.com/sitemap_blogs_1.xml
https://funeral.com/blogs/the-journal/pre-need-funeral-plans-and-moving-states-portability-options-and-what-to-ask-before-you-relocate,2026-03-20T20:48:34-05:00,https://funeral.com/sitemap_blogs_1.xml
https://funeral.com/blogs/the-journal/gofundme-after-a-death-are-crowdfunding-donations-taxable-and-do-they-affect-benefits,2026-03-11T23:30:00-05:00,https://funeral.com/sitemap_blogs_1.xml
https://funeral.com/blogs/the-journal/perpetual-care-funds-what-they-are-how-cemeteries-use-them-and-questions-to-ask-before-buying,2026-05-24T20:59:44-05:00,https://funeral.com/sitemap_blogs_1.xml
https://funeral.com/blogs/the-journal/funeral-scams-to-watch-for-the-grandchild-in-trouble-call-and-other-grief-exploitation-tactics,2026-01-29T15:15:51-06:00,https://funeral.com/sitemap_blogs_1.xml
https://funeral.com/blogs/the-journal/obituary-security-how-to-prevent-burglary-and-identity-theft-during-a-funeral,2026-03-18T00:26:18-05:00,https://funeral.com/sitemap_blogs_1.xml
https://funeral.com/blogs/the-journal/neurodivergent-grief-how-autism-can-shape-mourning-support-needs-and-healing,2026-01-29T15:15:55-06:00,https://funeral.com/sitemap_blogs_1.xml
https://funeral.com/blogs/the-journal/adhd-and-grief-why-it-can-feel-like-you-re-forgetting-they-re-gone-and-what-helps,2026-03-20T20:42:06-05:00,https://funeral.com/sitemap_blogs_1.xml
https://funeral.com/blogs/the-journal/assigning-life-insurance-to-pay-a-funeral-home-how-assignments-work-and-what-to-watch-for,2026-03-11T00:49:21-05:00,https://funeral.com/sitemap_blogs_1.xml
https://funeral.com/blogs/the-journal/autistic-burnout-vs-grief-depression-how-to-tell-what-s-happening-and-when-to-get-help,2026-01-29T15:16:00-06:00,https://funeral.com/sitemap_blogs_1.xml
https://funeral.com/blogs/the-journal/stimming-and-grief-why-repetitive-movements-can-be-a-healthy-coping-tool,2026-01-29T15:16:01-06:00,https://funeral.com/sitemap_blogs_1.xml
https://funeral.com/blogs/the-journal/black-armbands-in-mourning-where-the-symbol-came-from-and-how-it-s-used-today,2026-03-18T20:26:35-05:00,https://funeral.com/sitemap_blogs_1.xml
https://funeral.com/blogs/the-journal/sensory-overload-at-funerals-practical-tips-for-neurodivergent-guests-and-families,2026-01-29T15:16:05-06:00,https://funeral.com/sitemap_blogs_1.xml
https://funeral.com/blogs/the-journal/grief-masking-the-exhaustion-of-hiding-pain-and-performing-okay,2026-01-29T15:16:06-06:00,https://funeral.com/sitemap_blogs_1.xml
https://funeral.com/blogs/the-journal/explaining-death-to-autistic-children-concrete-language-predictability-and-emotional-safety,2026-01-29T15:16:08-06:00,https://funeral.com/sitemap_blogs_1.xml
https://funeral.com/blogs/the-journal/interment-of-ashes-explained-burial-options-cemetery-rules-what-to-bring,2026-01-29T15:16:09-06:00,https://funeral.com/sitemap_blogs_1.xml
https://funeral.com/blogs/the-journal/bird-friendly-burial-creating-habitat-at-a-grave-with-native-plants-and-safe-design,2026-01-29T15:16:12-06:00,https://funeral.com/sitemap_blogs_1.xml
https://funeral.com/blogs/the-journal/the-grief-brain-the-neuroscience-behind-brain-fog-memory-gaps-and-feeling-not-like-yourself,2026-01-29T15:16:14-06:00,https://funeral.com/sitemap_blogs_1.xml
https://funeral.com/blogs/the-journal/cremation-choices-that-feel-grounded-urns-keepsakes-jewelry-and-a-plan-you-can-live-with,2026-01-29T15:16:15-06:00,https://funeral.com/sitemap_blogs_1.xml
https://funeral.com/blogs/the-journal/broken-heart-syndrome-takotsubo-symptoms-causes-and-when-to-seek-emergency-care,2026-01-29T15:16:17-06:00,https://funeral.com/sitemap_blogs_1.xml
https://funeral.com/blogs/the-journal/cortisol-and-grief-why-loss-can-make-you-physically-sick-and-what-helps,2026-01-29T15:16:19-06:00,https://funeral.com/sitemap_blogs_1.xml
https://funeral.com/blogs/the-journal/grief-insomnia-the-physiology-of-sleeplessness-after-loss-and-how-to-cope-at-night,2026-01-29T15:16:21-06:00,https://funeral.com/sitemap_blogs_1.xml
https://funeral.com/blogs/the-journal/grief-and-your-gut-the-gut-brain-axis-behind-nausea-appetite-changes-and-ibs-flares,2026-03-19T01:32:53-05:00,https://funeral.com/sitemap_blogs_1.xml
https://funeral.com/blogs/the-journal/itemized-cremation-costs-explained-what-each-charge-usually-covers,2026-01-29T15:16:27-06:00,https://funeral.com/sitemap_blogs_1.xml
https://funeral.com/blogs/the-journal/scripting-condolences-social-stories-and-simple-phrases-for-autistic-adults,2026-01-29T15:16:29-06:00,https://funeral.com/sitemap_blogs_1.xml
https://funeral.com/blogs/the-journal/what-is-a-basic-services-fee-why-it-appears-on-cremation-quotes,2026-01-29T15:16:31-06:00,https://funeral.com/sitemap_blogs_1.xml
https://funeral.com/blogs/the-journal/executive-dysfunction-after-loss-why-basic-tasks-feel-impossible-and-how-to-get-through,2026-01-29T15:16:32-06:00,https://funeral.com/sitemap_blogs_1.xml
https://funeral.com/blogs/the-journal/cbt-for-grief-reframing-guilt-if-only-thoughts-and-fear-after-a-death,2026-01-29T15:16:34-06:00,https://funeral.com/sitemap_blogs_1.xml
https://funeral.com/blogs/the-journal/music-therapy-for-grief-how-to-use-playlists-for-emotional-release-and-comfort,2026-01-29T15:16:35-06:00,https://funeral.com/sitemap_blogs_1.xml
https://funeral.com/blogs/the-journal/grief-yoga-gentle-poses-for-grounding-chest-opening-and-releasing-tension,2026-01-29T15:16:37-06:00,https://funeral.com/sitemap_blogs_1.xml
https://funeral.com/blogs/the-journal/4-7-8-breathing-for-panic-and-grief-surges-how-it-works-and-how-to-practice-safely,2026-01-29T15:16:38-06:00,https://funeral.com/sitemap_blogs_1.xml
https://funeral.com/blogs/the-journal/left-brain-journaling-for-grief-lists-bullet-points-and-structure-when-you-feel-scattered,2026-01-29T15:16:40-06:00,https://funeral.com/sitemap_blogs_1.xml
https://funeral.com/blogs/the-journal/what-the-ftc-funeral-rule-means-for-cremation-pricing-and-transparency,2026-01-29T15:16:42-06:00,https://funeral.com/sitemap_blogs_1.xml
https://funeral.com/blogs/the-journal/how-to-compare-cremation-providers-a-line-item-checklist-that-works,2026-01-29T15:16:43-06:00,https://funeral.com/sitemap_blogs_1.xml
https://funeral.com/blogs/the-journal/right-brain-journaling-for-grief-collage-sketching-and-visual-storytelling,2026-01-29T15:16:45-06:00,https://funeral.com/sitemap_blogs_1.xml
https://funeral.com/blogs/the-journal/non-finite-loss-grieving-a-child-with-chronic-disability-while-still-loving-your-life,2026-01-29T15:16:48-06:00,https://funeral.com/sitemap_blogs_1.xml
https://funeral.com/blogs/the-journal/ambiguous-loss-type-1-dementia-grieving-someone-who-is-physically-here-but-psychologically-changing,2026-01-29T15:16:49-06:00,https://funeral.com/sitemap_blogs_1.xml
https://funeral.com/blogs/the-journal/ambiguous-loss-type-2-missing-persons-living-with-uncertainty-when-there-s-no-confirmed-death,2026-09-30T05:09:40-05:00,https://funeral.com/sitemap_blogs_1.xml
https://funeral.com/blogs/the-journal/art-therapy-for-grief-and-trauma-nonverbal-ways-to-process-what-words-can-t,2026-03-08T20:17:53-05:00,https://funeral.com/sitemap_blogs_1.xml
https://funeral.com/blogs/the-journal/understanding-funeral-home-price-lists-a-plain-english-reading-guide,2026-01-29T15:16:54-06:00,https://funeral.com/sitemap_blogs_1.xml
https://funeral.com/blogs/the-journal/cumulative-grief-coping-with-multiple-losses-and-bereavement-overload,2026-05-25T22:36:06-05:00,https://funeral.com/sitemap_blogs_1.xml
https://funeral.com/blogs/the-journal/what-to-ask-a-funeral-home-about-cremation-a-short-high-value-question-list,2026-01-29T15:16:57-06:00,https://funeral.com/sitemap_blogs_1.xml
https://funeral.com/blogs/the-journal/choosing-an-urn-sharing-ashes-and-planning-what-comes-next-a-practical-guide-to-cremation-pet-memorials-and-keepsakes,2026-01-29T15:16:58-06:00,https://funeral.com/sitemap_blogs_1.xml
https://funeral.com/blogs/the-journal/what-if-there-s-no-next-of-kin-how-arrangements-are-typically-handled,2026-01-29T15:17:00-06:00,https://funeral.com/sitemap_blogs_1.xml
https://funeral.com/blogs/the-journal/when-family-can-t-agree-on-cremation-practical-steps-before-it-escalates,2026-01-29T15:17:02-06:00,https://funeral.com/sitemap_blogs_1.xml
https://funeral.com/blogs/the-journal/next-of-kin-order-explained-a-simple-decision-hierarchy,2026-01-29T15:17:05-06:00,https://funeral.com/sitemap_blogs_1.xml
https://funeral.com/blogs/the-journal/what-happens-if-someone-dies-without-instructions-a-calm-decision-framework,2026-01-29T15:17:07-06:00,https://funeral.com/sitemap_blogs_1.xml
https://funeral.com/blogs/the-journal/delayed-grief-why-it-can-hit-months-or-years-later-and-what-to-do-when-it-finally-lands,2026-01-29T15:17:09-06:00,https://funeral.com/sitemap_blogs_1.xml
https://funeral.com/blogs/the-journal/what-a-cremation-authorization-covers-what-you-re-agreeing-to,2026-01-29T15:17:11-06:00,https://funeral.com/sitemap_blogs_1.xml
https://funeral.com/blogs/the-journal/the-difference-between-a-cremation-container-and-an-urn,2026-01-29T15:17:13-06:00,https://funeral.com/sitemap_blogs_1.xml
https://funeral.com/blogs/the-journal/masked-grief-when-grief-shows-up-as-physical-symptoms-instead-of-feelings,2026-01-29T15:17:14-06:00,https://funeral.com/sitemap_blogs_1.xml
https://funeral.com/blogs/the-journal/identity-loss-after-a-spouse-dies-who-am-i-now-and-how-to-rebuild-a-life-with-meaning,2026-01-29T15:17:16-06:00,https://funeral.com/sitemap_blogs_1.xml
https://funeral.com/blogs/the-journal/what-you-receive-after-cremation-containers-forms-and-common-items,2026-01-29T15:17:17-06:00,https://funeral.com/sitemap_blogs_1.xml
https://funeral.com/blogs/the-journal/secondary-losses-after-death-money-housing-friendships-and-status-changes-no-one-warns-you-about,2026-01-29T15:17:19-06:00,https://funeral.com/sitemap_blogs_1.xml
https://funeral.com/blogs/the-journal/how-much-does-cremation-cost-in-west-virginia-in-2026,2026-04-18T19:30:53-05:00,https://funeral.com/sitemap_blogs_1.xml
https://funeral.com/blogs/the-journal/transgender-death-care-how-families-can-respect-name-pronouns-and-identity-after-death,2026-01-29T15:17:23-06:00,https://funeral.com/sitemap_blogs_1.xml
https://funeral.com/blogs/the-journal/how-much-does-cremation-cost-in-virginia-in-2026,2026-01-29T15:17:24-06:00,https://funeral.com/sitemap_blogs_1.xml
https://funeral.com/blogs/the-journal/lgbtq-grief-and-exclusion-when-you-re-left-out-of-obituaries-funerals-and-family-rituals,2026-01-29T15:17:25-06:00,https://funeral.com/sitemap_blogs_1.xml
https://funeral.com/blogs/the-journal/how-much-does-cremation-cost-in-washington-in-2026,2026-01-31T15:02:02-06:00,https://funeral.com/sitemap_blogs_1.xml
https://funeral.com/blogs/the-journal/how-much-does-cremation-cost-in-wisconsin-in-2026,2026-03-19T16:32:30-05:00,https://funeral.com/sitemap_blogs_1.xml
https://funeral.com/blogs/the-journal/estrangement-grief-mourning-someone-you-didn-t-speak-to-and-the-guilt-that-can-follow,2026-01-29T15:17:30-06:00,https://funeral.com/sitemap_blogs_1.xml
https://funeral.com/blogs/the-journal/how-much-does-cremation-cost-in-vermont-in-2026,2026-01-29T15:17:31-06:00,https://funeral.com/sitemap_blogs_1.xml
https://funeral.com/blogs/the-journal/relief-after-someone-dies-why-it-can-be-normal-especially-after-a-difficult-relationship,2026-01-29T15:17:33-06:00,https://funeral.com/sitemap_blogs_1.xml
https://funeral.com/blogs/the-journal/guilt-in-grief-breaking-the-if-only-loop-without-erasing-love-or-responsibility,2026-01-29T15:17:34-06:00,https://funeral.com/sitemap_blogs_1.xml
https://funeral.com/blogs/the-journal/survivor-s-guilt-after-accidents-why-it-happens-and-how-to-heal-when-you-re-still-here,2026-01-29T15:17:36-06:00,https://funeral.com/sitemap_blogs_1.xml
https://funeral.com/blogs/the-journal/grief-after-suicide-understanding-the-stigma-the-why-and-what-healing-can-look-like,2026-01-29T15:17:37-06:00,https://funeral.com/sitemap_blogs_1.xml
https://funeral.com/blogs/the-journal/how-to-explain-suicide-to-children-age-appropriate-scripts-and-what-to-avoid,2026-01-29T15:17:39-06:00,https://funeral.com/sitemap_blogs_1.xml
https://funeral.com/blogs/the-journal/homicide-loss-grieving-while-navigating-police-prosecutors-and-court-dates,2026-01-29T15:17:40-06:00,https://funeral.com/sitemap_blogs_1.xml
https://funeral.com/blogs/the-journal/cremation-choices-that-feel-like-love-urns-keepsakes-jewelry-and-a-plan-that-makes-room-for-grief,2026-01-29T15:17:42-06:00,https://funeral.com/sitemap_blogs_1.xml
https://funeral.com/blogs/the-journal/overdose-loss-coping-with-shame-judgment-and-the-complicated-reality-of-addiction,2026-01-29T15:17:46-06:00,https://funeral.com/sitemap_blogs_1.xml
https://funeral.com/blogs/the-journal/sibling-loss-supporting-the-forgotten-mourners-adults-and-children,2026-01-29T15:17:48-06:00,https://funeral.com/sitemap_blogs_1.xml
https://funeral.com/blogs/the-journal/grandparent-loss-often-a-first-encounter-with-mortality-and-why-it-matters,2026-01-29T15:17:49-06:00,https://funeral.com/sitemap_blogs_1.xml
https://funeral.com/blogs/the-journal/miscarriage-grief-for-fathers-and-partners-how-to-support-how-to-mourn-and-what-to-say,2026-01-29T15:17:51-06:00,https://funeral.com/sitemap_blogs_1.xml
https://funeral.com/blogs/the-journal/abortion-grief-processing-complex-emotions-without-shame-or-political-pressure,2026-01-29T15:17:53-06:00,https://funeral.com/sitemap_blogs_1.xml
https://funeral.com/blogs/the-journal/how-much-does-cremation-cost-in-wyoming-in-2026,2026-01-31T15:02:03-06:00,https://funeral.com/sitemap_blogs_1.xml
https://funeral.com/blogs/the-journal/how-much-does-cremation-cost-in-texas-in-2026,2026-04-17T19:06:39-05:00,https://funeral.com/sitemap_blogs_1.xml
https://funeral.com/blogs/the-journal/how-much-does-cremation-cost-in-utah-in-2026,2026-01-29T15:17:58-06:00,https://funeral.com/sitemap_blogs_1.xml
https://funeral.com/blogs/the-journal/how-much-does-cremation-cost-in-north-dakota-in-2026,2026-01-31T15:02:05-06:00,https://funeral.com/sitemap_blogs_1.xml
https://funeral.com/blogs/the-journal/how-much-does-cremation-cost-in-south-carolina-in-2026,2026-01-29T15:18:01-06:00,https://funeral.com/sitemap_blogs_1.xml
https://funeral.com/blogs/the-journal/how-much-does-cremation-cost-in-tennessee-in-2026,2026-02-06T19:21:21-06:00,https://funeral.com/sitemap_blogs_1.xml
https://funeral.com/blogs/the-journal/how-much-does-cremation-cost-in-oklahoma-in-2026,2026-01-30T14:55:09-06:00,https://funeral.com/sitemap_blogs_1.xml
https://funeral.com/blogs/the-journal/how-much-does-cremation-cost-in-maine-in-2026,2026-01-29T15:18:06-06:00,https://funeral.com/sitemap_blogs_1.xml
https://funeral.com/blogs/the-journal/how-much-does-cremation-cost-in-rhode-island-in-2026,2026-04-21T18:27:02-05:00,https://funeral.com/sitemap_blogs_1.xml
https://funeral.com/blogs/the-journal/how-much-does-cremation-cost-in-oregon-in-2026,2026-02-07T19:09:44-06:00,https://funeral.com/sitemap_blogs_1.xml
https://funeral.com/blogs/the-journal/how-much-does-cremation-cost-in-new-york-in-2026,2026-04-13T16:54:42-05:00,https://funeral.com/sitemap_blogs_1.xml
https://funeral.com/blogs/the-journal/how-much-does-cremation-cost-in-pennsylvania-in-2026,2026-04-14T17:21:51-05:00,https://funeral.com/sitemap_blogs_1.xml
https://funeral.com/blogs/the-journal/how-much-does-cremation-cost-in-montana-in-2026,2026-02-06T18:41:18-06:00,https://funeral.com/sitemap_blogs_1.xml
https://funeral.com/blogs/the-journal/how-much-does-cremation-cost-in-missouri-in-2026,2026-02-09T03:07:03-06:00,https://funeral.com/sitemap_blogs_1.xml
https://funeral.com/blogs/the-journal/how-much-does-cremation-cost-in-mississippi-in-2026,2026-05-26T03:50:38-05:00,https://funeral.com/sitemap_blogs_1.xml
https://funeral.com/blogs/the-journal/how-much-does-cremation-cost-in-new-mexico-in-2026,2026-01-30T14:55:13-06:00,https://funeral.com/sitemap_blogs_1.xml
https://funeral.com/blogs/the-journal/how-much-does-cremation-cost-in-minnesota-in-2026,2026-02-09T19:03:00-06:00,https://funeral.com/sitemap_blogs_1.xml
https://funeral.com/blogs/the-journal/how-much-does-cremation-cost-in-massachusetts-in-2026,2026-02-05T23:06:46-06:00,https://funeral.com/sitemap_blogs_1.xml
https://funeral.com/blogs/the-journal/how-much-does-cremation-cost-in-illinois-in-2026,2026-02-07T20:38:58-06:00,https://funeral.com/sitemap_blogs_1.xml
https://funeral.com/blogs/the-journal/how-much-does-cremation-cost-in-maryland-in-2026,2026-04-16T16:57:20-05:00,https://funeral.com/sitemap_blogs_1.xml
https://funeral.com/blogs/the-journal/how-much-does-cremation-cost-in-kentucky-in-2026,2026-04-19T07:45:35-05:00,https://funeral.com/sitemap_blogs_1.xml
https://funeral.com/blogs/the-journal/how-much-does-cremation-cost-in-louisiana-in-2026,2026-01-31T15:02:11-06:00,https://funeral.com/sitemap_blogs_1.xml
https://funeral.com/blogs/the-journal/how-much-does-cremation-cost-in-iowa-in-2026,2026-04-17T01:36:37-05:00,https://funeral.com/sitemap_blogs_1.xml
https://funeral.com/blogs/the-journal/yahrzeit-candles-when-to-light-them-how-long-they-burn-and-what-the-ritual-means,2026-01-29T15:20:25-06:00,https://funeral.com/sitemap_blogs_1.xml
https://funeral.com/blogs/the-journal/how-much-does-cremation-cost-in-indiana-in-2026,2026-02-08T05:18:19-06:00,https://funeral.com/sitemap_blogs_1.xml
https://funeral.com/blogs/the-journal/the-rosary-vigil-catholic-wake-traditions-what-happens-and-etiquette-for-guests,2026-03-18T17:41:50-05:00,https://funeral.com/sitemap_blogs_1.xml
https://funeral.com/blogs/the-journal/how-much-does-cremation-cost-in-idaho-in-2026,2026-01-31T15:02:13-06:00,https://funeral.com/sitemap_blogs_1.xml
https://funeral.com/blogs/the-journal/how-much-does-cremation-cost-in-kansas-in-2026,2026-05-25T04:55:01-05:00,https://funeral.com/sitemap_blogs_1.xml
https://funeral.com/blogs/the-journal/how-much-does-cremation-cost-in-hawaii-in-2026,2026-02-08T05:06:43-06:00,https://funeral.com/sitemap_blogs_1.xml
https://funeral.com/blogs/the-journal/cremation-cost-in-new-jersey-in-2026-prices-paperwork-urns-and-what-comes-next,2026-04-20T00:32:41-05:00,https://funeral.com/sitemap_blogs_1.xml
https://funeral.com/blogs/the-journal/how-much-does-cremation-cost-in-nevada-in-2026,2026-01-31T17:22:42-06:00,https://funeral.com/sitemap_blogs_1.xml
https://funeral.com/blogs/the-journal/how-much-does-cremation-cost-in-arizona-in-2026,2026-01-31T18:59:44-06:00,https://funeral.com/sitemap_blogs_1.xml
https://funeral.com/blogs/the-journal/how-much-does-cremation-cost-in-arkansas-in-2026,2026-04-14T21:45:28-05:00,https://funeral.com/sitemap_blogs_1.xml
https://funeral.com/blogs/the-journal/how-much-does-cremation-cost-in-michigan-in-2026,2026-05-24T09:15:51-05:00,https://funeral.com/sitemap_blogs_1.xml
https://funeral.com/blogs/the-journal/how-much-does-cremation-cost-in-alaska-in-2026,2026-01-29T15:20:44-06:00,https://funeral.com/sitemap_blogs_1.xml
https://funeral.com/blogs/the-journal/how-much-does-cremation-cost-in-nebraska-in-2026,2026-02-06T18:51:31-06:00,https://funeral.com/sitemap_blogs_1.xml
https://funeral.com/blogs/the-journal/how-much-does-cremation-cost-in-alabama-in-2026,2026-02-04T01:59:45-06:00,https://funeral.com/sitemap_blogs_1.xml
https://funeral.com/blogs/the-journal/how-much-does-cremation-cost-in-california-in-2026,2026-02-06T19:18:32-06:00,https://funeral.com/sitemap_blogs_1.xml
https://funeral.com/blogs/the-journal/how-much-does-cremation-cost-in-georgia-in-2026,2026-04-15T21:29:19-05:00,https://funeral.com/sitemap_blogs_1.xml
https://funeral.com/blogs/the-journal/how-much-does-cremation-cost-in-colorado-in-2026,2026-01-29T15:20:52-06:00,https://funeral.com/sitemap_blogs_1.xml
https://funeral.com/blogs/the-journal/how-much-does-cremation-cost-in-florida-in-2026,2026-05-25T03:21:30-05:00,https://funeral.com/sitemap_blogs_1.xml
https://funeral.com/blogs/the-journal/how-much-does-cremation-cost-in-district-of-columbia-in-2026,2026-05-24T20:55:02-05:00,https://funeral.com/sitemap_blogs_1.xml
https://funeral.com/blogs/the-journal/how-much-does-cremation-cost-in-delaware-in-2026,2026-05-25T20:00:24-05:00,https://funeral.com/sitemap_blogs_1.xml
https://funeral.com/blogs/the-journal/how-much-does-cremation-cost-in-connecticut-in-2026,2026-02-09T18:50:54-06:00,https://funeral.com/sitemap_blogs_1.xml
https://funeral.com/blogs/the-journal/hanging-coffins-in-sagada-philippines-tradition-beliefs-and-what-visitors-should-know,2026-01-29T15:21:06-06:00,https://funeral.com/sitemap_blogs_1.xml
https://funeral.com/blogs/the-journal/obon-lantern-rituals-toro-nagashi-ancestor-welcome-and-the-meaning-of-floating-lights,2026-05-26T03:31:20-05:00,https://funeral.com/sitemap_blogs_1.xml
https://funeral.com/blogs/the-journal/viking-funerals-and-burning-boats-myth-vs-reality-what-archaeology-actually-shows,2026-03-24T20:46:38-05:00,https://funeral.com/sitemap_blogs_1.xml
https://funeral.com/blogs/the-journal/stillbirth-memory-making-hospital-photography-handprints-and-keepsakes-that-matter,2026-01-29T15:21:14-06:00,https://funeral.com/sitemap_blogs_1.xml
https://funeral.com/blogs/the-journal/weighing-of-the-heart-the-egyptian-judgment-scene-and-what-it-symbolized,2026-01-29T15:21:16-06:00,https://funeral.com/sitemap_blogs_1.xml
https://funeral.com/blogs/the-journal/butterfly-memorial-gardens-host-plants-nectar-plants-and-simple-layout-ideas,2026-01-29T15:21:19-06:00,https://funeral.com/sitemap_blogs_1.xml
https://funeral.com/blogs/the-journal/bee-friendly-memorial-planting-flowers-that-support-pollinators-and-avoid-pesticides,2026-01-29T15:21:20-06:00,https://funeral.com/sitemap_blogs_1.xml
https://funeral.com/blogs/the-journal/famadihana-in-madagascar-the-turning-of-the-bones-and-what-it-means-for-families,2026-03-24T23:38:57-05:00,https://funeral.com/sitemap_blogs_1.xml
https://funeral.com/blogs/the-journal/how-to-build-a-dia-de-los-muertos-ofrenda-meaning-of-each-element-a-respectful-guide,2026-01-29T15:21:23-06:00,https://funeral.com/sitemap_blogs_1.xml
https://funeral.com/blogs/the-journal/sugar-skulls-calaveras-de-azucar-meaning-names-on-the-forehead-and-are-they-edible,2026-01-29T15:21:25-06:00,https://funeral.com/sitemap_blogs_1.xml
https://funeral.com/blogs/the-journal/tibetan-sky-burial-jhator-explained-the-buddhist-philosophy-behind-giving-to-the-birds,2026-01-29T15:21:28-06:00,https://funeral.com/sitemap_blogs_1.xml
https://funeral.com/blogs/the-journal/pan-de-muerto-the-bread-of-the-dead-tradition-and-how-it-s-used-on-ofrendas,2026-01-29T15:21:30-06:00,https://funeral.com/sitemap_blogs_1.xml
https://funeral.com/blogs/the-journal/towers-of-silence-zoroastrian-sky-burial-dakhma-rituals-and-modern-challenges,2026-01-29T15:21:32-06:00,https://funeral.com/sitemap_blogs_1.xml
https://funeral.com/blogs/the-journal/valhalla-and-norse-afterlife-beliefs-what-vikings-believed-about-death-and-the-next-world,2026-01-29T15:21:34-06:00,https://funeral.com/sitemap_blogs_1.xml
https://funeral.com/blogs/the-journal/kotsuage-in-japan-the-bone-picking-ceremony-after-cremation-what-to-expect-and-why-it-matters,2026-03-12T17:13:11-05:00,https://funeral.com/sitemap_blogs_1.xml
https://funeral.com/blogs/the-journal/anubis-the-jackal-headed-guide-of-the-dead-and-his-role-in-egyptian-funerary-rituals,2026-01-29T15:21:37-06:00,https://funeral.com/sitemap_blogs_1.xml
https://funeral.com/blogs/the-journal/canopic-jars-explained-why-ancient-egyptians-preserved-organs-for-the-afterlife,2026-01-29T15:21:39-06:00,https://funeral.com/sitemap_blogs_1.xml
https://funeral.com/blogs/the-journal/butsudan-the-japanese-home-altar-for-remembrance-offerings-and-ongoing-connection,2026-03-13T03:53:13-05:00,https://funeral.com/sitemap_blogs_1.xml
https://funeral.com/blogs/the-journal/adult-orphanhood-losing-both-parents-in-midlife-and-the-identity-shift-that-follows,2026-01-29T15:21:43-06:00,https://funeral.com/sitemap_blogs_1.xml
https://funeral.com/blogs/the-journal/empty-nest-syndrome-when-a-life-transition-feels-like-grief-and-how-to-adjust,2026-01-29T15:21:45-06:00,https://funeral.com/sitemap_blogs_1.xml
https://funeral.com/blogs/the-journal/shabti-ushabti-dolls-the-servants-placed-in-tombs-and-what-they-represented,2026-01-29T15:21:47-06:00,https://funeral.com/sitemap_blogs_1.xml
https://funeral.com/blogs/the-journal/grieving-a-dream-losing-a-career-fertility-health-or-the-life-path-you-planned,2026-01-29T15:21:48-06:00,https://funeral.com/sitemap_blogs_1.xml
https://funeral.com/blogs/the-journal/dog-cat-cremation-cost-in-washington-2026-prices-options-what-to-expect,2026-03-21T20:56:55-05:00,https://funeral.com/sitemap_blogs_1.xml
https://funeral.com/blogs/the-journal/friendship-breakups-grieving-a-relationship-with-no-rituals-no-closure-and-no-script,2026-01-29T15:21:55-06:00,https://funeral.com/sitemap_blogs_1.xml
https://funeral.com/blogs/the-journal/charon-s-obol-the-coin-in-the-mouth-and-greek-beliefs-about-crossing-to-the-dead,2026-01-29T15:21:57-06:00,https://funeral.com/sitemap_blogs_1.xml
https://funeral.com/blogs/the-journal/men-and-grief-stay-strong-culture-emotional-shutdown-and-healthier-ways-to-cope,2026-01-29T15:21:59-06:00,https://funeral.com/sitemap_blogs_1.xml
https://funeral.com/blogs/the-journal/why-red-is-forbidden-at-many-chinese-funerals-color-symbolism-superstitions-and-etiquette,2026-03-17T17:00:52-05:00,https://funeral.com/sitemap_blogs_1.xml
https://funeral.com/blogs/the-journal/dog-cat-cremation-cost-in-oregon-2026-prices-options-what-to-expect,2026-03-21T15:22:21-05:00,https://funeral.com/sitemap_blogs_1.xml
https://funeral.com/blogs/the-journal/hades-vs-thanatos-greek-gods-of-death-ruler-of-the-underworld-vs-personification-of-dying,2026-03-08T20:16:40-05:00,https://funeral.com/sitemap_blogs_1.xml
https://funeral.com/blogs/the-journal/dog-cat-cremation-cost-in-wyoming-2026-prices-options-what-to-expect,2026-02-09T19:19:01-06:00,https://funeral.com/sitemap_blogs_1.xml
https://funeral.com/blogs/the-journal/women-and-grief-the-kin-keeper-burden-of-holding-the-family-together-while-hurting,2026-01-29T15:22:12-06:00,https://funeral.com/sitemap_blogs_1.xml
https://funeral.com/blogs/the-journal/children-s-grief-and-regression-why-bedwetting-clinginess-or-tantrums-can-appear-after-a-death,2026-01-29T15:22:13-06:00,https://funeral.com/sitemap_blogs_1.xml
https://funeral.com/blogs/the-journal/joss-paper-and-spirit-money-why-families-burn-offerings-and-what-it-means,2026-03-20T21:43:58-05:00,https://funeral.com/sitemap_blogs_1.xml
https://funeral.com/blogs/the-journal/fields-of-asphodel-the-middle-afterlife-in-greek-myth-not-heaven-not-hell,2026-01-29T15:22:17-06:00,https://funeral.com/sitemap_blogs_1.xml
https://funeral.com/blogs/the-journal/dog-cat-cremation-cost-in-wisconsin-2026-prices-options-what-to-expect,2026-03-17T19:47:04-05:00,https://funeral.com/sitemap_blogs_1.xml
https://funeral.com/blogs/the-journal/social-media-memories-after-loss-managing-on-this-day-alerts-and-digital-grief,2026-01-29T15:22:21-06:00,https://funeral.com/sitemap_blogs_1.xml
https://funeral.com/blogs/the-journal/dog-cat-cremation-cost-in-utah-2026-prices-options-what-to-expect,2026-04-17T21:25:35-05:00,https://funeral.com/sitemap_blogs_1.xml
https://funeral.com/blogs/the-journal/grief-triggers-why-smells-songs-and-seasons-hit-so-hard-and-how-to-prepare,2026-01-29T15:22:24-06:00,https://funeral.com/sitemap_blogs_1.xml
https://funeral.com/blogs/the-journal/parentalia-rome-s-festival-of-the-dead-and-how-ancestors-were-honored,2026-03-12T19:38:16-05:00,https://funeral.com/sitemap_blogs_1.xml
https://funeral.com/blogs/the-journal/imagines-in-ancient-rome-ancestor-masks-funeral-processions-and-family-prestige,2026-01-29T15:22:28-06:00,https://funeral.com/sitemap_blogs_1.xml
https://funeral.com/blogs/the-journal/the-year-of-firsts-a-practical-guide-to-holidays-anniversaries-and-milestones-after-a-death,2026-01-29T15:22:31-06:00,https://funeral.com/sitemap_blogs_1.xml
https://funeral.com/blogs/the-journal/qingming-festival-tomb-sweeping-day-history-rituals-and-modern-ways-families-observe-it,2026-01-29T15:22:34-06:00,https://funeral.com/sitemap_blogs_1.xml
https://funeral.com/blogs/the-journal/dog-cat-cremation-cost-in-tennessee-2026-prices-options-what-to-expect,2026-05-26T04:01:11-05:00,https://funeral.com/sitemap_blogs_1.xml
https://funeral.com/blogs/the-journal/dog-cat-cremation-cost-in-virginia-2026-prices-options-what-to-expect,2026-05-27T02:34:51-05:00,https://funeral.com/sitemap_blogs_1.xml
https://funeral.com/blogs/the-journal/samhain-the-ancient-roots-of-halloween-and-the-liminal-thin-veil-idea,2026-01-29T15:22:40-06:00,https://funeral.com/sitemap_blogs_1.xml
https://funeral.com/blogs/the-journal/dog-cat-cremation-cost-in-pennsylvania-2026-prices-options-what-to-expect,2026-03-13T02:43:15-05:00,https://funeral.com/sitemap_blogs_1.xml
https://funeral.com/blogs/the-journal/inheritance-conflict-and-grief-why-loss-can-turn-into-greed-and-how-families-de-escalate,2026-01-29T15:22:42-06:00,https://funeral.com/sitemap_blogs_1.xml
https://funeral.com/blogs/the-journal/dating-after-widowhood-when-is-too-soon-and-how-to-navigate-guilt-kids-and-boundaries,2026-01-29T15:22:44-06:00,https://funeral.com/sitemap_blogs_1.xml
https://funeral.com/blogs/the-journal/teen-grief-why-risk-taking-anger-and-withdrawal-can-be-normal-and-when-to-get-help,2026-01-29T15:22:46-06:00,https://funeral.com/sitemap_blogs_1.xml
https://funeral.com/blogs/the-journal/dog-cat-cremation-cost-in-vermont-2026-prices-options-what-to-expect,2026-02-07T18:57:50-06:00,https://funeral.com/sitemap_blogs_1.xml
https://funeral.com/blogs/the-journal/finding-meaning-after-loss-understanding-the-sixth-stage-of-grief-david-kessler,2026-01-29T15:22:49-06:00,https://funeral.com/sitemap_blogs_1.xml
https://funeral.com/blogs/the-journal/dog-cat-cremation-cost-in-south-dakota-2026-prices-options-what-to-expect,2026-04-14T21:36:36-05:00,https://funeral.com/sitemap_blogs_1.xml
https://funeral.com/blogs/the-journal/continuing-bonds-theory-healthy-ways-to-stay-connected-to-someone-who-died,2026-01-29T15:22:52-06:00,https://funeral.com/sitemap_blogs_1.xml
https://funeral.com/blogs/the-journal/the-dual-process-model-of-grief-why-you-bounce-between-loss-and-getting-life-done,2026-01-29T15:22:54-06:00,https://funeral.com/sitemap_blogs_1.xml
https://funeral.com/blogs/the-journal/dog-cat-cremation-cost-in-south-carolina-2026-prices-options-what-to-expect,2026-03-13T04:30:27-05:00,https://funeral.com/sitemap_blogs_1.xml
https://funeral.com/blogs/the-journal/banshees-in-irish-folklore-omens-of-death-family-lines-and-what-the-myth-really-says,2026-05-24T21:20:33-05:00,https://funeral.com/sitemap_blogs_1.xml
https://funeral.com/blogs/the-journal/post-traumatic-growth-after-loss-finding-strength-without-forcing-a-silver-lining,2026-01-29T15:23:00-06:00,https://funeral.com/sitemap_blogs_1.xml
https://funeral.com/blogs/the-journal/grief-support-groups-online-vs-in-person-pros-cons-and-how-to-choose,2026-01-29T15:23:01-06:00,https://funeral.com/sitemap_blogs_1.xml
https://funeral.com/blogs/the-journal/dog-cat-cremation-cost-in-rhode-island-2026-prices-options-what-to-expect,2026-03-20T21:25:36-05:00,https://funeral.com/sitemap_blogs_1.xml
https://funeral.com/blogs/the-journal/grief-coaching-vs-therapy-which-one-do-you-need-and-how-to-choose-safely,2026-01-29T15:23:05-06:00,https://funeral.com/sitemap_blogs_1.xml
https://funeral.com/blogs/the-journal/compassionate-leave-bereavement-leave-how-to-advocate-for-time-off-after-a-death,2026-01-29T15:23:07-06:00,https://funeral.com/sitemap_blogs_1.xml
https://funeral.com/blogs/the-journal/new-orleans-jazz-funerals-second-line-traditions-meaning-and-etiquette-for-guests,2026-03-08T20:09:29-05:00,https://funeral.com/sitemap_blogs_1.xml
https://funeral.com/blogs/the-journal/ho-oponopono-before-death-a-hawaiian-practice-of-forgiveness-repair-and-making-peace,2026-03-11T19:35:59-05:00,https://funeral.com/sitemap_blogs_1.xml
https://funeral.com/blogs/the-journal/dog-cat-cremation-cost-in-oklahoma-2026-prices-options-what-to-expect,2026-04-16T20:06:25-05:00,https://funeral.com/sitemap_blogs_1.xml
https://funeral.com/blogs/the-journal/janazah-explained-islamic-funeral-and-burial-rites-in-plain-language-what-families-can-expect,2026-01-29T15:23:15-06:00,https://funeral.com/sitemap_blogs_1.xml
https://funeral.com/blogs/the-journal/dog-cat-cremation-cost-in-new-hampshire-2026-prices-options-what-to-expect,2026-01-31T15:02:20-06:00,https://funeral.com/sitemap_blogs_1.xml
https://funeral.com/blogs/the-journal/voodoo-death-rites-and-baron-samedi-myth-meaning-and-respectful-understanding,2026-03-13T02:02:46-05:00,https://funeral.com/sitemap_blogs_1.xml
https://funeral.com/blogs/the-journal/dog-cat-cremation-cost-in-nevada-2026-prices-options-what-to-expect,2026-01-30T14:55:17-06:00,https://funeral.com/sitemap_blogs_1.xml
https://funeral.com/blogs/the-journal/celtic-wakes-keening-games-and-community-mourning-traditions,2026-01-29T15:25:07-06:00,https://funeral.com/sitemap_blogs_1.xml
https://funeral.com/blogs/the-journal/dog-cat-cremation-cost-in-north-carolina-2026-prices-options-what-to-expect,2026-03-19T20:18:06-05:00,https://funeral.com/sitemap_blogs_1.xml
https://funeral.com/blogs/the-journal/ghusl-for-the-deceased-muslim-ritual-washing-who-performs-it-and-why-it-s-sacred,2026-01-29T15:25:12-06:00,https://funeral.com/sitemap_blogs_1.xml
https://funeral.com/blogs/the-journal/antyesti-in-hindu-tradition-cremation-rites-and-why-varanasi-holds-special-meaning,2026-01-29T15:25:16-06:00,https://funeral.com/sitemap_blogs_1.xml
https://funeral.com/blogs/the-journal/asthi-visarjan-immersing-ashes-in-the-ganges-and-other-sacred-waters-meaning-and-logistics,2026-01-29T15:25:18-06:00,https://funeral.com/sitemap_blogs_1.xml
https://funeral.com/blogs/the-journal/the-13-days-of-mourning-in-hinduism-what-the-first-two-weeks-can-look-like-for-families,2026-03-12T00:01:50-05:00,https://funeral.com/sitemap_blogs_1.xml
https://funeral.com/blogs/the-journal/dog-cat-cremation-cost-in-north-dakota-2026-prices-options-what-to-expect,2026-02-07T01:24:10-06:00,https://funeral.com/sitemap_blogs_1.xml
https://funeral.com/blogs/the-journal/returning-to-work-after-a-death-managing-brain-fog-mistakes-and-office-expectations,2026-01-29T15:25:23-06:00,https://funeral.com/sitemap_blogs_1.xml
https://funeral.com/blogs/the-journal/dog-cat-cremation-cost-in-new-york-2026-prices-options-what-to-expect,2026-03-18T01:41:23-05:00,https://funeral.com/sitemap_blogs_1.xml
https://funeral.com/blogs/the-journal/jewish-grief-and-sitting-shiva-how-ritual-structure-supports-mourning-and-community-care,2026-01-29T15:25:40-06:00,https://funeral.com/sitemap_blogs_1.xml
https://funeral.com/blogs/the-journal/antam-sanskar-in-sikhism-funeral-customs-cremation-and-a-focus-on-simplicity,2026-01-29T15:25:42-06:00,https://funeral.com/sitemap_blogs_1.xml
https://funeral.com/blogs/the-journal/catholic-grief-and-purgatory-anxiety-when-loss-triggers-guilt-fear-or-scrupulosity,2026-01-29T15:25:44-06:00,https://funeral.com/sitemap_blogs_1.xml
https://funeral.com/blogs/the-journal/dog-cat-cremation-cost-in-new-jersey-2026-prices-options-what-to-expect,2026-05-25T22:06:35-05:00,https://funeral.com/sitemap_blogs_1.xml
https://funeral.com/blogs/the-journal/spiritual-crisis-in-grief-anger-at-god-loss-of-faith-and-how-to-find-support,2026-01-29T15:25:47-06:00,https://funeral.com/sitemap_blogs_1.xml
https://funeral.com/blogs/the-journal/akhand-path-after-a-death-sikh-scripture-reading-timing-and-what-it-means-for-grief,2026-03-21T23:06:05-05:00,https://funeral.com/sitemap_blogs_1.xml
https://funeral.com/blogs/the-journal/the-49-days-after-death-in-buddhism-understanding-the-intermediate-state-and-memorial-practices,2026-03-25T07:48:44-05:00,https://funeral.com/sitemap_blogs_1.xml
https://funeral.com/blogs/the-journal/viaticum-and-catholic-last-rites-what-it-is-who-can-receive-it-and-when-to-ask,2026-01-29T15:25:55-06:00,https://funeral.com/sitemap_blogs_1.xml
https://funeral.com/blogs/the-journal/dog-cat-cremation-cost-in-ohio-2026-prices-options-what-to-expect,2026-05-29T04:02:19-05:00,https://funeral.com/sitemap_blogs_1.xml
https://funeral.com/blogs/the-journal/dog-cat-cremation-cost-in-new-mexico-2026-prices-options-what-to-expect,2026-02-04T03:39:22-06:00,https://funeral.com/sitemap_blogs_1.xml
https://funeral.com/blogs/the-journal/dog-cat-cremation-cost-in-missouri-2026-prices-options-what-to-expect,2026-04-18T18:11:07-05:00,https://funeral.com/sitemap_blogs_1.xml
https://funeral.com/blogs/the-journal/dog-cat-cremation-cost-in-nebraska-2026-prices-options-what-to-expect,2026-02-07T18:45:44-06:00,https://funeral.com/sitemap_blogs_1.xml
https://funeral.com/blogs/the-journal/dog-cat-cremation-cost-in-montana-2026-prices-options-what-to-expect,2026-02-08T04:45:52-06:00,https://funeral.com/sitemap_blogs_1.xml
https://funeral.com/blogs/the-journal/dog-cat-cremation-cost-in-mississippi-2026-prices-options-what-to-expect,2026-01-29T15:26:13-06:00,https://funeral.com/sitemap_blogs_1.xml
https://funeral.com/blogs/the-journal/dog-cat-cremation-cost-in-massachusetts-2026-prices-options-what-to-expect,2026-03-12T20:18:23-05:00,https://funeral.com/sitemap_blogs_1.xml
https://funeral.com/blogs/the-journal/dog-cat-cremation-cost-in-minnesota-2026-prices-options-what-to-expect,2026-04-13T21:06:10-05:00,https://funeral.com/sitemap_blogs_1.xml
https://funeral.com/blogs/the-journal/dog-cat-cremation-cost-in-michigan-2026-prices-options-what-to-expect,2026-03-18T00:20:41-05:00,https://funeral.com/sitemap_blogs_1.xml
https://funeral.com/blogs/the-journal/deed-restrictions-and-easements-how-families-protect-private-graves-forever,2026-03-08T20:04:52-05:00,https://funeral.com/sitemap_blogs_1.xml
https://funeral.com/blogs/the-journal/dog-cat-cremation-cost-in-kansas-2026-prices-options-what-to-expect,2026-04-14T07:47:10-05:00,https://funeral.com/sitemap_blogs_1.xml
https://funeral.com/blogs/the-journal/starting-a-family-cemetery-on-private-land-legal-steps-permits-and-long-term-planning,2026-03-07T22:34:49-06:00,https://funeral.com/sitemap_blogs_1.xml
https://funeral.com/blogs/the-journal/dog-cat-cremation-cost-in-maine-2026-prices-options-what-to-expect,2026-02-07T18:26:55-06:00,https://funeral.com/sitemap_blogs_1.xml
https://funeral.com/blogs/the-journal/dog-cat-cremation-cost-in-arizona-2026-prices-options-and-what-to-expect,2026-02-09T20:14:43-06:00,https://funeral.com/sitemap_blogs_1.xml
https://funeral.com/blogs/the-journal/grave-depth-and-the-smell-myth-what-the-3-5-foot-rule-means-in-natural-burial,2026-03-25T15:49:59-05:00,https://funeral.com/sitemap_blogs_1.xml
https://funeral.com/blogs/the-journal/dog-cat-cremation-cost-in-arkansas-2026-prices-options-what-to-expect,2026-02-04T01:00:54-06:00,https://funeral.com/sitemap_blogs_1.xml
https://funeral.com/blogs/the-journal/gps-grave-markers-how-to-find-graves-without-headstones-and-what-to-record,2026-01-29T15:26:40-06:00,https://funeral.com/sitemap_blogs_1.xml
https://funeral.com/blogs/the-journal/dog-cat-cremation-cost-in-alaska-2026-prices-options-what-to-expect,2026-02-07T03:17:38-06:00,https://funeral.com/sitemap_blogs_1.xml
https://funeral.com/blogs/the-journal/dog-cat-cremation-cost-in-alabama-2026-prices-options-what-to-expect,2026-03-18T19:18:30-05:00,https://funeral.com/sitemap_blogs_1.xml
https://funeral.com/blogs/the-journal/grave-maintenance-in-green-cemeteries-native-plantings-vs-manicured-lawns-pros-and-cons,2026-01-29T15:26:45-06:00,https://funeral.com/sitemap_blogs_1.xml
https://funeral.com/blogs/the-journal/dog-cat-cremation-cost-in-connecticut-2026-prices-options-what-to-expect,2026-03-13T03:29:55-05:00,https://funeral.com/sitemap_blogs_1.xml
https://funeral.com/blogs/the-journal/dog-cat-cremation-cost-in-colorado-2026-prices-options-what-to-expect,2026-05-23T20:13:06-05:00,https://funeral.com/sitemap_blogs_1.xml
https://funeral.com/blogs/the-journal/dog-cat-cremation-cost-in-delaware-2026-prices-options-what-to-expect,2026-02-02T16:22:56-06:00,https://funeral.com/sitemap_blogs_1.xml
https://funeral.com/blogs/the-journal/dog-cat-cremation-cost-in-district-of-columbia-2026-prices-options-what-to-expect,2026-02-07T05:14:01-06:00,https://funeral.com/sitemap_blogs_1.xml
https://funeral.com/blogs/the-journal/dog-cat-cremation-cost-in-florida-2026-prices-options-what-to-expect,2026-03-10T21:17:56-05:00,https://funeral.com/sitemap_blogs_1.xml
https://funeral.com/blogs/the-journal/dog-cat-cremation-cost-in-louisiana-2026-prices-options-what-to-expect,2026-03-21T16:15:35-05:00,https://funeral.com/sitemap_blogs_1.xml
https://funeral.com/blogs/the-journal/why-green-cemeteries-ban-metal-caskets-decomposition-materials-and-certification-standards,2026-01-29T15:26:57-06:00,https://funeral.com/sitemap_blogs_1.xml
https://funeral.com/blogs/the-journal/dog-cat-cremation-cost-in-iowa-2026-prices-options-what-to-expect,2026-04-15T18:47:13-05:00,https://funeral.com/sitemap_blogs_1.xml
https://funeral.com/blogs/the-journal/embalming-alternatives-using-dry-ice-and-techni-ice-for-cooling-when-you-want-a-greener-goodbye,2026-01-29T15:27:01-06:00,https://funeral.com/sitemap_blogs_1.xml
https://funeral.com/blogs/the-journal/dog-cat-cremation-cost-in-kentucky-2026-prices-options-what-to-expect,2026-04-14T21:21:40-05:00,https://funeral.com/sitemap_blogs_1.xml
https://funeral.com/blogs/the-journal/why-more-families-choose-direct-cremation-trends-tradeoffs-and-what-it-means,2026-01-29T15:27:04-06:00,https://funeral.com/sitemap_blogs_1.xml
https://funeral.com/blogs/the-journal/dog-cat-cremation-cost-in-indiana-2026-prices-options-what-to-expect,2026-03-13T04:28:56-05:00,https://funeral.com/sitemap_blogs_1.xml
https://funeral.com/blogs/the-journal/dog-cat-cremation-cost-in-hawaii-2026-prices-options-what-to-expect,2026-04-20T02:13:13-05:00,https://funeral.com/sitemap_blogs_1.xml
https://funeral.com/blogs/the-journal/green-embalming-fluids-enigma-formaldehyde-free-options-and-what-non-toxic-really-means,2026-01-29T15:27:10-06:00,https://funeral.com/sitemap_blogs_1.xml
https://funeral.com/blogs/the-journal/dog-cat-cremation-cost-in-illinois-2026-prices-options-what-to-expect,2026-04-18T00:53:53-05:00,https://funeral.com/sitemap_blogs_1.xml
https://funeral.com/blogs/the-journal/home-burial-zoning-acreage-and-setback-requirements-what-varies-by-state-and-county,2026-03-18T01:37:30-05:00,https://funeral.com/sitemap_blogs_1.xml
https://funeral.com/blogs/the-journal/dog-cat-cremation-cost-in-georgia-2026-prices-options-what-to-expect,2026-02-06T19:33:02-06:00,https://funeral.com/sitemap_blogs_1.xml
https://funeral.com/blogs/the-journal/cremation-laws-in-alabama-2026-waiting-periods-permits-cremation-authorization-next-of-kin-order,2026-03-20T07:11:37-05:00,https://funeral.com/sitemap_blogs_1.xml
https://funeral.com/blogs/the-journal/cremation-laws-in-florida-2026-waiting-periods-permits-cremation-authorization-next-of-kin-order,2026-02-07T20:23:14-06:00,https://funeral.com/sitemap_blogs_1.xml
https://funeral.com/blogs/the-journal/cremation-laws-in-district-of-columbia-2026-waiting-periods-permits-cremation-authorization-next-of-kin-order,2026-01-31T15:02:26-06:00,https://funeral.com/sitemap_blogs_1.xml
https://funeral.com/blogs/the-journal/solar-eternal-flames-sustainable-memorial-lighting-options-for-graves-and-gardens,2026-03-18T22:08:36-05:00,https://funeral.com/sitemap_blogs_1.xml
https://funeral.com/blogs/the-journal/cremation-laws-in-illinois-2026-waiting-periods-permits-cremation-authorization-next-of-kin-order,2026-04-13T22:28:21-05:00,https://funeral.com/sitemap_blogs_1.xml
https://funeral.com/blogs/the-journal/digital-funeral-programs-how-to-reduce-paper-waste-without-losing-the-keepsake,2026-01-29T15:27:29-06:00,https://funeral.com/sitemap_blogs_1.xml
https://funeral.com/blogs/the-journal/cremation-laws-in-connecticut-2026-waiting-periods-permits-cremation-authorization-next-of-kin-order,2026-03-19T21:53:10-05:00,https://funeral.com/sitemap_blogs_1.xml
https://funeral.com/blogs/the-journal/carpooling-to-a-funeral-a-simple-plan-to-reduce-procession-emissions-and-make-it-easier-for-guests,2026-01-29T15:27:32-06:00,https://funeral.com/sitemap_blogs_1.xml
https://funeral.com/blogs/the-journal/cremation-laws-in-delaware-2026-waiting-periods-permits-cremation-authorization-next-of-kin-order,2026-05-27T02:40:55-05:00,https://funeral.com/sitemap_blogs_1.xml
https://funeral.com/blogs/the-journal/cremation-laws-in-colorado-2026-waiting-periods-permits-cremation-authorization-next-of-kin-order,2026-03-22T15:46:35-05:00,https://funeral.com/sitemap_blogs_1.xml
https://funeral.com/blogs/the-journal/choosing-what-comes-next-after-cremation-urns-keepsakes-jewelry-and-a-plan-that-feels-like-love,2026-01-29T15:27:37-06:00,https://funeral.com/sitemap_blogs_1.xml
https://funeral.com/blogs/the-journal/cremation-laws-in-california-2026-waiting-periods-permits-cremation-authorization-next-of-kin-order,2026-03-19T15:14:02-05:00,https://funeral.com/sitemap_blogs_1.xml
https://funeral.com/blogs/the-journal/vegan-funeral-catering-menu-ideas-cultural-etiquette-and-how-to-offer-inclusive-food,2026-01-29T15:27:41-06:00,https://funeral.com/sitemap_blogs_1.xml
https://funeral.com/blogs/the-journal/cremation-laws-in-hawaii-2026-waiting-periods-permits-cremation-authorization-next-of-kin-order,2026-04-18T20:23:28-05:00,https://funeral.com/sitemap_blogs_1.xml
https://funeral.com/blogs/the-journal/slow-flowers-for-funerals-locally-sourced-florals-that-reduce-carbon-and-support-growers,2026-01-29T15:27:44-06:00,https://funeral.com/sitemap_blogs_1.xml
https://funeral.com/blogs/the-journal/cremation-laws-in-idaho-2026-waiting-periods-permits-cremation-authorization-next-of-kin-order,2026-04-16T19:28:09-05:00,https://funeral.com/sitemap_blogs_1.xml
https://funeral.com/blogs/the-journal/compostable-dried-flower-wreaths-eco-friendly-memorial-tributes-that-return-to-the-earth,2026-01-29T15:27:48-06:00,https://funeral.com/sitemap_blogs_1.xml
https://funeral.com/blogs/the-journal/potted-plants-vs-cut-flowers-for-funerals-etiquette-symbolism-and-what-families-prefer,2026-01-29T15:27:50-06:00,https://funeral.com/sitemap_blogs_1.xml
https://funeral.com/blogs/the-journal/donations-in-lieu-of-flowers-environmental-charities-to-honor-a-life-with-wording-scripts,2026-01-29T15:27:53-06:00,https://funeral.com/sitemap_blogs_1.xml
https://funeral.com/blogs/the-journal/renting-silk-flowers-a-zero-waste-alternative-for-memorials-and-celebration-of-life-events,2026-01-29T15:27:56-06:00,https://funeral.com/sitemap_blogs_1.xml
https://funeral.com/blogs/the-journal/honey-creek-woodlands-a-monastery-run-conservation-burial-ground-in-georgia-how-it-works,2026-01-29T15:28:02-06:00,https://funeral.com/sitemap_blogs_1.xml
https://funeral.com/blogs/the-journal/penn-forest-natural-burial-park-pennsylvania-green-burial-rules-and-what-s-allowed,2026-01-29T15:28:11-06:00,https://funeral.com/sitemap_blogs_1.xml
https://funeral.com/blogs/the-journal/eloise-woods-natural-burial-park-texas-green-burial-guidelines-and-what-families-should-know,2026-01-29T15:28:15-06:00,https://funeral.com/sitemap_blogs_1.xml
https://funeral.com/blogs/the-journal/carbon-neutral-funeral-homes-certification-standards-offsets-and-how-to-verify-claims,2026-01-29T15:28:23-06:00,https://funeral.com/sitemap_blogs_1.xml
https://funeral.com/blogs/the-journal/energy-use-and-carbon-footprint-cremation-vs-burial-vs-human-composting-what-the-data-shows,2026-01-29T15:28:26-06:00,https://funeral.com/sitemap_blogs_1.xml
https://funeral.com/blogs/the-journal/panikhida-explained-the-eastern-orthodox-memorial-service-and-when-it-s-held,2026-03-11T02:46:57-05:00,https://funeral.com/sitemap_blogs_1.xml
https://funeral.com/blogs/the-journal/bardo-thodol-the-tibetan-book-of-the-dead-what-it-is-and-what-people-often-misunderstand,2026-01-29T15:30:12-06:00,https://funeral.com/sitemap_blogs_1.xml
https://funeral.com/blogs/the-journal/paddle-out-ceremonies-hawaiian-surfer-memorials-and-how-to-plan-one-respectfully,2026-03-11T02:44:22-05:00,https://funeral.com/sitemap_blogs_1.xml
https://funeral.com/blogs/the-journal/novenas-for-the-dead-nine-days-of-prayer-meaning-and-how-families-observe-them,2026-03-10T23:03:13-05:00,https://funeral.com/sitemap_blogs_1.xml
https://funeral.com/blogs/the-journal/the-kiss-of-peace-in-orthodox-funerals-meaning-practice-and-guest-etiquette,2026-03-21T01:50:30-05:00,https://funeral.com/sitemap_blogs_1.xml
https://funeral.com/blogs/the-journal/koliva-kollyva-the-orthodox-wheat-memorial-food-and-what-it-symbolizes,2026-03-12T17:04:45-05:00,https://funeral.com/sitemap_blogs_1.xml
https://funeral.com/blogs/the-journal/rastafarian-views-on-death-why-some-avoid-the-word-death-and-what-they-believe-instead,2026-03-17T21:56:33-05:00,https://funeral.com/sitemap_blogs_1.xml
https://funeral.com/blogs/the-journal/amish-funerals-simplicity-community-support-and-hand-dug-graves-what-to-expect,2026-01-29T15:30:25-06:00,https://funeral.com/sitemap_blogs_1.xml
https://funeral.com/blogs/the-journal/quaker-funerals-meeting-for-worship-for-thanksgiving-and-the-focus-on-simplicity,2026-01-29T15:30:27-06:00,https://funeral.com/sitemap_blogs_1.xml
https://funeral.com/blogs/the-journal/tomb-of-the-unknown-soldier-guard-rituals-and-the-meaning-behind-the-changing-of-the-guard,2026-01-29T15:30:29-06:00,https://funeral.com/sitemap_blogs_1.xml
https://funeral.com/blogs/the-journal/natural-stone-grave-markers-river-rocks-vs-polished-granite-cost-durability-and-cemetery-rules,2026-01-29T15:30:31-06:00,https://funeral.com/sitemap_blogs_1.xml
https://funeral.com/blogs/the-journal/plague-doctors-the-real-history-of-the-beak-mask-myth-vs-reality,2026-01-29T15:30:33-06:00,https://funeral.com/sitemap_blogs_1.xml
https://funeral.com/blogs/the-journal/cenotaphs-explained-memorializing-a-loved-one-without-a-body-especially-in-green-burial-sites,2026-01-29T15:30:35-06:00,https://funeral.com/sitemap_blogs_1.xml
https://funeral.com/blogs/the-journal/raking-ashes-into-flower-beds-the-safest-way-to-blend-cremains-into-soil-for-planting,2026-01-29T15:30:37-06:00,https://funeral.com/sitemap_blogs_1.xml
https://funeral.com/blogs/the-journal/cremation-today-choosing-the-right-urn-keepsakes-and-jewelry-and-making-a-plan-you-can-live-with,2026-01-29T15:30:38-06:00,https://funeral.com/sitemap_blogs_1.xml
https://funeral.com/blogs/the-journal/danse-macabre-the-dance-of-death-in-medieval-art-and-what-it-taught-about-mortality,2026-05-26T02:54:57-05:00,https://funeral.com/sitemap_blogs_1.xml
https://funeral.com/blogs/the-journal/casting-ashes-to-the-wind-how-to-scatter-safely-respectfully-and-without-getting-downwind,2026-01-29T15:30:45-06:00,https://funeral.com/sitemap_blogs_1.xml
https://funeral.com/blogs/the-journal/va-cremation-burial-benefits-in-wyoming-cemeteries-niches-and-markers,2026-05-24T07:23:21-05:00,https://funeral.com/sitemap_blogs_1.xml
https://funeral.com/blogs/the-journal/va-cremation-burial-benefits-in-wisconsin-cemeteries-niches-and-markers,2026-01-30T14:55:21-06:00,https://funeral.com/sitemap_blogs_1.xml
https://funeral.com/blogs/the-journal/when-cremation-leaves-you-with-questions-a-calm-guide-to-urns-pet-urns-jewelry-and-funeral-planning,2026-01-29T15:30:53-06:00,https://funeral.com/sitemap_blogs_1.xml
https://funeral.com/blogs/the-journal/va-cremation-burial-benefits-in-west-virginia-cemeteries-niches-and-markers,2026-04-29T22:56:24-05:00,https://funeral.com/sitemap_blogs_1.xml
https://funeral.com/blogs/the-journal/drone-ash-scattering-a-new-option-for-hard-to-reach-places-safety-limits-and-etiquette,2026-01-29T15:30:57-06:00,https://funeral.com/sitemap_blogs_1.xml
https://funeral.com/blogs/the-journal/psychopomp-guide-hermes-the-greek-messenger-who-escorts-souls-to-the-underworld,2026-03-19T16:17:44-05:00,https://funeral.com/sitemap_blogs_1.xml
https://funeral.com/blogs/the-journal/balloon-ash-scattering-high-altitude-release-environmental-concerns-and-better-alternatives,2026-03-18T23:04:15-05:00,https://funeral.com/sitemap_blogs_1.xml
https://funeral.com/blogs/the-journal/va-cremation-burial-benefits-in-washington-cemeteries-niches-and-markers,2026-06-02T21:02:14-05:00,https://funeral.com/sitemap_blogs_1.xml
https://funeral.com/blogs/the-journal/va-cremation-burial-benefits-in-oklahoma-cemeteries-niches-and-markers,2026-02-09T02:56:09-06:00,https://funeral.com/sitemap_blogs_1.xml
https://funeral.com/blogs/the-journal/va-cremation-burial-benefits-in-ohio-cemeteries-niches-and-markers,2026-02-06T20:23:24-06:00,https://funeral.com/sitemap_blogs_1.xml
https://funeral.com/blogs/the-journal/va-cremation-burial-benefits-in-north-dakota-cemeteries-niches-and-markers,2026-06-15T04:38:12-05:00,https://funeral.com/sitemap_blogs_1.xml
https://funeral.com/blogs/the-journal/va-cremation-burial-benefits-in-north-carolina-cemeteries-niches-and-markers,2026-02-07T21:38:34-06:00,https://funeral.com/sitemap_blogs_1.xml
https://funeral.com/blogs/the-journal/ashes-in-fireworks-heavenly-stars-memorial-displays-how-they-work-and-what-to-know,2026-03-21T20:40:17-05:00,https://funeral.com/sitemap_blogs_1.xml
https://funeral.com/blogs/the-journal/va-cremation-burial-benefits-in-new-york-cemeteries-niches-and-markers,2026-06-15T05:13:04-05:00,https://funeral.com/sitemap_blogs_1.xml
https://funeral.com/blogs/the-journal/pressing-ashes-into-vinyl-records-memorial-music-process-overview-and-what-to-expect,2026-03-18T00:35:31-05:00,https://funeral.com/sitemap_blogs_1.xml
https://funeral.com/blogs/the-journal/cremation-laws-in-indiana-2026-waiting-periods-permits-cremation-authorization-next-of-kin-order,2026-05-28T01:43:07-05:00,https://funeral.com/sitemap_blogs_1.xml
https://funeral.com/blogs/the-journal/cremation-laws-in-georgia-2026-waiting-periods-permits-cremation-authorization-next-of-kin-order,2026-03-18T16:20:32-05:00,https://funeral.com/sitemap_blogs_1.xml
https://funeral.com/blogs/the-journal/ashes-in-tattoo-ink-safety-sterility-and-what-to-ask-before-you-get-an-ash-tattoo,2026-03-18T16:54:45-05:00,https://funeral.com/sitemap_blogs_1.xml
https://funeral.com/blogs/the-journal/va-cremation-burial-benefits-in-new-mexico-cemeteries-niches-and-markers,2026-02-04T16:23:54-06:00,https://funeral.com/sitemap_blogs_1.xml
https://funeral.com/blogs/the-journal/composting-funeral-flowers-cemetery-protocols-foam-wire-removal-and-eco-safe-disposal,2026-01-29T15:31:25-06:00,https://funeral.com/sitemap_blogs_1.xml
https://funeral.com/blogs/the-journal/aerial-ash-scattering-how-it-works-planning-a-respectful-flight-and-what-to-know-about-safety-and-rules,2026-01-29T15:31:27-06:00,https://funeral.com/sitemap_blogs_1.xml
https://funeral.com/blogs/the-journal/va-cremation-burial-benefits-in-new-jersey-cemeteries-niches-and-markers,2026-02-08T04:53:53-06:00,https://funeral.com/sitemap_blogs_1.xml
https://funeral.com/blogs/the-journal/ash-infused-portrait-paintings-using-cremains-in-art-safely-and-respectfully,2026-01-29T15:31:30-06:00,https://funeral.com/sitemap_blogs_1.xml
https://funeral.com/blogs/the-journal/va-cremation-burial-benefits-in-new-hampshire-cemeteries-niches-and-markers,2026-09-29T20:59:08-05:00,https://funeral.com/sitemap_blogs_1.xml
https://funeral.com/blogs/the-journal/va-cremation-burial-benefits-in-nevada-cemeteries-niches-and-markers,2026-05-28T01:46:48-05:00,https://funeral.com/sitemap_blogs_1.xml
https://funeral.com/blogs/the-journal/victorian-hair-jewelry-the-history-of-mourning-keepsakes-and-the-modern-revival,2026-03-19T16:34:28-05:00,https://funeral.com/sitemap_blogs_1.xml
https://funeral.com/blogs/the-journal/victorian-mourning-dress-codes-crape-weepers-and-the-rules-of-half-mourning,2026-03-20T21:40:47-05:00,https://funeral.com/sitemap_blogs_1.xml
https://funeral.com/blogs/the-journal/covered-mirrors-after-a-death-superstition-symbolism-and-what-the-tradition-meant,2026-03-08T07:15:30-05:00,https://funeral.com/sitemap_blogs_1.xml
https://funeral.com/blogs/the-journal/cremation-laws-in-arizona-2026-waiting-periods-permits-cremation-authorization-next-of-kin-order,2026-02-02T01:27:39-06:00,https://funeral.com/sitemap_blogs_1.xml
https://funeral.com/blogs/the-journal/stopping-the-clocks-at-death-the-freeze-time-ritual-and-its-origins,2026-03-24T19:49:46-05:00,https://funeral.com/sitemap_blogs_1.xml
https://funeral.com/blogs/the-journal/the-history-of-embalming-in-america-civil-war-origins-and-how-the-practice-spread,2026-03-25T15:30:33-05:00,https://funeral.com/sitemap_blogs_1.xml
https://funeral.com/blogs/the-journal/cremation-laws-in-arkansas-2026-waiting-periods-permits-cremation-authorization-next-of-kin-order,2026-05-25T22:26:09-05:00,https://funeral.com/sitemap_blogs_1.xml
https://funeral.com/blogs/the-journal/lincoln-s-funeral-train-how-a-national-mourning-event-transformed-american-funerals,2026-01-29T15:31:49-06:00,https://funeral.com/sitemap_blogs_1.xml
https://funeral.com/blogs/the-journal/cremation-laws-in-iowa-2026-waiting-periods-permits-cremation-authorization-next-of-kin-order,2026-02-07T18:18:15-06:00,https://funeral.com/sitemap_blogs_1.xml
https://funeral.com/blogs/the-journal/the-hearse-through-time-from-hand-drawn-funeral-carriages-to-modern-motor-coaches,2026-05-28T04:02:41-05:00,https://funeral.com/sitemap_blogs_1.xml
https://funeral.com/blogs/the-journal/cremation-laws-in-kentucky-2026-waiting-periods-permits-cremation-authorization-next-of-kin-order,2026-03-13T03:33:44-05:00,https://funeral.com/sitemap_blogs_1.xml
https://funeral.com/blogs/the-journal/professional-mourners-moirologists-paid-weepers-and-why-the-role-still-exists,2026-01-29T15:31:56-06:00,https://funeral.com/sitemap_blogs_1.xml
https://funeral.com/blogs/the-journal/cremation-laws-in-louisiana-2026-waiting-periods-permits-cremation-authorization-next-of-kin-order,2026-03-12T20:23:23-05:00,https://funeral.com/sitemap_blogs_1.xml
https://funeral.com/blogs/the-journal/tahara-jewish-ritual-washing-what-happens-who-performs-it-and-its-meaning,2026-05-17T12:01:13-05:00,https://funeral.com/sitemap_blogs_1.xml
https://funeral.com/blogs/the-journal/chevra-kadisha-the-jewish-burial-society-s-protocols-and-why-they-matter,2026-01-29T15:32:01-06:00,https://funeral.com/sitemap_blogs_1.xml
https://funeral.com/blogs/the-journal/cremation-laws-in-maine-2026-waiting-periods-permits-cremation-authorization-next-of-kin-order,2026-02-07T20:41:53-06:00,https://funeral.com/sitemap_blogs_1.xml
https://funeral.com/blogs/the-journal/tachrichim-the-white-linen-shroud-in-jewish-burial-and-its-symbolism,2026-05-25T00:30:23-05:00,https://funeral.com/sitemap_blogs_1.xml
https://funeral.com/blogs/the-journal/cremation-laws-in-maryland-2026-waiting-periods-permits-cremation-authorization-next-of-kin-order,2026-03-18T20:16:01-05:00,https://funeral.com/sitemap_blogs_1.xml
https://funeral.com/blogs/the-journal/cremation-laws-in-wyoming-2026-waiting-periods-permits-cremation-authorization-next-of-kin-order,2026-02-04T15:54:58-06:00,https://funeral.com/sitemap_blogs_1.xml
https://funeral.com/blogs/the-journal/cremation-laws-in-wisconsin-2026-waiting-periods-permits-cremation-authorization-next-of-kin-order,2026-04-14T21:04:44-05:00,https://funeral.com/sitemap_blogs_1.xml
https://funeral.com/blogs/the-journal/cremation-laws-in-washington-2026-waiting-periods-permits-cremation-authorization-next-of-kin-order,2026-04-14T18:35:31-05:00,https://funeral.com/sitemap_blogs_1.xml
https://funeral.com/blogs/the-journal/cremation-laws-in-vermont-2026-waiting-periods-permits-cremation-authorization-next-of-kin-order,2026-02-04T01:54:36-06:00,https://funeral.com/sitemap_blogs_1.xml
https://funeral.com/blogs/the-journal/cremation-laws-in-virginia-2026-waiting-periods-permits-cremation-authorization-next-of-kin-order,2026-03-25T01:55:24-05:00,https://funeral.com/sitemap_blogs_1.xml
https://funeral.com/blogs/the-journal/cremation-laws-in-utah-2026-waiting-periods-permits-cremation-authorization-next-of-kin-order,2026-02-04T02:13:58-06:00,https://funeral.com/sitemap_blogs_1.xml
https://funeral.com/blogs/the-journal/cremation-laws-in-texas-2026-waiting-periods-permits-cremation-authorization-next-of-kin-order,2026-04-14T00:21:06-05:00,https://funeral.com/sitemap_blogs_1.xml
https://funeral.com/blogs/the-journal/cremation-laws-in-tennessee-2026-waiting-periods-permits-cremation-authorization-next-of-kin-order,2026-05-24T21:31:27-05:00,https://funeral.com/sitemap_blogs_1.xml
https://funeral.com/blogs/the-journal/cremation-laws-in-south-dakota-2026-waiting-periods-permits-cremation-authorization-next-of-kin-order,2026-02-09T20:38:34-06:00,https://funeral.com/sitemap_blogs_1.xml
https://funeral.com/blogs/the-journal/cremation-laws-in-massachusetts-2026-waiting-periods-permits-cremation-authorization-next-of-kin-order,2026-03-18T15:43:03-05:00,https://funeral.com/sitemap_blogs_1.xml
https://funeral.com/blogs/the-journal/cremation-laws-in-south-carolina-2026-waiting-periods-permits-cremation-authorization-next-of-kin-order,2026-01-29T15:32:26-06:00,https://funeral.com/sitemap_blogs_1.xml
https://funeral.com/blogs/the-journal/cremation-laws-in-michigan-2026-waiting-periods-permits-cremation-authorization-next-of-kin-order,2026-05-26T00:23:52-05:00,https://funeral.com/sitemap_blogs_1.xml
https://funeral.com/blogs/the-journal/cremation-laws-in-minnesota-2026-waiting-periods-permits-cremation-authorization-next-of-kin-order,2026-04-15T20:05:45-05:00,https://funeral.com/sitemap_blogs_1.xml
https://funeral.com/blogs/the-journal/cremation-laws-in-rhode-island-2026-waiting-periods-permits-cremation-authorization-next-of-kin-order,2026-02-09T20:41:46-06:00,https://funeral.com/sitemap_blogs_1.xml
https://funeral.com/blogs/the-journal/cremation-laws-in-mississippi-2026-waiting-periods-permits-cremation-authorization-next-of-kin-order,2026-04-14T18:55:49-05:00,https://funeral.com/sitemap_blogs_1.xml
https://funeral.com/blogs/the-journal/cremation-laws-in-missouri-2026-waiting-periods-permits-cremation-authorization-next-of-kin-order,2026-01-31T15:02:39-06:00,https://funeral.com/sitemap_blogs_1.xml
https://funeral.com/blogs/the-journal/cremation-laws-in-montana-2026-waiting-periods-permits-cremation-authorization-next-of-kin-order,2026-02-09T19:26:42-06:00,https://funeral.com/sitemap_blogs_1.xml
https://funeral.com/blogs/the-journal/cremation-laws-in-nebraska-2026-waiting-periods-permits-cremation-authorization-next-of-kin-order,2026-01-31T15:02:40-06:00,https://funeral.com/sitemap_blogs_1.xml
https://funeral.com/blogs/the-journal/va-cremation-burial-benefits-in-district-of-columbia-cemeteries-niches-and-markers,2026-05-24T22:24:57-05:00,https://funeral.com/sitemap_blogs_1.xml
https://funeral.com/blogs/the-journal/va-cremation-burial-benefits-in-indiana-cemeteries-niches-and-markers,2026-05-24T10:20:00-05:00,https://funeral.com/sitemap_blogs_1.xml
https://funeral.com/blogs/the-journal/va-cremation-burial-benefits-in-illinois-cemeteries-niches-and-markers,2026-02-01T20:51:24-06:00,https://funeral.com/sitemap_blogs_1.xml
https://funeral.com/blogs/the-journal/va-cremation-burial-benefits-in-hawaii-cemeteries-niches-and-markers,2026-01-29T15:32:48-06:00,https://funeral.com/sitemap_blogs_1.xml
https://funeral.com/blogs/the-journal/va-cremation-burial-benefits-in-idaho-cemeteries-niches-and-markers,2026-02-07T21:41:34-06:00,https://funeral.com/sitemap_blogs_1.xml
https://funeral.com/blogs/the-journal/va-cremation-burial-benefits-in-georgia-cemeteries-niches-and-markers,2026-05-28T04:49:04-05:00,https://funeral.com/sitemap_blogs_1.xml
https://funeral.com/blogs/the-journal/va-cremation-burial-benefits-in-florida-cemeteries-niches-and-markers,2026-02-06T20:10:38-06:00,https://funeral.com/sitemap_blogs_1.xml
https://funeral.com/blogs/the-journal/va-cremation-burial-benefits-in-delaware-cemeteries-niches-and-markers,2026-05-28T04:45:40-05:00,https://funeral.com/sitemap_blogs_1.xml
https://funeral.com/blogs/the-journal/va-cremation-burial-benefits-in-california-cemeteries-niches-and-markers,2026-06-15T04:48:42-05:00,https://funeral.com/sitemap_blogs_1.xml
https://funeral.com/blogs/the-journal/ringing-ashes-around-a-tree-a-low-impact-scattering-method-for-living-memorials,2026-01-29T15:32:58-06:00,https://funeral.com/sitemap_blogs_1.xml
https://funeral.com/blogs/the-journal/va-cremation-burial-benefits-in-connecticut-cemeteries-niches-and-markers,2026-02-07T20:47:51-06:00,https://funeral.com/sitemap_blogs_1.xml
https://funeral.com/blogs/the-journal/cremation-laws-in-new-hampshire-2026-waiting-periods-permits-cremation-authorization-next-of-kin-order,2026-02-04T02:23:41-06:00,https://funeral.com/sitemap_blogs_1.xml
https://funeral.com/blogs/the-journal/va-cremation-burial-benefits-in-colorado-cemeteries-niches-and-markers,2026-01-31T19:37:00-06:00,https://funeral.com/sitemap_blogs_1.xml
https://funeral.com/blogs/the-journal/va-cremation-burial-benefits-in-arkansas-cemeteries-niches-and-markers,2026-01-31T15:02:42-06:00,https://funeral.com/sitemap_blogs_1.xml
https://funeral.com/blogs/the-journal/cremation-laws-in-new-jersey-2026-waiting-periods-permits-cremation-authorization-next-of-kin-order,2026-04-14T21:48:45-05:00,https://funeral.com/sitemap_blogs_1.xml
https://funeral.com/blogs/the-journal/va-cremation-burial-benefits-in-arizona-cemeteries-niches-and-markers,2026-02-07T22:43:50-06:00,https://funeral.com/sitemap_blogs_1.xml
https://funeral.com/blogs/the-journal/va-cremation-burial-benefits-in-alaska-cemeteries-niches-and-markers,2026-05-28T02:01:37-05:00,https://funeral.com/sitemap_blogs_1.xml
https://funeral.com/blogs/the-journal/cremation-laws-in-new-mexico-2026-waiting-periods-permits-cremation-authorization-next-of-kin-order,2026-03-25T02:39:52-05:00,https://funeral.com/sitemap_blogs_1.xml
https://funeral.com/blogs/the-journal/va-cremation-burial-benefits-in-alabama-cemeteries-niches-and-markers,2026-02-07T22:51:54-06:00,https://funeral.com/sitemap_blogs_1.xml
https://funeral.com/blogs/the-journal/cremation-laws-in-new-york-2026-waiting-periods-permits-cremation-authorization-next-of-kin-order,2026-03-20T20:21:07-05:00,https://funeral.com/sitemap_blogs_1.xml
https://funeral.com/blogs/the-journal/cremation-laws-in-north-carolina-2026-waiting-periods-permits-cremation-authorization-next-of-kin-order,2026-03-20T20:39:00-05:00,https://funeral.com/sitemap_blogs_1.xml
https://funeral.com/blogs/the-journal/va-cremation-burial-benefits-in-nebraska-cemeteries-niches-and-markers,2026-02-09T20:37:03-06:00,https://funeral.com/sitemap_blogs_1.xml
https://funeral.com/blogs/the-journal/cremation-laws-in-north-dakota-2026-waiting-periods-permits-cremation-authorization-next-of-kin-order,2026-04-21T01:53:33-05:00,https://funeral.com/sitemap_blogs_1.xml
https://funeral.com/blogs/the-journal/va-cremation-burial-benefits-in-montana-cemeteries-niches-and-markers,2026-04-14T20:56:33-05:00,https://funeral.com/sitemap_blogs_1.xml
https://funeral.com/blogs/the-journal/where-can-you-scatter-ashes-in-alabama-2026-laws-for-parks-beaches-private-land-and-water,2026-05-25T05:17:20-05:00,https://funeral.com/sitemap_blogs_1.xml
https://funeral.com/blogs/the-journal/va-cremation-burial-benefits-in-missouri-cemeteries-niches-and-markers,2026-05-24T22:32:43-05:00,https://funeral.com/sitemap_blogs_1.xml
https://funeral.com/blogs/the-journal/cremation-laws-in-ohio-2026-waiting-periods-permits-cremation-authorization-next-of-kin-order,2026-02-02T16:11:00-06:00,https://funeral.com/sitemap_blogs_1.xml
https://funeral.com/blogs/the-journal/va-cremation-burial-benefits-in-mississippi-cemeteries-niches-and-markers,2026-02-07T20:26:41-06:00,https://funeral.com/sitemap_blogs_1.xml
https://funeral.com/blogs/the-journal/cremation-laws-in-oklahoma-2026-waiting-periods-permits-cremation-authorization-next-of-kin-order,2026-04-17T19:16:27-05:00,https://funeral.com/sitemap_blogs_1.xml
https://funeral.com/blogs/the-journal/va-cremation-burial-benefits-in-minnesota-cemeteries-niches-and-markers,2026-05-25T01:13:37-05:00,https://funeral.com/sitemap_blogs_1.xml
https://funeral.com/blogs/the-journal/cremation-laws-in-oregon-2026-waiting-periods-permits-cremation-authorization-next-of-kin-order,2026-02-08T20:52:34-06:00,https://funeral.com/sitemap_blogs_1.xml
https://funeral.com/blogs/the-journal/cremation-laws-in-pennsylvania-2026-waiting-periods-permits-cremation-authorization-amp-next-of-kin-order,2026-03-18T00:39:58-05:00,https://funeral.com/sitemap_blogs_1.xml
https://funeral.com/blogs/the-journal/va-cremation-burial-benefits-in-michigan-cemeteries-niches-and-markers,2026-02-08T20:54:46-06:00,https://funeral.com/sitemap_blogs_1.xml
https://funeral.com/blogs/the-journal/va-cremation-burial-benefits-in-maryland-cemeteries-niches-and-markers,2026-06-02T23:52:02-05:00,https://funeral.com/sitemap_blogs_1.xml
https://funeral.com/blogs/the-journal/how-to-choose-a-funeral-home-in-wyoming-2026-gpl-price-list-licensing-questions-red-flags,2026-05-25T03:19:10-05:00,https://funeral.com/sitemap_blogs_1.xml
https://funeral.com/blogs/the-journal/va-cremation-burial-benefits-in-massachusetts-cemeteries-niches-and-markers,2026-04-16T21:15:29-05:00,https://funeral.com/sitemap_blogs_1.xml
https://funeral.com/blogs/the-journal/va-cremation-burial-benefits-in-maine-cemeteries-niches-and-markers,2026-05-07T07:46:41-05:00,https://funeral.com/sitemap_blogs_1.xml
https://funeral.com/blogs/the-journal/how-to-choose-a-funeral-home-in-vermont-2026-gpl-price-list-licensing-questions-red-flags,2026-01-31T21:21:02-06:00,https://funeral.com/sitemap_blogs_1.xml
https://funeral.com/blogs/the-journal/va-cremation-burial-benefits-in-kentucky-cemeteries-niches-and-markers,2026-05-24T21:36:39-05:00,https://funeral.com/sitemap_blogs_1.xml
https://funeral.com/blogs/the-journal/how-to-choose-a-funeral-home-in-tennessee-2026-gpl-price-list-licensing-questions-red-flags,2026-02-02T18:49:14-06:00,https://funeral.com/sitemap_blogs_1.xml
https://funeral.com/blogs/the-journal/va-cremation-burial-benefits-in-louisiana-cemeteries-niches-and-markers,2026-05-23T20:54:39-05:00,https://funeral.com/sitemap_blogs_1.xml
https://funeral.com/blogs/the-journal/va-cremation-burial-benefits-in-kansas-cemeteries-niches-and-markers,2026-05-24T22:15:37-05:00,https://funeral.com/sitemap_blogs_1.xml
https://funeral.com/blogs/the-journal/how-to-choose-a-funeral-home-in-wisconsin-2026-gpl-price-list-licensing-questions-red-flags,2026-02-08T01:24:34-06:00,https://funeral.com/sitemap_blogs_1.xml
https://funeral.com/blogs/the-journal/how-to-choose-a-funeral-home-in-washington-2026-gpl-price-list-licensing-questions-red-flags,2026-02-02T18:45:36-06:00,https://funeral.com/sitemap_blogs_1.xml
https://funeral.com/blogs/the-journal/how-to-choose-a-funeral-home-in-utah-2026-gpl-price-list-licensing-questions-red-flags,2026-02-03T18:31:39-06:00,https://funeral.com/sitemap_blogs_1.xml
https://funeral.com/blogs/the-journal/how-to-choose-a-funeral-home-in-west-virginia-2026-gpl-price-list-licensing-questions-red-flags,2026-02-07T22:33:08-06:00,https://funeral.com/sitemap_blogs_1.xml
https://funeral.com/blogs/the-journal/how-to-choose-a-funeral-home-in-virginia-2026-gpl-price-list-licensing-questions-red-flags,2026-01-29T15:36:27-06:00,https://funeral.com/sitemap_blogs_1.xml
https://funeral.com/blogs/the-journal/psychopomp-guide-the-grim-reaper-how-a-personification-became-the-world-s-most-famous-death-guide,2026-01-29T15:36:29-06:00,https://funeral.com/sitemap_blogs_1.xml
https://funeral.com/blogs/the-journal/baha-i-burial-laws-why-cremation-is-prohibited-and-what-families-need-to-know,2026-01-29T15:36:31-06:00,https://funeral.com/sitemap_blogs_1.xml
https://funeral.com/blogs/the-journal/mormon-burial-clothing-temple-garments-dressing-the-deceased-and-lds-funeral-etiquette,2026-03-11T01:22:11-05:00,https://funeral.com/sitemap_blogs_1.xml
https://funeral.com/blogs/the-journal/masonic-funeral-rites-meaning-of-the-white-apron-and-the-sprig-of-acacia,2026-03-21T19:26:41-05:00,https://funeral.com/sitemap_blogs_1.xml
https://funeral.com/blogs/the-journal/flag-folding-at-military-funerals-what-the-ceremony-means-tradition-vs-official-rules,2026-03-08T19:45:50-05:00,https://funeral.com/sitemap_blogs_1.xml
https://funeral.com/blogs/the-journal/the-history-of-taps-civil-war-origins-and-why-it-s-played-at-military-funerals,2026-01-29T15:36:39-06:00,https://funeral.com/sitemap_blogs_1.xml
https://funeral.com/blogs/the-journal/psychopomp-guide-shinigami-in-japanese-culture-death-spirits-modern-media-and-misconceptions,2026-01-29T15:36:41-06:00,https://funeral.com/sitemap_blogs_1.xml
https://funeral.com/blogs/the-journal/psychopomp-guide-valkyries-norse-soul-choosers-and-the-journey-to-valhalla,2026-01-29T15:36:43-06:00,https://funeral.com/sitemap_blogs_1.xml
https://funeral.com/blogs/the-journal/psychopomp-guide-azrael-the-angel-of-death-in-islamic-tradition-roles-and-respectful-context,2026-01-29T15:36:45-06:00,https://funeral.com/sitemap_blogs_1.xml
https://funeral.com/blogs/the-journal/cremation-laws-in-nevada-2026-waiting-periods-permits-cremation-authorization-next-of-kin-order,2026-02-06T03:54:45-06:00,https://funeral.com/sitemap_blogs_1.xml
https://funeral.com/blogs/the-journal/amish-funeral-pie-raisins-community-meals-and-the-meaning-behind-simple-comfort-food,2026-01-29T15:36:48-06:00,https://funeral.com/sitemap_blogs_1.xml
https://funeral.com/blogs/the-journal/returning-to-routines-after-pet-loss-gentle-steps-that-help,2026-01-30T14:55:28-06:00,https://funeral.com/sitemap_blogs_1.xml
https://funeral.com/blogs/the-journal/pet-loss-support-when-you-live-alone-practical-coping-options,2026-02-05T16:21:30-06:00,https://funeral.com/sitemap_blogs_1.xml
https://funeral.com/blogs/the-journal/multiple-pets-combined-ashes-what-to-consider-before-choosing-an-urn,2026-04-18T20:57:31-05:00,https://funeral.com/sitemap_blogs_1.xml
https://funeral.com/blogs/the-journal/how-to-choose-a-funeral-home-in-texas-2026-gpl-price-list-licensing-questions-red-flags,2026-02-02T02:42:14-06:00,https://funeral.com/sitemap_blogs_1.xml
https://funeral.com/blogs/the-journal/how-to-choose-a-funeral-home-in-mississippi-2026-gpl-price-list-licensing-questions-red-flags,2026-02-02T18:59:39-06:00,https://funeral.com/sitemap_blogs_1.xml
https://funeral.com/blogs/the-journal/pet-urn-inscription-ideas-names-dates-and-meaningful-symbols,2026-04-16T23:26:33-05:00,https://funeral.com/sitemap_blogs_1.xml
https://funeral.com/blogs/the-journal/how-to-choose-a-funeral-home-in-south-dakota-2026-gpl-price-list-licensing-questions-red-flags,2026-02-06T18:56:58-06:00,https://funeral.com/sitemap_blogs_1.xml
https://funeral.com/blogs/the-journal/making-peace-with-the-next-step-cremation-urns-pet-urns-cremation-jewelry-and-practical-funeral-planning,2026-01-30T14:55:29-06:00,https://funeral.com/sitemap_blogs_1.xml
https://funeral.com/blogs/the-journal/creating-a-pet-memorial-corner-warm-ideas-that-don-t-overwhelm,2026-04-17T20:53:26-05:00,https://funeral.com/sitemap_blogs_1.xml
https://funeral.com/blogs/the-journal/how-to-choose-a-funeral-home-in-south-carolina-2026-gpl-price-list-licensing-questions-red-flags,2026-01-30T14:55:31-06:00,https://funeral.com/sitemap_blogs_1.xml
https://funeral.com/blogs/the-journal/verifying-private-pet-cremation-what-families-can-ask-politely,2026-02-08T19:53:20-06:00,https://funeral.com/sitemap_blogs_1.xml
https://funeral.com/blogs/the-journal/pet-memorial-jewelry-ashes-vs-fur-keepsakes-explained,2026-01-31T15:02:48-06:00,https://funeral.com/sitemap_blogs_1.xml
https://funeral.com/blogs/the-journal/how-to-choose-a-funeral-home-in-rhode-island-2026-gpl-price-list-licensing-questions-red-flags,2026-02-07T21:34:02-06:00,https://funeral.com/sitemap_blogs_1.xml
https://funeral.com/blogs/the-journal/what-to-do-when-keeping-a-pet-s-ashes-is-hard-alternatives-that-help,2026-02-08T00:09:33-06:00,https://funeral.com/sitemap_blogs_1.xml
https://funeral.com/blogs/the-journal/planning-a-pet-memorial-at-home-a-short-gentle-format,2026-01-31T15:02:49-06:00,https://funeral.com/sitemap_blogs_1.xml
https://funeral.com/blogs/the-journal/sharing-a-pet-s-ashes-across-households-what-works-in-practice,2026-02-07T21:14:53-06:00,https://funeral.com/sitemap_blogs_1.xml
https://funeral.com/blogs/the-journal/helping-children-grieve-a-pet-what-to-say-in-simple-language,2026-01-31T20:27:13-06:00,https://funeral.com/sitemap_blogs_1.xml
https://funeral.com/blogs/the-journal/how-to-choose-a-funeral-home-in-pennsylvania-2026-gpl-price-list-licensing-questions-red-flags,2026-02-07T00:27:06-06:00,https://funeral.com/sitemap_blogs_1.xml
https://funeral.com/blogs/the-journal/funeral-announcement-template-text-and-email-wording-families-use,2026-03-11T03:50:01-05:00,https://funeral.com/sitemap_blogs_1.xml
https://funeral.com/blogs/the-journal/how-to-choose-a-funeral-home-in-north-dakota-2026-gpl-price-list-licensing-questions-red-flags,2026-02-07T21:25:36-06:00,https://funeral.com/sitemap_blogs_1.xml
https://funeral.com/blogs/the-journal/pet-urn-sizing-without-guessing-a-practical-approach,2026-02-02T18:23:28-06:00,https://funeral.com/sitemap_blogs_1.xml
https://funeral.com/blogs/the-journal/pet-cremation-timelines-how-long-until-ashes-are-returned,2026-02-07T21:05:01-06:00,https://funeral.com/sitemap_blogs_1.xml
https://funeral.com/blogs/the-journal/how-to-choose-a-funeral-home-in-north-carolina-2026-gpl-price-list-licensing-questions-red-flags,2026-01-31T15:02:51-06:00,https://funeral.com/sitemap_blogs_1.xml
https://funeral.com/blogs/the-journal/what-to-ask-the-vet-about-pet-cremation-a-short-practical-list,2026-02-02T18:37:44-06:00,https://funeral.com/sitemap_blogs_1.xml
https://funeral.com/blogs/the-journal/pet-cremation-explained-private-communal-and-what-families-receive,2026-02-02T02:13:22-06:00,https://funeral.com/sitemap_blogs_1.xml
https://funeral.com/blogs/the-journal/how-to-choose-a-funeral-home-in-new-york-2026-gpl-price-list-licensing-questions-red-flags,2026-02-07T21:18:42-06:00,https://funeral.com/sitemap_blogs_1.xml
https://funeral.com/blogs/the-journal/how-to-write-a-note-to-include-with-keepsake-urns-gentle-phrasing,2026-04-17T17:52:41-05:00,https://funeral.com/sitemap_blogs_1.xml
https://funeral.com/blogs/the-journal/how-to-write-an-inscription-for-a-marker-short-wording-examples,2026-01-29T15:37:35-06:00,https://funeral.com/sitemap_blogs_1.xml
https://funeral.com/blogs/the-journal/how-to-write-a-memorial-program-what-to-include-and-what-to-skip,2026-02-07T01:33:25-06:00,https://funeral.com/sitemap_blogs_1.xml
https://funeral.com/blogs/the-journal/how-to-choose-a-funeral-home-in-new-mexico-2026-gpl-price-list-licensing-questions-red-flags,2026-01-31T15:02:55-06:00,https://funeral.com/sitemap_blogs_1.xml
https://funeral.com/blogs/the-journal/how-to-ask-for-donations-instead-of-flowers-clear-respectful-language,2026-03-08T16:38:29-05:00,https://funeral.com/sitemap_blogs_1.xml
https://funeral.com/blogs/the-journal/how-to-choose-a-funeral-home-in-new-jersey-2026-gpl-price-list-licensing-questions-red-flags,2026-02-07T21:22:42-06:00,https://funeral.com/sitemap_blogs_1.xml
https://funeral.com/blogs/the-journal/how-to-choose-a-funeral-home-in-new-hampshire-2026-gpl-price-list-licensing-questions-red-flags,2026-01-31T18:32:09-06:00,https://funeral.com/sitemap_blogs_1.xml
https://funeral.com/blogs/the-journal/how-to-choose-a-funeral-home-in-nevada-2026-gpl-price-list-licensing-questions-red-flags,2026-02-12T19:36:47-06:00,https://funeral.com/sitemap_blogs_1.xml
https://funeral.com/blogs/the-journal/how-to-choose-a-funeral-home-in-nebraska-2026-gpl-price-list-licensing-questions-red-flags,2026-04-20T21:05:43-05:00,https://funeral.com/sitemap_blogs_1.xml
https://funeral.com/blogs/the-journal/how-to-choose-a-funeral-home-in-montana-2026-gpl-price-list-licensing-questions-red-flags,2026-01-29T15:37:47-06:00,https://funeral.com/sitemap_blogs_1.xml
https://funeral.com/blogs/the-journal/how-to-handle-family-requests-you-can-t-meet-boundary-scripts,2026-02-07T01:45:36-06:00,https://funeral.com/sitemap_blogs_1.xml
https://funeral.com/blogs/the-journal/how-to-decline-speaking-at-a-memorial-kindly-sample-wording,2026-03-11T23:52:30-05:00,https://funeral.com/sitemap_blogs_1.xml
https://funeral.com/blogs/the-journal/how-to-ask-someone-to-speak-at-a-memorial-wording-that-reduces-pressure,2026-01-31T15:02:57-06:00,https://funeral.com/sitemap_blogs_1.xml
https://funeral.com/blogs/the-journal/memorial-guest-book-prompts-questions-that-invite-stories,2026-01-31T19:22:04-06:00,https://funeral.com/sitemap_blogs_1.xml
https://funeral.com/blogs/the-journal/how-to-choose-a-funeral-home-in-missouri-2026-gpl-price-list-licensing-questions-red-flags,2026-02-05T06:37:30-06:00,https://funeral.com/sitemap_blogs_1.xml
https://funeral.com/blogs/the-journal/water-ceremony-script-a-gentle-order-of-service,2026-02-05T21:12:15-06:00,https://funeral.com/sitemap_blogs_1.xml
https://funeral.com/blogs/the-journal/scattering-ceremony-script-simple-words-for-a-calm-moment,2026-03-17T19:48:22-05:00,https://funeral.com/sitemap_blogs_1.xml
https://funeral.com/blogs/the-journal/how-to-choose-a-funeral-home-in-minnesota-2026-gpl-price-list-licensing-questions-red-flags,2026-02-08T00:22:25-06:00,https://funeral.com/sitemap_blogs_1.xml
https://funeral.com/blogs/the-journal/eulogy-structure-for-nervous-speakers-a-simple-outline-that-works,2026-02-05T23:40:14-06:00,https://funeral.com/sitemap_blogs_1.xml
https://funeral.com/blogs/the-journal/how-to-explain-an-urn-to-children-simple-language-that-reassures,2026-01-29T15:38:03-06:00,https://funeral.com/sitemap_blogs_1.xml
https://funeral.com/blogs/the-journal/how-to-talk-to-kids-about-cremation-a-parent-script-by-age,2026-02-07T00:40:17-06:00,https://funeral.com/sitemap_blogs_1.xml
https://funeral.com/blogs/the-journal/how-to-choose-a-funeral-home-in-oregon-2026-gpl-price-list-licensing-questions-red-flags,2026-04-16T22:55:08-05:00,https://funeral.com/sitemap_blogs_1.xml
https://funeral.com/blogs/the-journal/how-to-choose-a-funeral-home-in-ohio-2026-gpl-price-list-licensing-questions-red-flags,2026-02-05T06:31:43-06:00,https://funeral.com/sitemap_blogs_1.xml
https://funeral.com/blogs/the-journal/how-to-choose-a-funeral-home-in-michigan-2026-gpl-price-list-licensing-questions-red-flags,2026-02-05T06:28:31-06:00,https://funeral.com/sitemap_blogs_1.xml
https://funeral.com/blogs/the-journal/how-to-choose-a-funeral-home-in-maryland-2026-gpl-price-list-licensing-questions-red-flags,2026-01-29T15:38:14-06:00,https://funeral.com/sitemap_blogs_1.xml
https://funeral.com/blogs/the-journal/how-to-compare-direct-cremation-providers-in-wyoming-2026-gpl-price-list-fees-red-flags,2026-02-07T21:02:06-06:00,https://funeral.com/sitemap_blogs_1.xml
https://funeral.com/blogs/the-journal/how-to-compare-direct-cremation-providers-in-wisconsin-2026-gpl-price-list-fees-red-flags,2026-02-08T02:13:35-06:00,https://funeral.com/sitemap_blogs_1.xml
https://funeral.com/blogs/the-journal/how-to-compare-direct-cremation-providers-in-west-virginia-2026-gpl-price-list-fees-red-flags,2026-02-02T18:57:05-06:00,https://funeral.com/sitemap_blogs_1.xml
https://funeral.com/blogs/the-journal/how-to-compare-direct-cremation-providers-in-washington-2026-gpl-price-list-fees-red-flags,2026-02-03T20:45:07-06:00,https://funeral.com/sitemap_blogs_1.xml
https://funeral.com/blogs/the-journal/how-to-compare-direct-cremation-providers-in-virginia-2026-gpl-price-list-fees-red-flags,2026-02-08T20:50:05-06:00,https://funeral.com/sitemap_blogs_1.xml
https://funeral.com/blogs/the-journal/how-to-compare-direct-cremation-providers-in-vermont-2026-gpl-price-list-fees-red-flags,2026-04-16T23:59:35-05:00,https://funeral.com/sitemap_blogs_1.xml
https://funeral.com/blogs/the-journal/how-to-compare-direct-cremation-providers-in-utah-2026-gpl-price-list-fees-red-flags,2026-01-29T15:38:28-06:00,https://funeral.com/sitemap_blogs_1.xml
https://funeral.com/blogs/the-journal/how-to-compare-direct-cremation-providers-in-texas-2026-gpl-price-list-fees-red-flags,2026-02-02T18:33:21-06:00,https://funeral.com/sitemap_blogs_1.xml
https://funeral.com/blogs/the-journal/how-to-compare-direct-cremation-providers-in-tennessee-2026-gpl-price-list-fees-red-flags,2026-02-05T06:22:43-06:00,https://funeral.com/sitemap_blogs_1.xml
https://funeral.com/blogs/the-journal/21-gun-salute-vs-3-volley-salute-what-s-the-difference-at-military-funerals,2026-05-26T00:41:18-05:00,https://funeral.com/sitemap_blogs_1.xml
https://funeral.com/blogs/the-journal/navy-burial-at-sea-program-regulations-eligibility-and-how-to-request-it,2026-03-19T00:23:51-05:00,https://funeral.com/sitemap_blogs_1.xml
https://funeral.com/blogs/the-journal/ghana-s-fantasy-coffins-abebuu-adekai-meaning-craftsmanship-and-cultural-context,2026-01-29T15:40:38-06:00,https://funeral.com/sitemap_blogs_1.xml
https://funeral.com/blogs/the-journal/the-missing-man-table-pow-mia-symbolism-and-the-meaning-behind-each-item,2026-01-29T15:40:40-06:00,https://funeral.com/sitemap_blogs_1.xml
https://funeral.com/blogs/the-journal/how-to-compare-direct-cremation-providers-in-south-dakota-2026-gpl-price-list-fees-red-flags,2026-02-07T21:09:46-06:00,https://funeral.com/sitemap_blogs_1.xml
https://funeral.com/blogs/the-journal/how-to-compare-direct-cremation-providers-in-south-carolina-2026-gpl-price-list-fees-red-flags,2026-04-30T02:05:31-05:00,https://funeral.com/sitemap_blogs_1.xml
https://funeral.com/blogs/the-journal/how-to-compare-direct-cremation-providers-in-rhode-island-2026-gpl-price-list-fees-red-flags,2026-02-08T20:34:39-06:00,https://funeral.com/sitemap_blogs_1.xml
https://funeral.com/blogs/the-journal/how-to-compare-direct-cremation-providers-in-pennsylvania-2026-gpl-price-list-fees-red-flags,2026-06-02T22:02:19-05:00,https://funeral.com/sitemap_blogs_1.xml
https://funeral.com/blogs/the-journal/gold-star-families-who-they-are-support-protocols-and-how-to-show-respect,2026-06-02T20:15:24-05:00,https://funeral.com/sitemap_blogs_1.xml
https://funeral.com/blogs/the-journal/how-to-compare-direct-cremation-providers-in-oregon-2026-gpl-price-list-fees-red-flags,2026-02-08T04:59:43-06:00,https://funeral.com/sitemap_blogs_1.xml
https://funeral.com/blogs/the-journal/how-to-compare-direct-cremation-providers-in-oklahoma-2026-gpl-price-list-fees-red-flags,2026-02-06T21:21:52-06:00,https://funeral.com/sitemap_blogs_1.xml
https://funeral.com/blogs/the-journal/how-to-compare-direct-cremation-providers-in-ohio-2026-gpl-price-list-fees-red-flags,2026-04-20T02:51:36-05:00,https://funeral.com/sitemap_blogs_1.xml
https://funeral.com/blogs/the-journal/state-funeral-traditions-caissons-caparisoned-horses-and-what-they-symbolize,2026-01-29T15:41:15-06:00,https://funeral.com/sitemap_blogs_1.xml
https://funeral.com/blogs/the-journal/how-to-compare-direct-cremation-providers-in-new-york-2026-gpl-price-list-fees-red-flags,2026-02-07T00:22:10-06:00,https://funeral.com/sitemap_blogs_1.xml
https://funeral.com/blogs/the-journal/how-to-compare-direct-cremation-providers-in-north-carolina-2026-gpl-price-list-fees-red-flags,2026-02-08T19:55:27-06:00,https://funeral.com/sitemap_blogs_1.xml
https://funeral.com/blogs/the-journal/how-to-compare-direct-cremation-providers-in-new-mexico-2026-gpl-price-list-fees-red-flags,2026-02-08T04:49:23-06:00,https://funeral.com/sitemap_blogs_1.xml
https://funeral.com/blogs/the-journal/how-to-compare-direct-cremation-providers-in-new-jersey-2026-gpl-price-list-fees-red-flags,2026-02-07T00:37:35-06:00,https://funeral.com/sitemap_blogs_1.xml
https://funeral.com/blogs/the-journal/how-to-compare-direct-cremation-providers-in-new-hampshire-2026-gpl-price-list-fees-red-flags,2026-04-15T19:45:18-05:00,https://funeral.com/sitemap_blogs_1.xml
https://funeral.com/blogs/the-journal/how-to-compare-direct-cremation-providers-in-nevada-2026-gpl-price-list-fees-red-flags,2026-02-06T22:56:41-06:00,https://funeral.com/sitemap_blogs_1.xml
https://funeral.com/blogs/the-journal/how-to-compare-direct-cremation-providers-in-montana-2026-gpl-price-list-fees-red-flags,2026-02-05T06:40:22-06:00,https://funeral.com/sitemap_blogs_1.xml
https://funeral.com/blogs/the-journal/how-to-compare-direct-cremation-providers-in-nebraska-2026-gpl-price-list-fees-red-flags,2026-02-02T00:42:20-06:00,https://funeral.com/sitemap_blogs_1.xml
https://funeral.com/blogs/the-journal/how-to-compare-direct-cremation-providers-in-minnesota-2026-gpl-price-list-fees-red-flags,2026-02-02T19:42:31-06:00,https://funeral.com/sitemap_blogs_1.xml
https://funeral.com/blogs/the-journal/memento-mori-symbols-in-art-skulls-hourglasses-and-the-reminder-to-live,2026-01-29T15:41:36-06:00,https://funeral.com/sitemap_blogs_1.xml
https://funeral.com/blogs/the-journal/how-to-choose-a-funeral-home-in-massachusetts-2026-gpl-price-list-licensing-questions-red-flags,2026-02-08T00:15:25-06:00,https://funeral.com/sitemap_blogs_1.xml
https://funeral.com/blogs/the-journal/how-to-choose-a-funeral-home-in-maine-2026-gpl-price-list-licensing-questions-red-flags,2026-02-08T01:46:41-06:00,https://funeral.com/sitemap_blogs_1.xml
https://funeral.com/blogs/the-journal/how-to-choose-a-funeral-home-in-louisiana-2026-gpl-price-list-licensing-questions-red-flags,2026-02-02T01:42:19-06:00,https://funeral.com/sitemap_blogs_1.xml
https://funeral.com/blogs/the-journal/how-to-choose-a-funeral-home-in-kentucky-2026-gpl-price-list-licensing-questions-red-flags,2026-04-21T21:31:39-05:00,https://funeral.com/sitemap_blogs_1.xml
https://funeral.com/blogs/the-journal/how-to-choose-a-funeral-home-in-iowa-2026-gpl-price-list-licensing-questions-red-flags,2026-02-07T18:11:34-06:00,https://funeral.com/sitemap_blogs_1.xml
https://funeral.com/blogs/the-journal/how-to-choose-a-funeral-home-in-illinois-2026-gpl-price-list-licensing-questions-red-flags,2026-02-08T05:03:06-06:00,https://funeral.com/sitemap_blogs_1.xml
https://funeral.com/blogs/the-journal/funeral-biscuits-in-the-1800s-what-they-were-why-they-were-served-and-how-to-make-them-today,2026-01-29T15:42:23-06:00,https://funeral.com/sitemap_blogs_1.xml
https://funeral.com/blogs/the-journal/halva-in-mourning-traditions-a-middle-eastern-comfort-sweet-and-when-it-s-served,2026-03-19T19:17:27-05:00,https://funeral.com/sitemap_blogs_1.xml
https://funeral.com/blogs/the-journal/wake-cake-in-irish-tradition-food-hospitality-and-what-was-served-at-a-wake,2026-05-27T21:58:55-05:00,https://funeral.com/sitemap_blogs_1.xml
https://funeral.com/blogs/the-journal/steampunk-funerals-victorian-industrial-aesthetic-ideas-for-a-personalized-memorial,2026-01-29T15:42:28-06:00,https://funeral.com/sitemap_blogs_1.xml
https://funeral.com/blogs/the-journal/funeral-potatoes-the-mormon-comfort-food-tradition-and-why-it-shows-up-at-so-many-meals,2026-01-29T15:42:30-06:00,https://funeral.com/sitemap_blogs_1.xml
https://funeral.com/blogs/the-journal/gothic-funerals-modern-dark-aesthetic-memorial-ideas-that-still-feel-warm-and-respectful,2026-01-29T15:42:33-06:00,https://funeral.com/sitemap_blogs_1.xml
